=== File Integrity Check Started ===
Timestamp: 2025-11-23T09:30:46.461Z
Check Path: P:\\Photo\\Из Сети
Check CRC32: true
Check Existence: true
Total Files in Database: 6918
==========================================

OK: P:\Photo\Из Сети
OK: P:\Photo\Из Сети\1535986409_37057925_1617338215056267_1810894564320346112_n.jpg
✅ CRC OK: P:\Photo\Из Сети\1535986409_37057925_1617338215056267_1810894564320346112_n.jpg (045dabfc)
OK: P:\Photo\Из Сети\5Q9EvC6lNwE.jpg
✅ CRC OK: P:\Photo\Из Сети\5Q9EvC6lNwE.jpg (e2946748)
OK: P:\Photo\Из Сети\EsP4bCIhjNU.jpg
✅ CRC OK: P:\Photo\Из Сети\EsP4bCIhjNU.jpg (a393a4f4)
OK: P:\Photo\Из Сети\IKI8g1abURI.jpg
✅ CRC OK: P:\Photo\Из Сети\IKI8g1abURI.jpg (13380665)
OK: P:\Photo\Из Сети\Topaz
OK: P:\Photo\Из Сети\Topaz\sdddsdsd-gigapixel-art-scale-4_00x.jpg
✅ CRC OK: P:\Photo\Из Сети\Topaz\sdddsdsd-gigapixel-art-scale-4_00x.jpg (924a445f)
OK: P:\Photo\Из Сети\Topaz\x_0835ad80-gigapixel-art-scale-4_00x.jpg
✅ CRC OK: P:\Photo\Из Сети\Topaz\x_0835ad80-gigapixel-art-scale-4_00x.jpg (bfea2a78)
OK: P:\Photo\Из Сети\Topaz\x_14bc2685-gigapixel-art-scale-4_00x.jpg
✅ CRC OK: P:\Photo\Из Сети\Topaz\x_14bc2685-gigapixel-art-scale-4_00x.jpg (ec143bb7)
OK: P:\Photo\Из Сети\Topaz\x_182dbece-gigapixel-art-scale-4_00x.jpg
✅ CRC OK: P:\Photo\Из Сети\Topaz\x_182dbece-gigapixel-art-scale-4_00x.jpg (a5d6f04b)
OK: P:\Photo\Из Сети\Topaz\x_1cdb7076-gigapixel-art-scale-4_00x.jpg
✅ CRC OK: P:\Photo\Из Сети\Topaz\x_1cdb7076-gigapixel-art-scale-4_00x.jpg (b81de85f)
OK: P:\Photo\Из Сети\Topaz\x_1f313bcb-gigapixel-art-scale-4_00x.jpg
✅ CRC OK: P:\Photo\Из Сети\Topaz\x_1f313bcb-gigapixel-art-scale-4_00x.jpg (3468e375)
OK: P:\Photo\Из Сети\Topaz\x_2e53bb47-gigapixel-art-scale-4_00x.jpg
✅ CRC OK: P:\Photo\Из Сети\Topaz\x_2e53bb47-gigapixel-art-scale-4_00x.jpg (50daba73)
OK: P:\Photo\Из Сети\Topaz\x_36eed2c6-gigapixel-art-scale-4_00x.jpg
✅ CRC OK: P:\Photo\Из Сети\Topaz\x_36eed2c6-gigapixel-art-scale-4_00x.jpg (6b4b9fe3)
OK: P:\Photo\Из Сети\Topaz\x_39cb10c3-gigapixel-art-scale-4_00x.jpg
✅ CRC OK: P:\Photo\Из Сети\Topaz\x_39cb10c3-gigapixel-art-scale-4_00x.jpg (9f6cbbd8)
OK: P:\Photo\Из Сети\Topaz\x_3f3777ba-gigapixel-art-scale-4_00x.jpg
✅ CRC OK: P:\Photo\Из Сети\Topaz\x_3f3777ba-gigapixel-art-scale-4_00x.jpg (113e3a64)
OK: P:\Photo\Из Сети\Topaz\x_4a255fd0-gigapixel-art-scale-4_00x.jpg
✅ CRC OK: P:\Photo\Из Сети\Topaz\x_4a255fd0-gigapixel-art-scale-4_00x.jpg (b0e9cac8)
OK: P:\Photo\Из Сети\Topaz\x_4a255fd0.jpg
✅ CRC OK: P:\Photo\Из Сети\Topaz\x_4a255fd0.jpg (be5e688a)
OK: P:\Photo\Из Сети\Topaz\x_51f6bcd8-gigapixel-art-scale-4_00x.jpg
✅ CRC OK: P:\Photo\Из Сети\Topaz\x_51f6bcd8-gigapixel-art-scale-4_00x.jpg (f8f40227)
OK: P:\Photo\Из Сети\Topaz\x_577de222-gigapixel-art-scale-4_00x.jpg
✅ CRC OK: P:\Photo\Из Сети\Topaz\x_577de222-gigapixel-art-scale-4_00x.jpg (192a8357)
OK: P:\Photo\Из Сети\Topaz\x_6b25ff6c-gigapixel-art-scale-4_00x.jpg
✅ CRC OK: P:\Photo\Из Сети\Topaz\x_6b25ff6c-gigapixel-art-scale-4_00x.jpg (87fe1e42)
OK: P:\Photo\Из Сети\Topaz\x_6b9c3f9d-gigapixel-art-scale-4_00x.jpg
✅ CRC OK: P:\Photo\Из Сети\Topaz\x_6b9c3f9d-gigapixel-art-scale-4_00x.jpg (b6adb64a)
OK: P:\Photo\Из Сети\Topaz\x_793fc939-gigapixel-art-scale-4_00x.jpg
✅ CRC OK: P:\Photo\Из Сети\Topaz\x_793fc939-gigapixel-art-scale-4_00x.jpg (2fa09ae9)
OK: P:\Photo\Из Сети\Topaz\x_83d8f883-gigapixel-art-scale-4_00x.jpg
✅ CRC OK: P:\Photo\Из Сети\Topaz\x_83d8f883-gigapixel-art-scale-4_00x.jpg (c14e50a2)
OK: P:\Photo\Из Сети\Topaz\x_83d8f883.jpg
✅ CRC OK: P:\Photo\Из Сети\Topaz\x_83d8f883.jpg (603f1acf)
OK: P:\Photo\Из Сети\Topaz\x_8f0c2477-gigapixel-art-scale-4_00x.jpg
✅ CRC OK: P:\Photo\Из Сети\Topaz\x_8f0c2477-gigapixel-art-scale-4_00x.jpg (04d8b070)
OK: P:\Photo\Из Сети\Topaz\x_9575b9f1-gigapixel-art-scale-4_00x.jpg
✅ CRC OK: P:\Photo\Из Сети\Topaz\x_9575b9f1-gigapixel-art-scale-4_00x.jpg (9f58a56b)
OK: P:\Photo\Из Сети\Topaz\x_9d879a78-gigapixel-art-scale-4_00x.jpg
✅ CRC OK: P:\Photo\Из Сети\Topaz\x_9d879a78-gigapixel-art-scale-4_00x.jpg (78327909)
OK: P:\Photo\Из Сети\Topaz\x_aac2652e-gigapixel-art-scale-4_00x.jpg
✅ CRC OK: P:\Photo\Из Сети\Topaz\x_aac2652e-gigapixel-art-scale-4_00x.jpg (1266ceac)
OK: P:\Photo\Из Сети\Topaz\x_b47bf5e6-gigapixel-art-scale-4_00x.jpg
✅ CRC OK: P:\Photo\Из Сети\Topaz\x_b47bf5e6-gigapixel-art-scale-4_00x.jpg (6ea98cf9)
OK: P:\Photo\Из Сети\Topaz\x_b7771590-gigapixel-art-scale-4_00x.jpg
✅ CRC OK: P:\Photo\Из Сети\Topaz\x_b7771590-gigapixel-art-scale-4_00x.jpg (08030bc4)
OK: P:\Photo\Из Сети\Topaz\x_bf2b254e-gigapixel-art-scale-4_00x.jpg
✅ CRC OK: P:\Photo\Из Сети\Topaz\x_bf2b254e-gigapixel-art-scale-4_00x.jpg (78b01f67)
OK: P:\Photo\Из Сети\Topaz\x_bf7b4083-gigapixel-art-scale-4_00x.jpg
✅ CRC OK: P:\Photo\Из Сети\Topaz\x_bf7b4083-gigapixel-art-scale-4_00x.jpg (4dc8fe26)
OK: P:\Photo\Из Сети\Topaz\x_c3386bd5-gigapixel-art-scale-4_00x.jpg
✅ CRC OK: P:\Photo\Из Сети\Topaz\x_c3386bd5-gigapixel-art-scale-4_00x.jpg (d2abe6b2)
OK: P:\Photo\Из Сети\Topaz\x_c5ea59f8-gigapixel-art-scale-4_00x.jpg
✅ CRC OK: P:\Photo\Из Сети\Topaz\x_c5ea59f8-gigapixel-art-scale-4_00x.jpg (15e6c607)
OK: P:\Photo\Из Сети\Topaz\x_d3ead2ce-gigapixel-art-scale-4_00x.jpg
✅ CRC OK: P:\Photo\Из Сети\Topaz\x_d3ead2ce-gigapixel-art-scale-4_00x.jpg (5efde289)
OK: P:\Photo\Из Сети\Topaz\x_d66d2b01-gigapixel-art-scale-4_00x.jpg
✅ CRC OK: P:\Photo\Из Сети\Topaz\x_d66d2b01-gigapixel-art-scale-4_00x.jpg (13035404)
OK: P:\Photo\Из Сети\Topaz\x_f4351aac-gigapixel-art-scale-4_00x.jpg
✅ CRC OK: P:\Photo\Из Сети\Topaz\x_f4351aac-gigapixel-art-scale-4_00x.jpg (53c9422a)
OK: P:\Photo\Из Сети\Topaz\x_f8081131-gigapixel-art-scale-4_00x.jpg
✅ CRC OK: P:\Photo\Из Сети\Topaz\x_f8081131-gigapixel-art-scale-4_00x.jpg (e70dfabb)
OK: P:\Photo\Из Сети\Topaz\y_1219c1cd-gigapixel-art-scale-4_00x.jpg
✅ CRC OK: P:\Photo\Из Сети\Topaz\y_1219c1cd-gigapixel-art-scale-4_00x.jpg (284f6b8c)
OK: P:\Photo\Из Сети\Topaz\y_3451edbe-gigapixel-art-scale-4_00x.jpg
✅ CRC OK: P:\Photo\Из Сети\Topaz\y_3451edbe-gigapixel-art-scale-4_00x.jpg (0c06b436)
OK: P:\Photo\Из Сети\Topaz\y_3fd125f0-gigapixel-art-scale-4_00x.jpg
✅ CRC OK: P:\Photo\Из Сети\Topaz\y_3fd125f0-gigapixel-art-scale-4_00x.jpg (cf1992b6)
OK: P:\Photo\Из Сети\Topaz\y_5f328b55-gigapixel-art-scale-4_00x.jpg
✅ CRC OK: P:\Photo\Из Сети\Topaz\y_5f328b55-gigapixel-art-scale-4_00x.jpg (78841466)
OK: P:\Photo\Из Сети\Topaz\y_990d4db6-gigapixel-art-scale-4_00x.jpg
✅ CRC OK: P:\Photo\Из Сети\Topaz\y_990d4db6-gigapixel-art-scale-4_00x.jpg (7b84698e)
OK: P:\Photo\Из Сети\Topaz\z_d5dbcb11-gigapixel-art-scale-4_00x.jpg
✅ CRC OK: P:\Photo\Из Сети\Topaz\z_d5dbcb11-gigapixel-art-scale-4_00x.jpg (39fa2e27)
OK: P:\Photo\Из Сети\Topaz\Бушменева
OK: P:\Photo\Из Сети\Topaz\Бушменева\--SkgsdSBXg-gigapixel-art-scale-4_00x.jpg
✅ CRC OK: P:\Photo\Из Сети\Topaz\Бушменева\--SkgsdSBXg-gigapixel-art-scale-4_00x.jpg (248b6bc8)
OK: P:\Photo\Из Сети\Topaz\Бушменева\-qQc2JfE_VE-gigapixel-art-scale-4_00x.jpg
✅ CRC OK: P:\Photo\Из Сети\Topaz\Бушменева\-qQc2JfE_VE-gigapixel-art-scale-4_00x.jpg (3c3b1d02)
OK: P:\Photo\Из Сети\Topaz\Бушменева\01facec9-gigapixel-art-scale-4_00x.jpg
✅ CRC OK: P:\Photo\Из Сети\Topaz\Бушменева\01facec9-gigapixel-art-scale-4_00x.jpg (d5f82461)
OK: P:\Photo\Из Сети\Topaz\Бушменева\0648422a-gigapixel-art-scale-4_00x.jpg
✅ CRC OK: P:\Photo\Из Сети\Topaz\Бушменева\0648422a-gigapixel-art-scale-4_00x.jpg (bcd258b8)
OK: P:\Photo\Из Сети\Topaz\Бушменева\0670f9d0-gigapixel-art-scale-4_00x.jpg
✅ CRC OK: P:\Photo\Из Сети\Topaz\Бушменева\0670f9d0-gigapixel-art-scale-4_00x.jpg (1b60bdea)
OK: P:\Photo\Из Сети\Topaz\Бушменева\0743f0b4-gigapixel-art-scale-4_00x.jpg
✅ CRC OK: P:\Photo\Из Сети\Topaz\Бушменева\0743f0b4-gigapixel-art-scale-4_00x.jpg (6559d35a)
OK: P:\Photo\Из Сети\Topaz\Бушменева\09ccaa7a-gigapixel-art-scale-4_00x.jpg
✅ CRC OK: P:\Photo\Из Сети\Topaz\Бушменева\09ccaa7a-gigapixel-art-scale-4_00x.jpg (032ee084)
OK: P:\Photo\Из Сети\Topaz\Бушменева\09de6f27-gigapixel-art-scale-4_00x.jpg
✅ CRC OK: P:\Photo\Из Сети\Topaz\Бушменева\09de6f27-gigapixel-art-scale-4_00x.jpg (86aa9ef9)
OK: P:\Photo\Из Сети\Topaz\Бушменева\0cd1d44d-gigapixel-art-scale-4_00x.jpg
✅ CRC OK: P:\Photo\Из Сети\Topaz\Бушменева\0cd1d44d-gigapixel-art-scale-4_00x.jpg (0d68ba32)
OK: P:\Photo\Из Сети\Topaz\Бушменева\1226139d-gigapixel-art-scale-4_00x.jpg
✅ CRC OK: P:\Photo\Из Сети\Topaz\Бушменева\1226139d-gigapixel-art-scale-4_00x.jpg (a304c7ea)
OK: P:\Photo\Из Сети\Topaz\Бушменева\13ee257c-gigapixel-art-scale-4_00x.jpg
✅ CRC OK: P:\Photo\Из Сети\Topaz\Бушменева\13ee257c-gigapixel-art-scale-4_00x.jpg (d4ee4c03)
OK: P:\Photo\Из Сети\Topaz\Бушменева\1592c9a5-gigapixel-art-scale-4_00x.jpg
✅ CRC OK: P:\Photo\Из Сети\Topaz\Бушменева\1592c9a5-gigapixel-art-scale-4_00x.jpg (d6fc71d6)
OK: P:\Photo\Из Сети\Topaz\Бушменева\177d7314-gigapixel-art-scale-4_00x.jpg
✅ CRC OK: P:\Photo\Из Сети\Topaz\Бушменева\177d7314-gigapixel-art-scale-4_00x.jpg (26159b24)
OK: P:\Photo\Из Сети\Topaz\Бушменева\1b6fb316-gigapixel-art-scale-4_00x.jpg
✅ CRC OK: P:\Photo\Из Сети\Topaz\Бушменева\1b6fb316-gigapixel-art-scale-4_00x.jpg (c1336ebc)
OK: P:\Photo\Из Сети\Topaz\Бушменева\1d106124-gigapixel-art-scale-4_00x.jpg
✅ CRC OK: P:\Photo\Из Сети\Topaz\Бушменева\1d106124-gigapixel-art-scale-4_00x.jpg (930c4fe9)
OK: P:\Photo\Из Сети\Topaz\Бушменева\1f680cfa-gigapixel-art-scale-4_00x.jpg
✅ CRC OK: P:\Photo\Из Сети\Topaz\Бушменева\1f680cfa-gigapixel-art-scale-4_00x.jpg (50334496)
OK: P:\Photo\Из Сети\Topaz\Бушменева\2452fb10-gigapixel-art-scale-4_00x.jpg
✅ CRC OK: P:\Photo\Из Сети\Topaz\Бушменева\2452fb10-gigapixel-art-scale-4_00x.jpg (f3ab3e0c)
OK: P:\Photo\Из Сети\Topaz\Бушменева\287b0688-gigapixel-art-scale-4_00x.jpg
✅ CRC OK: P:\Photo\Из Сети\Topaz\Бушменева\287b0688-gigapixel-art-scale-4_00x.jpg (1072110a)
OK: P:\Photo\Из Сети\Topaz\Бушменева\298fecc9-gigapixel-art-scale-4_00x.jpg
✅ CRC OK: P:\Photo\Из Сети\Topaz\Бушменева\298fecc9-gigapixel-art-scale-4_00x.jpg (49dccb6b)
OK: P:\Photo\Из Сети\Topaz\Бушменева\29dd7b16-gigapixel-art-scale-4_00x.jpg
✅ CRC OK: P:\Photo\Из Сети\Topaz\Бушменева\29dd7b16-gigapixel-art-scale-4_00x.jpg (19656ae5)
OK: P:\Photo\Из Сети\Topaz\Бушменева\313e4b1e-gigapixel-art-scale-4_00x.jpg
✅ CRC OK: P:\Photo\Из Сети\Topaz\Бушменева\313e4b1e-gigapixel-art-scale-4_00x.jpg (3aa5f99d)
OK: P:\Photo\Из Сети\Topaz\Бушменева\3da92670-gigapixel-art-scale-4_00x.jpg
✅ CRC OK: P:\Photo\Из Сети\Topaz\Бушменева\3da92670-gigapixel-art-scale-4_00x.jpg (11e7658c)
OK: P:\Photo\Из Сети\Topaz\Бушменева\3f12636f-gigapixel-art-scale-4_00x.jpg
✅ CRC OK: P:\Photo\Из Сети\Topaz\Бушменева\3f12636f-gigapixel-art-scale-4_00x.jpg (bcf845ad)
OK: P:\Photo\Из Сети\Topaz\Бушменева\3ff43602-gigapixel-art-scale-4_00x.jpg
✅ CRC OK: P:\Photo\Из Сети\Topaz\Бушменева\3ff43602-gigapixel-art-scale-4_00x.jpg (ed54c1b6)
OK: P:\Photo\Из Сети\Topaz\Бушменева\46f7b4e1-gigapixel-art-scale-4_00x.jpg
✅ CRC OK: P:\Photo\Из Сети\Topaz\Бушменева\46f7b4e1-gigapixel-art-scale-4_00x.jpg (0a992168)
OK: P:\Photo\Из Сети\Topaz\Бушменева\484f766f-gigapixel-art-scale-4_00x.jpg
✅ CRC OK: P:\Photo\Из Сети\Topaz\Бушменева\484f766f-gigapixel-art-scale-4_00x.jpg (4ddfd9a3)
OK: P:\Photo\Из Сети\Topaz\Бушменева\5092468d-gigapixel-art-scale-4_00x.jpg
✅ CRC OK: P:\Photo\Из Сети\Topaz\Бушменева\5092468d-gigapixel-art-scale-4_00x.jpg (c8af2bb8)
OK: P:\Photo\Из Сети\Topaz\Бушменева\5165133e-gigapixel-art-scale-4_00x.jpg
✅ CRC OK: P:\Photo\Из Сети\Topaz\Бушменева\5165133e-gigapixel-art-scale-4_00x.jpg (8ece86ae)
OK: P:\Photo\Из Сети\Topaz\Бушменева\5479012e-gigapixel-art-scale-4_00x.jpg
✅ CRC OK: P:\Photo\Из Сети\Topaz\Бушменева\5479012e-gigapixel-art-scale-4_00x.jpg (8b933181)
OK: P:\Photo\Из Сети\Topaz\Бушменева\572af29a-gigapixel-art-scale-4_00x.jpg
✅ CRC OK: P:\Photo\Из Сети\Topaz\Бушменева\572af29a-gigapixel-art-scale-4_00x.jpg (b578da3a)
OK: P:\Photo\Из Сети\Topaz\Бушменева\5a746431-gigapixel-art-scale-4_00x.jpg
✅ CRC OK: P:\Photo\Из Сети\Topaz\Бушменева\5a746431-gigapixel-art-scale-4_00x.jpg (3849a85e)
OK: P:\Photo\Из Сети\Topaz\Бушменева\5ea0c3bc-gigapixel-art-scale-4_00x.jpg
✅ CRC OK: P:\Photo\Из Сети\Topaz\Бушменева\5ea0c3bc-gigapixel-art-scale-4_00x.jpg (db0b01de)
OK: P:\Photo\Из Сети\Topaz\Бушменева\5fb9a1c8-gigapixel-art-scale-4_00x.jpg
✅ CRC OK: P:\Photo\Из Сети\Topaz\Бушменева\5fb9a1c8-gigapixel-art-scale-4_00x.jpg (9b3ec833)
OK: P:\Photo\Из Сети\Topaz\Бушменева\6435575e-gigapixel-art-scale-4_00x.jpg
✅ CRC OK: P:\Photo\Из Сети\Topaz\Бушменева\6435575e-gigapixel-art-scale-4_00x.jpg (745e50f5)
OK: P:\Photo\Из Сети\Topaz\Бушменева\67d4f60a-gigapixel-art-scale-4_00x.jpg
✅ CRC OK: P:\Photo\Из Сети\Topaz\Бушменева\67d4f60a-gigapixel-art-scale-4_00x.jpg (55e97261)
OK: P:\Photo\Из Сети\Topaz\Бушменева\6974f7c1-gigapixel-art-scale-4_00x.jpg
✅ CRC OK: P:\Photo\Из Сети\Topaz\Бушменева\6974f7c1-gigapixel-art-scale-4_00x.jpg (fb934849)
OK: P:\Photo\Из Сети\Topaz\Бушменева\6ab901a2-gigapixel-art-scale-4_00x.jpg
✅ CRC OK: P:\Photo\Из Сети\Topaz\Бушменева\6ab901a2-gigapixel-art-scale-4_00x.jpg (c9eb77fc)
OK: P:\Photo\Из Сети\Topaz\Бушменева\6c4c3e06-gigapixel-art-scale-4_00x.jpg
✅ CRC OK: P:\Photo\Из Сети\Topaz\Бушменева\6c4c3e06-gigapixel-art-scale-4_00x.jpg (9dbd7df4)
OK: P:\Photo\Из Сети\Topaz\Бушменева\6dcb8701-gigapixel-art-scale-4_00x.jpg
✅ CRC OK: P:\Photo\Из Сети\Topaz\Бушменева\6dcb8701-gigapixel-art-scale-4_00x.jpg (5418ca6e)
OK: P:\Photo\Из Сети\Topaz\Бушменева\6e3fa968-gigapixel-art-scale-4_00x.jpg
✅ CRC OK: P:\Photo\Из Сети\Topaz\Бушменева\6e3fa968-gigapixel-art-scale-4_00x.jpg (fb8dbeaa)
OK: P:\Photo\Из Сети\Topaz\Бушменева\6f3b53a3-gigapixel-art-scale-4_00x.jpg
✅ CRC OK: P:\Photo\Из Сети\Topaz\Бушменева\6f3b53a3-gigapixel-art-scale-4_00x.jpg (7ac96f4a)
OK: P:\Photo\Из Сети\Topaz\Бушменева\71438682-gigapixel-art-scale-4_00x.jpg
✅ CRC OK: P:\Photo\Из Сети\Topaz\Бушменева\71438682-gigapixel-art-scale-4_00x.jpg (46e798ee)
OK: P:\Photo\Из Сети\Topaz\Бушменева\72b83176-gigapixel-art-scale-4_00x.jpg
✅ CRC OK: P:\Photo\Из Сети\Topaz\Бушменева\72b83176-gigapixel-art-scale-4_00x.jpg (d7e2f2d8)
OK: P:\Photo\Из Сети\Topaz\Бушменева\77d2c633-gigapixel-art-scale-4_00x.jpg
✅ CRC OK: P:\Photo\Из Сети\Topaz\Бушменева\77d2c633-gigapixel-art-scale-4_00x.jpg (5d952211)
OK: P:\Photo\Из Сети\Topaz\Бушменева\792473cb-gigapixel-art-scale-4_00x.jpg
✅ CRC OK: P:\Photo\Из Сети\Topaz\Бушменева\792473cb-gigapixel-art-scale-4_00x.jpg (7d067e32)
OK: P:\Photo\Из Сети\Topaz\Бушменева\7ySBwcQGUkY-gigapixel-art-scale-4_00x.jpg
✅ CRC OK: P:\Photo\Из Сети\Topaz\Бушменева\7ySBwcQGUkY-gigapixel-art-scale-4_00x.jpg (6f8e9290)
OK: P:\Photo\Из Сети\Topaz\Бушменева\83725f53-gigapixel-art-scale-4_00x.jpg
✅ CRC OK: P:\Photo\Из Сети\Topaz\Бушменева\83725f53-gigapixel-art-scale-4_00x.jpg (d16c5a5f)
OK: P:\Photo\Из Сети\Topaz\Бушменева\86397eaf-gigapixel-art-scale-4_00x.jpg
✅ CRC OK: P:\Photo\Из Сети\Topaz\Бушменева\86397eaf-gigapixel-art-scale-4_00x.jpg (7c048521)
OK: P:\Photo\Из Сети\Topaz\Бушменева\87472b9c-gigapixel-art-scale-4_00x.jpg
✅ CRC OK: P:\Photo\Из Сети\Topaz\Бушменева\87472b9c-gigapixel-art-scale-4_00x.jpg (67212f81)
OK: P:\Photo\Из Сети\Topaz\Бушменева\87472b9c-standard-scale-4_00x-gigapixel-gigapixel-art-scale-4_00x.jpg
✅ CRC OK: P:\Photo\Из Сети\Topaz\Бушменева\87472b9c-standard-scale-4_00x-gigapixel-gigapixel-art-scale-4_00x.jpg (527c4bb6)
OK: P:\Photo\Из Сети\Topaz\Бушменева\87a72a75-gigapixel-art-scale-4_00x.jpg
✅ CRC OK: P:\Photo\Из Сети\Topaz\Бушменева\87a72a75-gigapixel-art-scale-4_00x.jpg (86def774)
OK: P:\Photo\Из Сети\Topaz\Бушменева\8e5c5c6a-gigapixel-art-scale-4_00x.jpg
✅ CRC OK: P:\Photo\Из Сети\Topaz\Бушменева\8e5c5c6a-gigapixel-art-scale-4_00x.jpg (0b649ae6)
OK: P:\Photo\Из Сети\Topaz\Бушменева\8e7de01c-gigapixel-art-scale-4_00x.jpg
✅ CRC OK: P:\Photo\Из Сети\Topaz\Бушменева\8e7de01c-gigapixel-art-scale-4_00x.jpg (98ea2bd9)
OK: P:\Photo\Из Сети\Topaz\Бушменева\8f343bc4-gigapixel-art-scale-4_00x.jpg
✅ CRC OK: P:\Photo\Из Сети\Topaz\Бушменева\8f343bc4-gigapixel-art-scale-4_00x.jpg (4af56b94)
OK: P:\Photo\Из Сети\Topaz\Бушменева\8iGPUgH1Kkc-gigapixel-art-scale-4_00x.jpg
✅ CRC OK: P:\Photo\Из Сети\Topaz\Бушменева\8iGPUgH1Kkc-gigapixel-art-scale-4_00x.jpg (6329fa72)
OK: P:\Photo\Из Сети\Topaz\Бушменева\9442c728-gigapixel-art-scale-4_00x.jpg
✅ CRC OK: P:\Photo\Из Сети\Topaz\Бушменева\9442c728-gigapixel-art-scale-4_00x.jpg (cf7bc5e4)
OK: P:\Photo\Из Сети\Topaz\Бушменева\945eeb4c-gigapixel-art-scale-4_00x.jpg
✅ CRC OK: P:\Photo\Из Сети\Topaz\Бушменева\945eeb4c-gigapixel-art-scale-4_00x.jpg (623af0c8)
OK: P:\Photo\Из Сети\Topaz\Бушменева\976bd20d-gigapixel-art-scale-4_00x.jpg
✅ CRC OK: P:\Photo\Из Сети\Topaz\Бушменева\976bd20d-gigapixel-art-scale-4_00x.jpg (4ade9f47)
OK: P:\Photo\Из Сети\Topaz\Бушменева\998c86d7-gigapixel-art-scale-4_00x.jpg
✅ CRC OK: P:\Photo\Из Сети\Topaz\Бушменева\998c86d7-gigapixel-art-scale-4_00x.jpg (e542a59c)
OK: P:\Photo\Из Сети\Topaz\Бушменева\9ffc7d01-gigapixel-art-scale-4_00x.jpg
✅ CRC OK: P:\Photo\Из Сети\Topaz\Бушменева\9ffc7d01-gigapixel-art-scale-4_00x.jpg (b5b235d5)
OK: P:\Photo\Из Сети\Topaz\Бушменева\DDEd9NLjw6g-gigapixel-art-scale-4_00x.jpg
✅ CRC OK: P:\Photo\Из Сети\Topaz\Бушменева\DDEd9NLjw6g-gigapixel-art-scale-4_00x.jpg (5d0d3696)
OK: P:\Photo\Из Сети\Topaz\Бушменева\Du-en19LjXY-gigapixel-art-scale-4_00x.jpg
✅ CRC OK: P:\Photo\Из Сети\Topaz\Бушменева\Du-en19LjXY-gigapixel-art-scale-4_00x.jpg (d8d456cb)
OK: P:\Photo\Из Сети\Topaz\Бушменева\FEMhDAuCp0M-gigapixel-art-scale-4_00x.jpg
✅ CRC OK: P:\Photo\Из Сети\Topaz\Бушменева\FEMhDAuCp0M-gigapixel-art-scale-4_00x.jpg (4c267cdf)
OK: P:\Photo\Из Сети\Topaz\Бушменева\Ma28cGQqjc4-gigapixel-art-scale-4_00x.jpg
✅ CRC OK: P:\Photo\Из Сети\Topaz\Бушменева\Ma28cGQqjc4-gigapixel-art-scale-4_00x.jpg (cd9ea141)
OK: P:\Photo\Из Сети\Topaz\Бушменева\YZhPlPars-Y-gigapixel-art-scale-4_00x.jpg
✅ CRC OK: P:\Photo\Из Сети\Topaz\Бушменева\YZhPlPars-Y-gigapixel-art-scale-4_00x.jpg (b82549d6)
OK: P:\Photo\Из Сети\Topaz\Бушменева\ZxgjyPcT5TA-gigapixel-art-scale-4_00x.jpg
✅ CRC OK: P:\Photo\Из Сети\Topaz\Бушменева\ZxgjyPcT5TA-gigapixel-art-scale-4_00x.jpg (8d1bfef0)
OK: P:\Photo\Из Сети\Topaz\Бушменева\a0ed3d8e-gigapixel-art-scale-4_00x.jpg
✅ CRC OK: P:\Photo\Из Сети\Topaz\Бушменева\a0ed3d8e-gigapixel-art-scale-4_00x.jpg (6b192907)
OK: P:\Photo\Из Сети\Topaz\Бушменева\a10c02fb-gigapixel-art-scale-4_00x.jpg
✅ CRC OK: P:\Photo\Из Сети\Topaz\Бушменева\a10c02fb-gigapixel-art-scale-4_00x.jpg (0970a4aa)
OK: P:\Photo\Из Сети\Topaz\Бушменева\a2fba417-gigapixel-art-scale-4_00x.jpg
✅ CRC OK: P:\Photo\Из Сети\Topaz\Бушменева\a2fba417-gigapixel-art-scale-4_00x.jpg (dfd4ee2d)
OK: P:\Photo\Из Сети\Topaz\Бушменева\a532e69d-gigapixel-art-scale-4_00x.jpg
✅ CRC OK: P:\Photo\Из Сети\Topaz\Бушменева\a532e69d-gigapixel-art-scale-4_00x.jpg (f378b83e)
OK: P:\Photo\Из Сети\Topaz\Бушменева\ae331420-gigapixel-art-scale-4_00x.jpg
✅ CRC OK: P:\Photo\Из Сети\Topaz\Бушменева\ae331420-gigapixel-art-scale-4_00x.jpg (48238a79)
OK: P:\Photo\Из Сети\Topaz\Бушменева\af7c33b2-gigapixel-art-scale-4_00x.jpg
✅ CRC OK: P:\Photo\Из Сети\Topaz\Бушменева\af7c33b2-gigapixel-art-scale-4_00x.jpg (eaf07e86)
OK: P:\Photo\Из Сети\Topaz\Бушменева\b537d80a-gigapixel-art-scale-4_00x.jpg
✅ CRC OK: P:\Photo\Из Сети\Topaz\Бушменева\b537d80a-gigapixel-art-scale-4_00x.jpg (5f270105)
OK: P:\Photo\Из Сети\Topaz\Бушменева\b617f378-gigapixel-art-scale-4_00x.jpg
✅ CRC OK: P:\Photo\Из Сети\Topaz\Бушменева\b617f378-gigapixel-art-scale-4_00x.jpg (5b972226)
OK: P:\Photo\Из Сети\Topaz\Бушменева\b6663111-gigapixel-art-scale-4_00x.jpg
✅ CRC OK: P:\Photo\Из Сети\Topaz\Бушменева\b6663111-gigapixel-art-scale-4_00x.jpg (41e80dbe)
OK: P:\Photo\Из Сети\Topaz\Бушменева\bb010033-gigapixel-art-scale-4_00x.jpg
✅ CRC OK: P:\Photo\Из Сети\Topaz\Бушменева\bb010033-gigapixel-art-scale-4_00x.jpg (908ef4d3)
OK: P:\Photo\Из Сети\Topaz\Бушменева\bdcfa6fb-gigapixel-art-scale-4_00x.jpg
✅ CRC OK: P:\Photo\Из Сети\Topaz\Бушменева\bdcfa6fb-gigapixel-art-scale-4_00x.jpg (c848034c)
OK: P:\Photo\Из Сети\Topaz\Бушменева\c13a3c5f-gigapixel-art-scale-4_00x.jpg
✅ CRC OK: P:\Photo\Из Сети\Topaz\Бушменева\c13a3c5f-gigapixel-art-scale-4_00x.jpg (3bd6a94b)
OK: P:\Photo\Из Сети\Topaz\Бушменева\c20500b8-gigapixel-art-scale-4_00x.jpg
✅ CRC OK: P:\Photo\Из Сети\Topaz\Бушменева\c20500b8-gigapixel-art-scale-4_00x.jpg (f42312ea)
OK: P:\Photo\Из Сети\Topaz\Бушменева\c5e3f540-gigapixel-art-scale-4_00x.jpg
✅ CRC OK: P:\Photo\Из Сети\Topaz\Бушменева\c5e3f540-gigapixel-art-scale-4_00x.jpg (c8941580)
OK: P:\Photo\Из Сети\Topaz\Бушменева\c8a530bd-gigapixel-art-scale-4_00x.jpg
✅ CRC OK: P:\Photo\Из Сети\Topaz\Бушменева\c8a530bd-gigapixel-art-scale-4_00x.jpg (76eaf6a3)
OK: P:\Photo\Из Сети\Topaz\Бушменева\cd180f84-gigapixel-art-scale-4_00x.jpg
✅ CRC OK: P:\Photo\Из Сети\Topaz\Бушменева\cd180f84-gigapixel-art-scale-4_00x.jpg (7fcf1b01)
OK: P:\Photo\Из Сети\Topaz\Бушменева\cy5SzaOS564-gigapixel-art-scale-4_00x.jpg
✅ CRC OK: P:\Photo\Из Сети\Topaz\Бушменева\cy5SzaOS564-gigapixel-art-scale-4_00x.jpg (7da04129)
OK: P:\Photo\Из Сети\Topaz\Бушменева\d06f33ce-gigapixel-art-scale-4_00x.jpg
✅ CRC OK: P:\Photo\Из Сети\Topaz\Бушменева\d06f33ce-gigapixel-art-scale-4_00x.jpg (62da21f6)
OK: P:\Photo\Из Сети\Topaz\Бушменева\d0dd5d92-gigapixel-art-scale-4_00x.jpg
✅ CRC OK: P:\Photo\Из Сети\Topaz\Бушменева\d0dd5d92-gigapixel-art-scale-4_00x.jpg (eefc1266)
OK: P:\Photo\Из Сети\Topaz\Бушменева\d3ddf5da-gigapixel-art-scale-4_00x.jpg
✅ CRC OK: P:\Photo\Из Сети\Topaz\Бушменева\d3ddf5da-gigapixel-art-scale-4_00x.jpg (6aab7683)
OK: P:\Photo\Из Сети\Topaz\Бушменева\d4f19f42-gigapixel-art-scale-4_00x.jpg
✅ CRC OK: P:\Photo\Из Сети\Topaz\Бушменева\d4f19f42-gigapixel-art-scale-4_00x.jpg (d4d82835)
OK: P:\Photo\Из Сети\Topaz\Бушменева\d6b9bda5-gigapixel-art-scale-4_00x.jpg
✅ CRC OK: P:\Photo\Из Сети\Topaz\Бушменева\d6b9bda5-gigapixel-art-scale-4_00x.jpg (a66f402c)
OK: P:\Photo\Из Сети\Topaz\Бушменева\dTrSkeJEukc-gigapixel-art-scale-4_00x.jpg
✅ CRC OK: P:\Photo\Из Сети\Topaz\Бушменева\dTrSkeJEukc-gigapixel-art-scale-4_00x.jpg (42aec1b6)
OK: P:\Photo\Из Сети\Topaz\Бушменева\db8fda5a-gigapixel-art-scale-4_00x.jpg
✅ CRC OK: P:\Photo\Из Сети\Topaz\Бушменева\db8fda5a-gigapixel-art-scale-4_00x.jpg (f56a004a)
OK: P:\Photo\Из Сети\Topaz\Бушменева\de50dcbf-gigapixel-art-scale-4_00x.jpg
✅ CRC OK: P:\Photo\Из Сети\Topaz\Бушменева\de50dcbf-gigapixel-art-scale-4_00x.jpg (c657f2c3)
OK: P:\Photo\Из Сети\Topaz\Бушменева\dfe597b1-gigapixel-art-scale-4_00x.jpg
✅ CRC OK: P:\Photo\Из Сети\Topaz\Бушменева\dfe597b1-gigapixel-art-scale-4_00x.jpg (d7339803)
OK: P:\Photo\Из Сети\Topaz\Бушменева\e2e1df54-gigapixel-art-scale-4_00x.jpg
✅ CRC OK: P:\Photo\Из Сети\Topaz\Бушменева\e2e1df54-gigapixel-art-scale-4_00x.jpg (e48c6140)
OK: P:\Photo\Из Сети\Topaz\Бушменева\ec6cdab1-gigapixel-art-scale-4_00x.jpg
✅ CRC OK: P:\Photo\Из Сети\Topaz\Бушменева\ec6cdab1-gigapixel-art-scale-4_00x.jpg (0aab7c37)
OK: P:\Photo\Из Сети\Topaz\Бушменева\f13444bf-gigapixel-art-scale-4_00x.jpg
✅ CRC OK: P:\Photo\Из Сети\Topaz\Бушменева\f13444bf-gigapixel-art-scale-4_00x.jpg (aa848e3d)
OK: P:\Photo\Из Сети\Topaz\Бушменева\f37ecf1c-gigapixel-art-scale-4_00x.jpg
✅ CRC OK: P:\Photo\Из Сети\Topaz\Бушменева\f37ecf1c-gigapixel-art-scale-4_00x.jpg (e51a1033)
OK: P:\Photo\Из Сети\Topaz\Бушменева\f6e25d8e-gigapixel-art-scale-4_00x.jpg
✅ CRC OK: P:\Photo\Из Сети\Topaz\Бушменева\f6e25d8e-gigapixel-art-scale-4_00x.jpg (8cca59b3)
OK: P:\Photo\Из Сети\Topaz\Бушменева\f9fecaaf-gigapixel-art-scale-4_00x.jpg
✅ CRC OK: P:\Photo\Из Сети\Topaz\Бушменева\f9fecaaf-gigapixel-art-scale-4_00x.jpg (95ab523d)
OK: P:\Photo\Из Сети\Topaz\Бушменева\faa6b523-gigapixel-art-scale-4_00x.jpg
✅ CRC OK: P:\Photo\Из Сети\Topaz\Бушменева\faa6b523-gigapixel-art-scale-4_00x.jpg (542cd655)
OK: P:\Photo\Из Сети\Topaz\Бушменева\fb7986f5-gigapixel-art-scale-4_00x.jpg
✅ CRC OK: P:\Photo\Из Сети\Topaz\Бушменева\fb7986f5-gigapixel-art-scale-4_00x.jpg (24c5b4a5)
OK: P:\Photo\Из Сети\Topaz\Бушменева\fbd3aa92-gigapixel-art-scale-4_00x.jpg
✅ CRC OK: P:\Photo\Из Сети\Topaz\Бушменева\fbd3aa92-gigapixel-art-scale-4_00x.jpg (930059ef)
OK: P:\Photo\Из Сети\Topaz\Бушменева\fe6e26fa-gigapixel-art-scale-4_00x.jpg
✅ CRC OK: P:\Photo\Из Сети\Topaz\Бушменева\fe6e26fa-gigapixel-art-scale-4_00x.jpg (acbb824e)
OK: P:\Photo\Из Сети\Topaz\Бушменева\lpEqNkij6q4-gigapixel-art-scale-4_00x.jpg
✅ CRC OK: P:\Photo\Из Сети\Topaz\Бушменева\lpEqNkij6q4-gigapixel-art-scale-4_00x.jpg (e9c19ca7)
OK: P:\Photo\Из Сети\Topaz\Бушменева\nn_MTBwjkXI-gigapixel-art-scale-4_00x.jpg
✅ CRC OK: P:\Photo\Из Сети\Topaz\Бушменева\nn_MTBwjkXI-gigapixel-art-scale-4_00x.jpg (eacfd181)
OK: P:\Photo\Из Сети\Topaz\Бушменева\oQM4TjhFLyo-gigapixel-art-scale-4_00x.jpg
✅ CRC OK: P:\Photo\Из Сети\Topaz\Бушменева\oQM4TjhFLyo-gigapixel-art-scale-4_00x.jpg (d0f41880)
OK: P:\Photo\Из Сети\Topaz\Бушменева\t_fZ_rEjByQ-gigapixel-art-scale-4_00x.jpg
✅ CRC OK: P:\Photo\Из Сети\Topaz\Бушменева\t_fZ_rEjByQ-gigapixel-art-scale-4_00x.jpg (9e05c0d9)
OK: P:\Photo\Из Сети\Topaz\Бушменева\tl19DaoGPcA-gigapixel-art-scale-4_00x.jpg
✅ CRC OK: P:\Photo\Из Сети\Topaz\Бушменева\tl19DaoGPcA-gigapixel-art-scale-4_00x.jpg (2b98894a)
OK: P:\Photo\Из Сети\Topaz\Бушменева\wkaFJLYceFI-gigapixel-art-scale-4_00x.jpg
✅ CRC OK: P:\Photo\Из Сети\Topaz\Бушменева\wkaFJLYceFI-gigapixel-art-scale-4_00x.jpg (9de9e725)
OK: P:\Photo\Из Сети\Topaz\Бушменева\yeYB4EQSNtA-gigapixel-art-scale-4_00x.jpg
✅ CRC OK: P:\Photo\Из Сети\Topaz\Бушменева\yeYB4EQSNtA-gigapixel-art-scale-4_00x.jpg (29410a17)
OK: P:\Photo\Из Сети\Topaz\Бушменева\yu2JOqgXEWA-gigapixel-art-scale-4_00x.jpg
✅ CRC OK: P:\Photo\Из Сети\Topaz\Бушменева\yu2JOqgXEWA-gigapixel-art-scale-4_00x.jpg (abca3e25)
OK: P:\Photo\Из Сети\Topaz\Бушменева\z9OaGNKvcag-gigapixel-art-scale-4_00x.jpg
✅ CRC OK: P:\Photo\Из Сети\Topaz\Бушменева\z9OaGNKvcag-gigapixel-art-scale-4_00x.jpg (7cd16ca6)
OK: P:\Photo\Из Сети\Topaz\Бушменева\ну почти па-gigapixel-art-scale-4_00x.jpg
✅ CRC OK: P:\Photo\Из Сети\Topaz\Бушменева\ну почти па-gigapixel-art-scale-4_00x.jpg (c31aa63d)
OK: P:\Photo\Из Сети\VyH8qNBsMPU.jpg
✅ CRC OK: P:\Photo\Из Сети\VyH8qNBsMPU.jpg (f7dbc0c8)
OK: P:\Photo\Из Сети\[KISSa]
OK: P:\Photo\Из Сети\[KISSa]\Я
OK: P:\Photo\Из Сети\[KISSa]\Я\Мы с Алинкой
OK: P:\Photo\Из Сети\[KISSa]\Я\Мы с Алинкой\Я и Алинка (1).JPG
✅ CRC OK: P:\Photo\Из Сети\[KISSa]\Я\Мы с Алинкой\Я и Алинка (1).JPG (82d15855)
OK: P:\Photo\Из Сети\[KISSa]\Я\Мы с Алинкой\Я и Алинка (12).jpg
✅ CRC OK: P:\Photo\Из Сети\[KISSa]\Я\Мы с Алинкой\Я и Алинка (12).jpg (01054045)
OK: P:\Photo\Из Сети\[KISSa]\Я\Мы с Алинкой\Я и Алинка (2).JPG
✅ CRC OK: P:\Photo\Из Сети\[KISSa]\Я\Мы с Алинкой\Я и Алинка (2).JPG (580ac5fe)
OK: P:\Photo\Из Сети\[KISSa]\Я\Мы с Алинкой\Я и Алинка (3).JPG
✅ CRC OK: P:\Photo\Из Сети\[KISSa]\Я\Мы с Алинкой\Я и Алинка (3).JPG (1b454d51)
OK: P:\Photo\Из Сети\[KISSa]\Я\Мы с Алинкой\Я и Алинка (5).JPG
✅ CRC OK: P:\Photo\Из Сети\[KISSa]\Я\Мы с Алинкой\Я и Алинка (5).JPG (40711033)
OK: P:\Photo\Из Сети\[KISSa]\Я\Мы с Алинкой\Я и Алинка.JPG
✅ CRC OK: P:\Photo\Из Сети\[KISSa]\Я\Мы с Алинкой\Я и Алинка.JPG (59744432)
OK: P:\Photo\Из Сети\[KISSa]\Я\Я
OK: P:\Photo\Из Сети\[KISSa]\Я\Я\Я ЛюБиМаЯ (2).JPG
✅ CRC OK: P:\Photo\Из Сети\[KISSa]\Я\Я\Я ЛюБиМаЯ (2).JPG (a0269f25)
OK: P:\Photo\Из Сети\[KISSa]\Я\Я\Я ЛюБиМаЯ.JPG
✅ CRC OK: P:\Photo\Из Сети\[KISSa]\Я\Я\Я ЛюБиМаЯ.JPG (6460c437)
OK: P:\Photo\Из Сети\[[[_R!CH_B!TCH_]]]
OK: P:\Photo\Из Сети\[[[_R!CH_B!TCH_]]]\P8080004.JPG
✅ CRC OK: P:\Photo\Из Сети\[[[_R!CH_B!TCH_]]]\P8080004.JPG (301bc2c6)
OK: P:\Photo\Из Сети\[[[_R!CH_B!TCH_]]]\PA270058.JPG
✅ CRC OK: P:\Photo\Из Сети\[[[_R!CH_B!TCH_]]]\PA270058.JPG (7100540c)
OK: P:\Photo\Из Сети\[[[_R!CH_B!TCH_]]]\PB150087.JPG
✅ CRC OK: P:\Photo\Из Сети\[[[_R!CH_B!TCH_]]]\PB150087.JPG (76f16e76)
OK: P:\Photo\Из Сети\[[[_R!CH_B!TCH_]]]\RiCh_BiTcH  feat.MC_RiFMa & Rih@nna feat.MC_EneRGy.JPG
✅ CRC OK: P:\Photo\Из Сети\[[[_R!CH_B!TCH_]]]\RiCh_BiTcH  feat.MC_RiFMa & Rih@nna feat.MC_EneRGy.JPG (f7e34410)
OK: P:\Photo\Из Сети\[[[_R!CH_B!TCH_]]]\Rich_BiTcH&[_PusSyCaT_].JPG
✅ CRC OK: P:\Photo\Из Сети\[[[_R!CH_B!TCH_]]]\Rich_BiTcH&[_PusSyCaT_].JPG (ee9ac8ab)
OK: P:\Photo\Из Сети\[[[_R!CH_B!TCH_]]]\АлИнка и Я.JPG
✅ CRC OK: P:\Photo\Из Сети\[[[_R!CH_B!TCH_]]]\АлИнка и Я.JPG (598d1222)
OK: P:\Photo\Из Сети\[[[_R!CH_B!TCH_]]]\БаЛеТкА и Я.JPG
✅ CRC OK: P:\Photo\Из Сети\[[[_R!CH_B!TCH_]]]\БаЛеТкА и Я.JPG (4b05c757)
OK: P:\Photo\Из Сети\[[[_R!CH_B!TCH_]]]\В садике.JPG
✅ CRC OK: P:\Photo\Из Сети\[[[_R!CH_B!TCH_]]]\В садике.JPG (4aae58d3)
OK: P:\Photo\Из Сети\[[[_R!CH_B!TCH_]]]\Маришка...ЯЯЯ....Алинка.JPG
✅ CRC OK: P:\Photo\Из Сети\[[[_R!CH_B!TCH_]]]\Маришка...ЯЯЯ....Алинка.JPG (e6cc41c5)
OK: P:\Photo\Из Сети\[[[_R!CH_B!TCH_]]]\на море.JPG
✅ CRC OK: P:\Photo\Из Сети\[[[_R!CH_B!TCH_]]]\на море.JPG (048ebe5f)
OK: P:\Photo\Из Сети\[[[_R!CH_B!TCH_]]]\я в Киеве.JPG
✅ CRC OK: P:\Photo\Из Сети\[[[_R!CH_B!TCH_]]]\я в Киеве.JPG (6f0082df)
OK: P:\Photo\Из Сети\[[[_R!CH_B!TCH_]]]\я.JPG
✅ CRC OK: P:\Photo\Из Сети\[[[_R!CH_B!TCH_]]]\я.JPG (c6f4e1ca)
OK: P:\Photo\Из Сети\_яНОЧКА_
OK: P:\Photo\Из Сети\_яНОЧКА_\DSC01214.JPG
✅ CRC OK: P:\Photo\Из Сети\_яНОЧКА_\DSC01214.JPG (51f6a59e)
OK: P:\Photo\Из Сети\_яНОЧКА_\DSC01215.JPG
✅ CRC OK: P:\Photo\Из Сети\_яНОЧКА_\DSC01215.JPG (e88eb38e)
OK: P:\Photo\Из Сети\_яНОЧКА_\DSC01216.JPG
✅ CRC OK: P:\Photo\Из Сети\_яНОЧКА_\DSC01216.JPG (563c2943)
OK: P:\Photo\Из Сети\_яНОЧКА_\DSC01236.JPG
✅ CRC OK: P:\Photo\Из Сети\_яНОЧКА_\DSC01236.JPG (88581426)
OK: P:\Photo\Из Сети\_яНОЧКА_\DSC01239.JPG
✅ CRC OK: P:\Photo\Из Сети\_яНОЧКА_\DSC01239.JPG (d5796af8)
OK: P:\Photo\Из Сети\_яНОЧКА_\DSC01249.JPG
✅ CRC OK: P:\Photo\Из Сети\_яНОЧКА_\DSC01249.JPG (ecd46809)
OK: P:\Photo\Из Сети\_яНОЧКА_\DSCN2206.JPG
✅ CRC OK: P:\Photo\Из Сети\_яНОЧКА_\DSCN2206.JPG (5d98aa23)
OK: P:\Photo\Из Сети\_яНОЧКА_\DSCN2243.JPG
✅ CRC OK: P:\Photo\Из Сети\_яНОЧКА_\DSCN2243.JPG (5f585349)
OK: P:\Photo\Из Сети\_яНОЧКА_\DSCN2284.JPG
✅ CRC OK: P:\Photo\Из Сети\_яНОЧКА_\DSCN2284.JPG (f68df28c)
OK: P:\Photo\Из Сети\_яНОЧКА_\DSCN2354.JPG
✅ CRC OK: P:\Photo\Из Сети\_яНОЧКА_\DSCN2354.JPG (f46412ba)
OK: P:\Photo\Из Сети\_яНОЧКА_\DSCN2366.JPG
✅ CRC OK: P:\Photo\Из Сети\_яНОЧКА_\DSCN2366.JPG (3efc1a9f)
OK: P:\Photo\Из Сети\_яНОЧКА_\DSCN2400.JPG
✅ CRC OK: P:\Photo\Из Сети\_яНОЧКА_\DSCN2400.JPG (7de5e294)
OK: P:\Photo\Из Сети\_яНОЧКА_\DSCN2404.JPG
✅ CRC OK: P:\Photo\Из Сети\_яНОЧКА_\DSCN2404.JPG (93c42cac)
OK: P:\Photo\Из Сети\_яНОЧКА_\DSCN2405.JPG
✅ CRC OK: P:\Photo\Из Сети\_яНОЧКА_\DSCN2405.JPG (55c4ded3)
OK: P:\Photo\Из Сети\_яНОЧКА_\Photo!-0083.jpg
✅ CRC OK: P:\Photo\Из Сети\_яНОЧКА_\Photo!-0083.jpg (9639b032)
OK: P:\Photo\Из Сети\_яНОЧКА_\Photo!-0084.jpg
✅ CRC OK: P:\Photo\Из Сети\_яНОЧКА_\Photo!-0084.jpg (58bb35f4)
OK: P:\Photo\Из Сети\_яНОЧКА_\Photo!-0085.jpg
✅ CRC OK: P:\Photo\Из Сети\_яНОЧКА_\Photo!-0085.jpg (b7f0be50)
OK: P:\Photo\Из Сети\_яНОЧКА_\Photo!-0086.jpg
✅ CRC OK: P:\Photo\Из Сети\_яНОЧКА_\Photo!-0086.jpg (027bd575)
OK: P:\Photo\Из Сети\_яНОЧКА_\Photo!-0087.jpg
✅ CRC OK: P:\Photo\Из Сети\_яНОЧКА_\Photo!-0087.jpg (dc703afb)
OK: P:\Photo\Из Сети\_яНОЧКА_\Photo!-0088.jpg
✅ CRC OK: P:\Photo\Из Сети\_яНОЧКА_\Photo!-0088.jpg (03c776b2)
OK: P:\Photo\Из Сети\_яНОЧКА_\Photo!-0090.jpg
✅ CRC OK: P:\Photo\Из Сети\_яНОЧКА_\Photo!-0090.jpg (b74742e7)
OK: P:\Photo\Из Сети\_яНОЧКА_\Photo!-0091.jpg
✅ CRC OK: P:\Photo\Из Сети\_яНОЧКА_\Photo!-0091.jpg (6623a496)
OK: P:\Photo\Из Сети\_яНОЧКА_\Photo!-0094.jpg
✅ CRC OK: P:\Photo\Из Сети\_яНОЧКА_\Photo!-0094.jpg (dae10b1d)
OK: P:\Photo\Из Сети\_яНОЧКА_\Photo!-0098.jpg
✅ CRC OK: P:\Photo\Из Сети\_яНОЧКА_\Photo!-0098.jpg (1e16b1e8)
OK: P:\Photo\Из Сети\_яНОЧКА_\Photo!-0099.jpg
✅ CRC OK: P:\Photo\Из Сети\_яНОЧКА_\Photo!-0099.jpg (b2780e0c)
OK: P:\Photo\Из Сети\_яНОЧКА_\Photo!-0100.jpg
✅ CRC OK: P:\Photo\Из Сети\_яНОЧКА_\Photo!-0100.jpg (b132323e)
OK: P:\Photo\Из Сети\_яНОЧКА_\Photo!-0112.jpg
✅ CRC OK: P:\Photo\Из Сети\_яНОЧКА_\Photo!-0112.jpg (70c76abc)
OK: P:\Photo\Из Сети\_яНОЧКА_\Photo!-0114.jpg
✅ CRC OK: P:\Photo\Из Сети\_яНОЧКА_\Photo!-0114.jpg (a280ceb1)
OK: P:\Photo\Из Сети\_яНОЧКА_\Photo!-0115.jpg
✅ CRC OK: P:\Photo\Из Сети\_яНОЧКА_\Photo!-0115.jpg (c5b6936a)
OK: P:\Photo\Из Сети\_яНОЧКА_\SP_A0188.jpg
✅ CRC OK: P:\Photo\Из Сети\_яНОЧКА_\SP_A0188.jpg (6beaf662)
OK: P:\Photo\Из Сети\_яНОЧКА_\SP_A0189.jpg
✅ CRC OK: P:\Photo\Из Сети\_яНОЧКА_\SP_A0189.jpg (8925cf99)
OK: P:\Photo\Из Сети\_яНОЧКА_\SP_A0194.jpg
✅ CRC OK: P:\Photo\Из Сети\_яНОЧКА_\SP_A0194.jpg (ee579753)
OK: P:\Photo\Из Сети\_яНОЧКА_\SP_A0197.jpg
✅ CRC OK: P:\Photo\Из Сети\_яНОЧКА_\SP_A0197.jpg (73e742ed)
OK: P:\Photo\Из Сети\_яНОЧКА_\SP_A0198.jpg
✅ CRC OK: P:\Photo\Из Сети\_яНОЧКА_\SP_A0198.jpg (cc3fb5fa)
OK: P:\Photo\Из Сети\_яНОЧКА_\SP_A0262.jpg
✅ CRC OK: P:\Photo\Из Сети\_яНОЧКА_\SP_A0262.jpg (ab45ab3b)
OK: P:\Photo\Из Сети\_яНОЧКА_\SP_A0300.jpg
✅ CRC OK: P:\Photo\Из Сети\_яНОЧКА_\SP_A0300.jpg (9e7daa3d)
OK: P:\Photo\Из Сети\_яНОЧКА_\Изображение 012.jpg
✅ CRC OK: P:\Photo\Из Сети\_яНОЧКА_\Изображение 012.jpg (f9749c53)
OK: P:\Photo\Из Сети\_яНОЧКА_\Изображение 013.jpg
✅ CRC OK: P:\Photo\Из Сети\_яНОЧКА_\Изображение 013.jpg (2cbb77fa)
OK: P:\Photo\Из Сети\_яНОЧКА_\Изображение 014.jpg
✅ CRC OK: P:\Photo\Из Сети\_яНОЧКА_\Изображение 014.jpg (0ca9e06a)
OK: P:\Photo\Из Сети\_яНОЧКА_\Изображение 015.jpg
✅ CRC OK: P:\Photo\Из Сети\_яНОЧКА_\Изображение 015.jpg (36e503d8)
OK: P:\Photo\Из Сети\_яНОЧКА_\Изображение 021.jpg
✅ CRC OK: P:\Photo\Из Сети\_яНОЧКА_\Изображение 021.jpg (4c21578f)
OK: P:\Photo\Из Сети\_яНОЧКА_\Изображение 024 - копия.jpg
✅ CRC OK: P:\Photo\Из Сети\_яНОЧКА_\Изображение 024 - копия.jpg (990a5140)
OK: P:\Photo\Из Сети\_яНОЧКА_\Изображение 024.jpg
✅ CRC OK: P:\Photo\Из Сети\_яНОЧКА_\Изображение 024.jpg (bb939b0c)
OK: P:\Photo\Из Сети\_яНОЧКА_\Изображение 028.jpg
✅ CRC OK: P:\Photo\Из Сети\_яНОЧКА_\Изображение 028.jpg (6f98d325)
OK: P:\Photo\Из Сети\_яНОЧКА_\Изображение 029.jpg
✅ CRC OK: P:\Photo\Из Сети\_яНОЧКА_\Изображение 029.jpg (af80e88e)
OK: P:\Photo\Из Сети\_яНОЧКА_\Изображение 032.jpg
✅ CRC OK: P:\Photo\Из Сети\_яНОЧКА_\Изображение 032.jpg (8568e850)
OK: P:\Photo\Из Сети\_яНОЧКА_\Изображение 033.jpg
✅ CRC OK: P:\Photo\Из Сети\_яНОЧКА_\Изображение 033.jpg (aa7d5d66)
OK: P:\Photo\Из Сети\_яНОЧКА_\Изображение 036.jpg
✅ CRC OK: P:\Photo\Из Сети\_яНОЧКА_\Изображение 036.jpg (b580f48b)
OK: P:\Photo\Из Сети\_яНОЧКА_\Изображение 037.jpg
✅ CRC OK: P:\Photo\Из Сети\_яНОЧКА_\Изображение 037.jpg (6596c90c)
OK: P:\Photo\Из Сети\_яНОЧКА_\Изображение 040.jpg
✅ CRC OK: P:\Photo\Из Сети\_яНОЧКА_\Изображение 040.jpg (0442d63c)
OK: P:\Photo\Из Сети\_яНОЧКА_\Изображение 052.jpg
✅ CRC OK: P:\Photo\Из Сети\_яНОЧКА_\Изображение 052.jpg (a6f13d81)
OK: P:\Photo\Из Сети\_яНОЧКА_\Изображение 054.jpg
✅ CRC OK: P:\Photo\Из Сети\_яНОЧКА_\Изображение 054.jpg (19d00abd)
OK: P:\Photo\Из Сети\_яНОЧКА_\Изображение 059.jpg
✅ CRC OK: P:\Photo\Из Сети\_яНОЧКА_\Изображение 059.jpg (4c0cd017)
OK: P:\Photo\Из Сети\_яНОЧКА_\Изображение 060.jpg
✅ CRC OK: P:\Photo\Из Сети\_яНОЧКА_\Изображение 060.jpg (75476a07)
OK: P:\Photo\Из Сети\_яНОЧКА_\Изображение 061 - копия.jpg
✅ CRC OK: P:\Photo\Из Сети\_яНОЧКА_\Изображение 061 - копия.jpg (dd6cd7e7)
OK: P:\Photo\Из Сети\_яНОЧКА_\Изображение 061.jpg
✅ CRC OK: P:\Photo\Из Сети\_яНОЧКА_\Изображение 061.jpg (7df0c19f)
OK: P:\Photo\Из Сети\_яНОЧКА_\Изображение 063.jpg
✅ CRC OK: P:\Photo\Из Сети\_яНОЧКА_\Изображение 063.jpg (1496a651)
OK: P:\Photo\Из Сети\_яНОЧКА_\Изображение 066.jpg
✅ CRC OK: P:\Photo\Из Сети\_яНОЧКА_\Изображение 066.jpg (12cbac10)
OK: P:\Photo\Из Сети\_яНОЧКА_\Изображение 067.jpg
✅ CRC OK: P:\Photo\Из Сети\_яНОЧКА_\Изображение 067.jpg (2e85b81d)
OK: P:\Photo\Из Сети\_яНОЧКА_\Изображение 068.jpg
✅ CRC OK: P:\Photo\Из Сети\_яНОЧКА_\Изображение 068.jpg (f133d271)
OK: P:\Photo\Из Сети\_яНОЧКА_\Изображение 073.jpg
✅ CRC OK: P:\Photo\Из Сети\_яНОЧКА_\Изображение 073.jpg (dadcc702)
OK: P:\Photo\Из Сети\_яНОЧКА_\Изображение 074.jpg
✅ CRC OK: P:\Photo\Из Сети\_яНОЧКА_\Изображение 074.jpg (57be3ce7)
OK: P:\Photo\Из Сети\_яНОЧКА_\Изображение 297.jpg
✅ CRC OK: P:\Photo\Из Сети\_яНОЧКА_\Изображение 297.jpg (927859bb)
OK: P:\Photo\Из Сети\_яНОЧКА_\Изображение 298.jpg
✅ CRC OK: P:\Photo\Из Сети\_яНОЧКА_\Изображение 298.jpg (ebcf3399)
OK: P:\Photo\Из Сети\_яНОЧКА_\Изображение 299.jpg
✅ CRC OK: P:\Photo\Из Сети\_яНОЧКА_\Изображение 299.jpg (247fa119)
OK: P:\Photo\Из Сети\_яНОЧКА_\Изображение 300.jpg
✅ CRC OK: P:\Photo\Из Сети\_яНОЧКА_\Изображение 300.jpg (9a6f6da3)
OK: P:\Photo\Из Сети\_яНОЧКА_\Изображение 304.jpg
✅ CRC OK: P:\Photo\Из Сети\_яНОЧКА_\Изображение 304.jpg (deb8d223)
OK: P:\Photo\Из Сети\_яНОЧКА_\Изображение 308.jpg
✅ CRC OK: P:\Photo\Из Сети\_яНОЧКА_\Изображение 308.jpg (58c34e91)
OK: P:\Photo\Из Сети\_яНОЧКА_\Изображение 311.jpg
✅ CRC OK: P:\Photo\Из Сети\_яНОЧКА_\Изображение 311.jpg (131dcdd4)
OK: P:\Photo\Из Сети\_яНОЧКА_\Изображение 312.jpg
✅ CRC OK: P:\Photo\Из Сети\_яНОЧКА_\Изображение 312.jpg (1b3f2ca6)
OK: P:\Photo\Из Сети\_яНОЧКА_\Изображение 318 - копия.jpg
✅ CRC OK: P:\Photo\Из Сети\_яНОЧКА_\Изображение 318 - копия.jpg (0fad6c0d)
OK: P:\Photo\Из Сети\_яНОЧКА_\Изображение 319.jpg
✅ CRC OK: P:\Photo\Из Сети\_яНОЧКА_\Изображение 319.jpg (5bac0baf)
OK: P:\Photo\Из Сети\_яНОЧКА_\Изображение 326.jpg
✅ CRC OK: P:\Photo\Из Сети\_яНОЧКА_\Изображение 326.jpg (b0bdfdcd)
OK: P:\Photo\Из Сети\_яНОЧКА_\Изображение 327.jpg
✅ CRC OK: P:\Photo\Из Сети\_яНОЧКА_\Изображение 327.jpg (0edc0121)
OK: P:\Photo\Из Сети\_яНОЧКА_\Изображение 328.jpg
✅ CRC OK: P:\Photo\Из Сети\_яНОЧКА_\Изображение 328.jpg (0c12e440)
OK: P:\Photo\Из Сети\_яНОЧКА_\Изображение 329.jpg
✅ CRC OK: P:\Photo\Из Сети\_яНОЧКА_\Изображение 329.jpg (642bd420)
OK: P:\Photo\Из Сети\_яНОЧКА_\Изображение 330.jpg
✅ CRC OK: P:\Photo\Из Сети\_яНОЧКА_\Изображение 330.jpg (41cac1ab)
OK: P:\Photo\Из Сети\_яНОЧКА_\Изображение 335.jpg
✅ CRC OK: P:\Photo\Из Сети\_яНОЧКА_\Изображение 335.jpg (1cf277bc)
OK: P:\Photo\Из Сети\_яНОЧКА_\Изображение 338.jpg
✅ CRC OK: P:\Photo\Из Сети\_яНОЧКА_\Изображение 338.jpg (9cc40130)
OK: P:\Photo\Из Сети\_яНОЧКА_\Изображение 339.jpg
✅ CRC OK: P:\Photo\Из Сети\_яНОЧКА_\Изображение 339.jpg (6d8e2201)
OK: P:\Photo\Из Сети\_яНОЧКА_\Изображение 341.jpg
✅ CRC OK: P:\Photo\Из Сети\_яНОЧКА_\Изображение 341.jpg (a602eee9)
OK: P:\Photo\Из Сети\_яНОЧКА_\Изображение 342.jpg
✅ CRC OK: P:\Photo\Из Сети\_яНОЧКА_\Изображение 342.jpg (d02b7260)
OK: P:\Photo\Из Сети\_яНОЧКА_\Изображение 343.jpg
✅ CRC OK: P:\Photo\Из Сети\_яНОЧКА_\Изображение 343.jpg (93546716)
OK: P:\Photo\Из Сети\_яНОЧКА_\Изображение 344.jpg
✅ CRC OK: P:\Photo\Из Сети\_яНОЧКА_\Изображение 344.jpg (00c6e745)
OK: P:\Photo\Из Сети\_яНОЧКА_\Изображение 345.jpg
✅ CRC OK: P:\Photo\Из Сети\_яНОЧКА_\Изображение 345.jpg (13ff9200)
OK: P:\Photo\Из Сети\_яНОЧКА_\Изображение 348.jpg
✅ CRC OK: P:\Photo\Из Сети\_яНОЧКА_\Изображение 348.jpg (e8684603)
OK: P:\Photo\Из Сети\_яНОЧКА_\Изображение 350.jpg
✅ CRC OK: P:\Photo\Из Сети\_яНОЧКА_\Изображение 350.jpg (be6ff437)
OK: P:\Photo\Из Сети\_яНОЧКА_\Изображение 351 - копия.jpg
✅ CRC OK: P:\Photo\Из Сети\_яНОЧКА_\Изображение 351 - копия.jpg (1621f231)
OK: P:\Photo\Из Сети\_яНОЧКА_\Изображение 352.jpg
✅ CRC OK: P:\Photo\Из Сети\_яНОЧКА_\Изображение 352.jpg (2e34cd94)
OK: P:\Photo\Из Сети\_яНОЧКА_\Изображение 362.jpg
✅ CRC OK: P:\Photo\Из Сети\_яНОЧКА_\Изображение 362.jpg (5fcaf2f1)
OK: P:\Photo\Из Сети\_яНОЧКА_\Изображение 363.jpg
✅ CRC OK: P:\Photo\Из Сети\_яНОЧКА_\Изображение 363.jpg (e37501de)
OK: P:\Photo\Из Сети\_яНОЧКА_\Изображение 367.jpg
✅ CRC OK: P:\Photo\Из Сети\_яНОЧКА_\Изображение 367.jpg (459e2b68)
OK: P:\Photo\Из Сети\_яНОЧКА_\Изображение 371.jpg
✅ CRC OK: P:\Photo\Из Сети\_яНОЧКА_\Изображение 371.jpg (90046ad2)
OK: P:\Photo\Из Сети\_яНОЧКА_\Изображение 373 - копия.jpg
✅ CRC OK: P:\Photo\Из Сети\_яНОЧКА_\Изображение 373 - копия.jpg (199bc026)
OK: P:\Photo\Из Сети\_яНОЧКА_\Изображение 375.jpg
✅ CRC OK: P:\Photo\Из Сети\_яНОЧКА_\Изображение 375.jpg (14f7a11a)
OK: P:\Photo\Из Сети\_яНОЧКА_\Изображение 377.jpg
✅ CRC OK: P:\Photo\Из Сети\_яНОЧКА_\Изображение 377.jpg (252776cb)
OK: P:\Photo\Из Сети\_яНОЧКА_\Изображение 378.jpg
✅ CRC OK: P:\Photo\Из Сети\_яНОЧКА_\Изображение 378.jpg (b43b7902)
OK: P:\Photo\Из Сети\_яНОЧКА_\Изображение 385.jpg
✅ CRC OK: P:\Photo\Из Сети\_яНОЧКА_\Изображение 385.jpg (53b8a1f6)
OK: P:\Photo\Из Сети\_яНОЧКА_\Изображение 390.jpg
✅ CRC OK: P:\Photo\Из Сети\_яНОЧКА_\Изображение 390.jpg (405ed19f)
OK: P:\Photo\Из Сети\_яНОЧКА_\Изображение 391.jpg
✅ CRC OK: P:\Photo\Из Сети\_яНОЧКА_\Изображение 391.jpg (17887bb6)
OK: P:\Photo\Из Сети\_яНОЧКА_\Изображение 392.jpg
✅ CRC OK: P:\Photo\Из Сети\_яНОЧКА_\Изображение 392.jpg (79f6519c)
OK: P:\Photo\Из Сети\_яНОЧКА_\Изображение 393.jpg
✅ CRC OK: P:\Photo\Из Сети\_яНОЧКА_\Изображение 393.jpg (8eda3c2c)
OK: P:\Photo\Из Сети\_яНОЧКА_\Я любимая)).jpg
✅ CRC OK: P:\Photo\Из Сети\_яНОЧКА_\Я любимая)).jpg (6c0a759b)
OK: P:\Photo\Из Сети\_яНОЧКА_\моя днюха 006.jpg
✅ CRC OK: P:\Photo\Из Сети\_яНОЧКА_\моя днюха 006.jpg (793da716)
OK: P:\Photo\Из Сети\_яНОЧКА_\моя днюха 007.jpg
✅ CRC OK: P:\Photo\Из Сети\_яНОЧКА_\моя днюха 007.jpg (73a7f4d9)
OK: P:\Photo\Из Сети\_яНОЧКА_\моя днюха 008.jpg
✅ CRC OK: P:\Photo\Из Сети\_яНОЧКА_\моя днюха 008.jpg (e111c259)
OK: P:\Photo\Из Сети\_яНОЧКА_\моя днюха 015.jpg
✅ CRC OK: P:\Photo\Из Сети\_яНОЧКА_\моя днюха 015.jpg (0085c800)
OK: P:\Photo\Из Сети\_яНОЧКА_\моя днюха 031.jpg
✅ CRC OK: P:\Photo\Из Сети\_яНОЧКА_\моя днюха 031.jpg (8bcded9a)
OK: P:\Photo\Из Сети\_яНОЧКА_\моя днюха 032.jpg
✅ CRC OK: P:\Photo\Из Сети\_яНОЧКА_\моя днюха 032.jpg (77eead3f)
OK: P:\Photo\Из Сети\_яНОЧКА_\моя днюха 033.jpg
✅ CRC OK: P:\Photo\Из Сети\_яНОЧКА_\моя днюха 033.jpg (fb0bf50a)
OK: P:\Photo\Из Сети\_яНОЧКА_\моя днюха 038.jpg
✅ CRC OK: P:\Photo\Из Сети\_яНОЧКА_\моя днюха 038.jpg (f7a25318)
OK: P:\Photo\Из Сети\_яНОЧКА_\моя днюха 043.jpg
✅ CRC OK: P:\Photo\Из Сети\_яНОЧКА_\моя днюха 043.jpg (77ce3089)
OK: P:\Photo\Из Сети\_яНОЧКА_\моя днюха 044.jpg
✅ CRC OK: P:\Photo\Из Сети\_яНОЧКА_\моя днюха 044.jpg (bb2a5cd2)
OK: P:\Photo\Из Сети\_яНОЧКА_\моя днюха 047.jpg
✅ CRC OK: P:\Photo\Из Сети\_яНОЧКА_\моя днюха 047.jpg (b74a2cc9)
OK: P:\Photo\Из Сети\_яНОЧКА_\моя днюха 049.jpg
✅ CRC OK: P:\Photo\Из Сети\_яНОЧКА_\моя днюха 049.jpg (a3808c98)
OK: P:\Photo\Из Сети\_яНОЧКА_\моя днюха 050.jpg
✅ CRC OK: P:\Photo\Из Сети\_яНОЧКА_\моя днюха 050.jpg (e5b3768c)
OK: P:\Photo\Из Сети\_яНОЧКА_\моя днюха 051.jpg
✅ CRC OK: P:\Photo\Из Сети\_яНОЧКА_\моя днюха 051.jpg (1a51c344)
OK: P:\Photo\Из Сети\_яНОЧКА_\моя днюха 052.jpg
✅ CRC OK: P:\Photo\Из Сети\_яНОЧКА_\моя днюха 052.jpg (30ddcd92)
OK: P:\Photo\Из Сети\_яНОЧКА_\моя днюха 053.jpg
✅ CRC OK: P:\Photo\Из Сети\_яНОЧКА_\моя днюха 053.jpg (92f9560f)
OK: P:\Photo\Из Сети\_яНОЧКА_\моя днюха 056.jpg
✅ CRC OK: P:\Photo\Из Сети\_яНОЧКА_\моя днюха 056.jpg (4f9d53a4)
OK: P:\Photo\Из Сети\_яНОЧКА_\моя днюха 057.jpg
✅ CRC OK: P:\Photo\Из Сети\_яНОЧКА_\моя днюха 057.jpg (2fb9e9b1)
OK: P:\Photo\Из Сети\_яНОЧКА_\моя днюха 058.jpg
✅ CRC OK: P:\Photo\Из Сети\_яНОЧКА_\моя днюха 058.jpg (a65f633f)
OK: P:\Photo\Из Сети\_яНОЧКА_\моя днюха 059.jpg
✅ CRC OK: P:\Photo\Из Сети\_яНОЧКА_\моя днюха 059.jpg (67187742)
OK: P:\Photo\Из Сети\_яНОЧКА_\моя днюха 066.jpg
✅ CRC OK: P:\Photo\Из Сети\_яНОЧКА_\моя днюха 066.jpg (4ef3cab5)
OK: P:\Photo\Из Сети\_яНОЧКА_\моя днюха 067.jpg
✅ CRC OK: P:\Photo\Из Сети\_яНОЧКА_\моя днюха 067.jpg (2a77a82a)
OK: P:\Photo\Из Сети\_яНОЧКА_\моя днюха 068.jpg
✅ CRC OK: P:\Photo\Из Сети\_яНОЧКА_\моя днюха 068.jpg (78430158)
OK: P:\Photo\Из Сети\_яНОЧКА_\моя днюха 074.jpg
✅ CRC OK: P:\Photo\Из Сети\_яНОЧКА_\моя днюха 074.jpg (327124ff)
OK: P:\Photo\Из Сети\_яНОЧКА_\моя днюха 082.jpg
✅ CRC OK: P:\Photo\Из Сети\_яНОЧКА_\моя днюха 082.jpg (f2cd4049)
OK: P:\Photo\Из Сети\_яНОЧКА_\моя днюха 086.jpg
✅ CRC OK: P:\Photo\Из Сети\_яНОЧКА_\моя днюха 086.jpg (0698881c)
OK: P:\Photo\Из Сети\_яНОЧКА_\моя днюха 088.jpg
✅ CRC OK: P:\Photo\Из Сети\_яНОЧКА_\моя днюха 088.jpg (f51307cc)
OK: P:\Photo\Из Сети\_яНОЧКА_\моя днюха 089.jpg
✅ CRC OK: P:\Photo\Из Сети\_яНОЧКА_\моя днюха 089.jpg (032ada2d)
OK: P:\Photo\Из Сети\_яНОЧКА_\моя днюха 090.jpg
✅ CRC OK: P:\Photo\Из Сети\_яНОЧКА_\моя днюха 090.jpg (73f20467)
OK: P:\Photo\Из Сети\_яНОЧКА_\моя днюха 091.jpg
✅ CRC OK: P:\Photo\Из Сети\_яНОЧКА_\моя днюха 091.jpg (f8423720)
OK: P:\Photo\Из Сети\_яНОЧКА_\моя днюха 093.jpg
✅ CRC OK: P:\Photo\Из Сети\_яНОЧКА_\моя днюха 093.jpg (97a9370d)
OK: P:\Photo\Из Сети\_яНОЧКА_\моя днюха 094.jpg
✅ CRC OK: P:\Photo\Из Сети\_яНОЧКА_\моя днюха 094.jpg (9e228b10)
OK: P:\Photo\Из Сети\_яНОЧКА_\моя днюха 095.jpg
✅ CRC OK: P:\Photo\Из Сети\_яНОЧКА_\моя днюха 095.jpg (fbc3eebd)
OK: P:\Photo\Из Сети\_яНОЧКА_\моя днюха 096.jpg
✅ CRC OK: P:\Photo\Из Сети\_яНОЧКА_\моя днюха 096.jpg (e52ea369)
OK: P:\Photo\Из Сети\_яНОЧКА_\моя днюха 097.jpg
✅ CRC OK: P:\Photo\Из Сети\_яНОЧКА_\моя днюха 097.jpg (474aa54e)
OK: P:\Photo\Из Сети\_яНОЧКА_\моя днюха 098.jpg
✅ CRC OK: P:\Photo\Из Сети\_яНОЧКА_\моя днюха 098.jpg (f44875fa)
OK: P:\Photo\Из Сети\_яНОЧКА_\моя днюха 099.jpg
✅ CRC OK: P:\Photo\Из Сети\_яНОЧКА_\моя днюха 099.jpg (e3ac32b2)
OK: P:\Photo\Из Сети\_яНОЧКА_\моя днюха 100.jpg
✅ CRC OK: P:\Photo\Из Сети\_яНОЧКА_\моя днюха 100.jpg (9fa4e680)
OK: P:\Photo\Из Сети\_яНОЧКА_\моя днюха 103.jpg
✅ CRC OK: P:\Photo\Из Сети\_яНОЧКА_\моя днюха 103.jpg (0ff46ba9)
OK: P:\Photo\Из Сети\_яНОЧКА_\янкина днюха 001.jpg
✅ CRC OK: P:\Photo\Из Сети\_яНОЧКА_\янкина днюха 001.jpg (f4f76424)
OK: P:\Photo\Из Сети\_яНОЧКА_\янкина днюха 004.jpg
✅ CRC OK: P:\Photo\Из Сети\_яНОЧКА_\янкина днюха 004.jpg (05cf00bb)
OK: P:\Photo\Из Сети\_яНОЧКА_\янкина днюха 005.jpg
✅ CRC OK: P:\Photo\Из Сети\_яНОЧКА_\янкина днюха 005.jpg (b981c242)
OK: P:\Photo\Из Сети\_яНОЧКА_\янкина днюха 011.jpg
✅ CRC OK: P:\Photo\Из Сети\_яНОЧКА_\янкина днюха 011.jpg (09c7135d)
OK: P:\Photo\Из Сети\_яНОЧКА_\янкина днюха 013.jpg
✅ CRC OK: P:\Photo\Из Сети\_яНОЧКА_\янкина днюха 013.jpg (0ed53edf)
OK: P:\Photo\Из Сети\gEvyX_lxuzY.jpg
✅ CRC OK: P:\Photo\Из Сети\gEvyX_lxuzY.jpg (8055581d)
OK: P:\Photo\Из Сети\kiizMO64_TA.jpg
✅ CRC OK: P:\Photo\Из Сети\kiizMO64_TA.jpg (d74b27b1)
OK: P:\Photo\Из Сети\nata i irqa
OK: P:\Photo\Из Сети\nata i irqa\sdddsdsd.jpg
✅ CRC OK: P:\Photo\Из Сети\nata i irqa\sdddsdsd.jpg (5f22dfd5)
OK: P:\Photo\Из Сети\nata i irqa\x_0835ad80.jpg
✅ CRC OK: P:\Photo\Из Сети\nata i irqa\x_0835ad80.jpg (9c9b12ad)
OK: P:\Photo\Из Сети\nata i irqa\x_14bc2685.jpg
✅ CRC OK: P:\Photo\Из Сети\nata i irqa\x_14bc2685.jpg (0805924e)
OK: P:\Photo\Из Сети\nata i irqa\x_182dbece.jpg
✅ CRC OK: P:\Photo\Из Сети\nata i irqa\x_182dbece.jpg (3ac114f5)
OK: P:\Photo\Из Сети\nata i irqa\x_1cdb7076.jpg
✅ CRC OK: P:\Photo\Из Сети\nata i irqa\x_1cdb7076.jpg (756b360a)
OK: P:\Photo\Из Сети\nata i irqa\x_1f313bcb.jpg
✅ CRC OK: P:\Photo\Из Сети\nata i irqa\x_1f313bcb.jpg (78edec60)
OK: P:\Photo\Из Сети\nata i irqa\x_2e53bb47.jpg
✅ CRC OK: P:\Photo\Из Сети\nata i irqa\x_2e53bb47.jpg (c3e74eef)
OK: P:\Photo\Из Сети\nata i irqa\x_36eed2c6.jpg
✅ CRC OK: P:\Photo\Из Сети\nata i irqa\x_36eed2c6.jpg (0e0f9bf4)
OK: P:\Photo\Из Сети\nata i irqa\x_39cb10c3.jpg
✅ CRC OK: P:\Photo\Из Сети\nata i irqa\x_39cb10c3.jpg (15e08809)
OK: P:\Photo\Из Сети\nata i irqa\x_3f3777ba.jpg
✅ CRC OK: P:\Photo\Из Сети\nata i irqa\x_3f3777ba.jpg (724fd133)
OK: P:\Photo\Из Сети\nata i irqa\x_4a255fd0.jpg
✅ CRC OK: P:\Photo\Из Сети\nata i irqa\x_4a255fd0.jpg (be5e688a)
OK: P:\Photo\Из Сети\nata i irqa\x_51f6bcd8.jpg
✅ CRC OK: P:\Photo\Из Сети\nata i irqa\x_51f6bcd8.jpg (456ea85f)
OK: P:\Photo\Из Сети\nata i irqa\x_577de222.jpg
✅ CRC OK: P:\Photo\Из Сети\nata i irqa\x_577de222.jpg (cf726687)
OK: P:\Photo\Из Сети\nata i irqa\x_6b25ff6c.jpg
✅ CRC OK: P:\Photo\Из Сети\nata i irqa\x_6b25ff6c.jpg (dc3d49f2)
OK: P:\Photo\Из Сети\nata i irqa\x_6b9c3f9d.jpg
✅ CRC OK: P:\Photo\Из Сети\nata i irqa\x_6b9c3f9d.jpg (6fdc6661)
OK: P:\Photo\Из Сети\nata i irqa\x_71c72622.jpg
✅ CRC OK: P:\Photo\Из Сети\nata i irqa\x_71c72622.jpg (62e9a977)
OK: P:\Photo\Из Сети\nata i irqa\x_793fc939.jpg
✅ CRC OK: P:\Photo\Из Сети\nata i irqa\x_793fc939.jpg (6a35ab18)
OK: P:\Photo\Из Сети\nata i irqa\x_83d8f883-new.jpg
✅ CRC OK: P:\Photo\Из Сети\nata i irqa\x_83d8f883-new.jpg (d94bb1c4)
OK: P:\Photo\Из Сети\nata i irqa\x_83d8f883.jpg
✅ CRC OK: P:\Photo\Из Сети\nata i irqa\x_83d8f883.jpg (226c2a14)
OK: P:\Photo\Из Сети\nata i irqa\x_8f0c2477.jpg
✅ CRC OK: P:\Photo\Из Сети\nata i irqa\x_8f0c2477.jpg (fa38ffd8)
OK: P:\Photo\Из Сети\nata i irqa\x_9575b9f1.jpg
✅ CRC OK: P:\Photo\Из Сети\nata i irqa\x_9575b9f1.jpg (fa2a5f1b)
OK: P:\Photo\Из Сети\nata i irqa\x_9d879a78.jpg
✅ CRC OK: P:\Photo\Из Сети\nata i irqa\x_9d879a78.jpg (37367be3)
OK: P:\Photo\Из Сети\nata i irqa\x_aac2652e.jpg
✅ CRC OK: P:\Photo\Из Сети\nata i irqa\x_aac2652e.jpg (49ede95c)
OK: P:\Photo\Из Сети\nata i irqa\x_ace88f0c.jpg
✅ CRC OK: P:\Photo\Из Сети\nata i irqa\x_ace88f0c.jpg (658b7889)
OK: P:\Photo\Из Сети\nata i irqa\x_b47bf5e6.jpg
✅ CRC OK: P:\Photo\Из Сети\nata i irqa\x_b47bf5e6.jpg (7dd65ab6)
OK: P:\Photo\Из Сети\nata i irqa\x_b7771590.jpg
✅ CRC OK: P:\Photo\Из Сети\nata i irqa\x_b7771590.jpg (21dbc8f1)
OK: P:\Photo\Из Сети\nata i irqa\x_b7aa8bfc.jpg
✅ CRC OK: P:\Photo\Из Сети\nata i irqa\x_b7aa8bfc.jpg (d267ba1f)
OK: P:\Photo\Из Сети\nata i irqa\x_bf2b254e.jpg
✅ CRC OK: P:\Photo\Из Сети\nata i irqa\x_bf2b254e.jpg (a88ee74e)
OK: P:\Photo\Из Сети\nata i irqa\x_bf7b4083.jpg
✅ CRC OK: P:\Photo\Из Сети\nata i irqa\x_bf7b4083.jpg (df5f292d)
OK: P:\Photo\Из Сети\nata i irqa\x_c3386bd5.jpg
✅ CRC OK: P:\Photo\Из Сети\nata i irqa\x_c3386bd5.jpg (a2e883b9)
OK: P:\Photo\Из Сети\nata i irqa\x_c5ea59f8.jpg
✅ CRC OK: P:\Photo\Из Сети\nata i irqa\x_c5ea59f8.jpg (bafe012a)
OK: P:\Photo\Из Сети\nata i irqa\x_d3ead2ce.jpg
✅ CRC OK: P:\Photo\Из Сети\nata i irqa\x_d3ead2ce.jpg (b7ba0d54)
OK: P:\Photo\Из Сети\nata i irqa\x_d66d2b01.jpg
✅ CRC OK: P:\Photo\Из Сети\nata i irqa\x_d66d2b01.jpg (b9528a3d)
OK: P:\Photo\Из Сети\nata i irqa\x_f4351aac.jpg
✅ CRC OK: P:\Photo\Из Сети\nata i irqa\x_f4351aac.jpg (d5e270bb)
OK: P:\Photo\Из Сети\nata i irqa\x_f8081131.jpg
✅ CRC OK: P:\Photo\Из Сети\nata i irqa\x_f8081131.jpg (a439e335)
OK: P:\Photo\Из Сети\nata i irqa\y_1219c1cd.jpg
✅ CRC OK: P:\Photo\Из Сети\nata i irqa\y_1219c1cd.jpg (a2036d69)
OK: P:\Photo\Из Сети\nata i irqa\y_3451edbe.jpg
✅ CRC OK: P:\Photo\Из Сети\nata i irqa\y_3451edbe.jpg (132896d6)
OK: P:\Photo\Из Сети\nata i irqa\y_3fd125f0.jpg
✅ CRC OK: P:\Photo\Из Сети\nata i irqa\y_3fd125f0.jpg (6a608c2f)
OK: P:\Photo\Из Сети\nata i irqa\y_5f328b55.jpg
✅ CRC OK: P:\Photo\Из Сети\nata i irqa\y_5f328b55.jpg (9950ab87)
OK: P:\Photo\Из Сети\nata i irqa\y_990d4db6.jpg
✅ CRC OK: P:\Photo\Из Сети\nata i irqa\y_990d4db6.jpg (1a67da4e)
OK: P:\Photo\Из Сети\nata i irqa\z_d5dbcb11.jpg
✅ CRC OK: P:\Photo\Из Сети\nata i irqa\z_d5dbcb11.jpg (813594d0)
OK: P:\Photo\Из Сети\zVrMvmhFd5I.jpg
✅ CRC OK: P:\Photo\Из Сети\zVrMvmhFd5I.jpg (4f8b5364)
OK: P:\Photo\Из Сети\АНЕЧКА
OK: P:\Photo\Из Сети\АНЕЧКА\153791508_490821205638855_8485462373085424628_n.jpg
✅ CRC OK: P:\Photo\Из Сети\АНЕЧКА\153791508_490821205638855_8485462373085424628_n.jpg (ae40d875)
OK: P:\Photo\Из Сети\АНЕЧКА\2023-07-22_18_39_20.jpg
✅ CRC OK: P:\Photo\Из Сети\АНЕЧКА\2023-07-22_18_39_20.jpg (ea0d44d0)
OK: P:\Photo\Из Сети\АНЕЧКА\76195856_150000153054297_3240574467172204544_n.jpg
✅ CRC OK: P:\Photo\Из Сети\АНЕЧКА\76195856_150000153054297_3240574467172204544_n.jpg (e5e07adc)
OK: P:\Photo\Из Сети\АНЕЧКА\IMG_20190713_155306.jpg
✅ CRC OK: P:\Photo\Из Сети\АНЕЧКА\IMG_20190713_155306.jpg (ed5947ab)
OK: P:\Photo\Из Сети\АНЕЧКА\IMG_20190713_155314.jpg
✅ CRC OK: P:\Photo\Из Сети\АНЕЧКА\IMG_20190713_155314.jpg (25ddaed8)
OK: P:\Photo\Из Сети\АНЕЧКА\IMG_20190713_155315.jpg
✅ CRC OK: P:\Photo\Из Сети\АНЕЧКА\IMG_20190713_155315.jpg (ae44e89e)
OK: P:\Photo\Из Сети\АНЕЧКА\IMG_20190713_155317.jpg
✅ CRC OK: P:\Photo\Из Сети\АНЕЧКА\IMG_20190713_155317.jpg (f8403d2c)
OK: P:\Photo\Из Сети\АНЕЧКА\IMG_20190713_155318.jpg
✅ CRC OK: P:\Photo\Из Сети\АНЕЧКА\IMG_20190713_155318.jpg (22e3789c)
OK: P:\Photo\Из Сети\АНЕЧКА\IMG_20190713_155319.jpg
✅ CRC OK: P:\Photo\Из Сети\АНЕЧКА\IMG_20190713_155319.jpg (21f19e99)
OK: P:\Photo\Из Сети\АНЕЧКА\IMG_20190713_155320.jpg
✅ CRC OK: P:\Photo\Из Сети\АНЕЧКА\IMG_20190713_155320.jpg (490d99a8)
OK: P:\Photo\Из Сети\АНЕЧКА\IMG_20190713_155325.jpg
✅ CRC OK: P:\Photo\Из Сети\АНЕЧКА\IMG_20190713_155325.jpg (7aafb377)
OK: P:\Photo\Из Сети\АНЕЧКА\IMG_20190713_155424.jpg
✅ CRC OK: P:\Photo\Из Сети\АНЕЧКА\IMG_20190713_155424.jpg (ddee54ad)
OK: P:\Photo\Из Сети\АНЕЧКА\IMG_20190713_155503.jpg
✅ CRC OK: P:\Photo\Из Сети\АНЕЧКА\IMG_20190713_155503.jpg (712baf7f)
OK: P:\Photo\Из Сети\АНЕЧКА\a_nettt.ost__107038226_570793457141429_4585782484278449982_n.jpg
✅ CRC OK: P:\Photo\Из Сети\АНЕЧКА\a_nettt.ost__107038226_570793457141429_4585782484278449982_n.jpg (f40d69d8)
OK: P:\Photo\Из Сети\АНЕЧКА\a_nettt.ost__108000911_133400395073957_3698311838161868245_n.jpg
✅ CRC OK: P:\Photo\Из Сети\АНЕЧКА\a_nettt.ost__108000911_133400395073957_3698311838161868245_n.jpg (5315c296)
OK: P:\Photo\Из Сети\АНЕЧКА\a_nettt.ost__108519198_2359692361002929_1998538815007396025_n.jpg
✅ CRC OK: P:\Photo\Из Сети\АНЕЧКА\a_nettt.ost__108519198_2359692361002929_1998538815007396025_n.jpg (b66d6599)
OK: P:\Photo\Из Сети\АНЕЧКА\a_nettt.ost__108758086_599526504332324_9082808608409902334_n.jpg
✅ CRC OK: P:\Photo\Из Сети\АНЕЧКА\a_nettt.ost__108758086_599526504332324_9082808608409902334_n.jpg (aaec1322)
OK: P:\Photo\Из Сети\АНЕЧКА\a_nettt.ost__108971348_751146835427217_8152526748709917253_n.jpg
✅ CRC OK: P:\Photo\Из Сети\АНЕЧКА\a_nettt.ost__108971348_751146835427217_8152526748709917253_n.jpg (8b126429)
OK: P:\Photo\Из Сети\АНЕЧКА\a_nettt.ost__109315425_915739025560778_7239056225779317899_n.jpg
✅ CRC OK: P:\Photo\Из Сети\АНЕЧКА\a_nettt.ost__109315425_915739025560778_7239056225779317899_n.jpg (226b758c)
OK: P:\Photo\Из Сети\АНЕЧКА\a_nettt.ost__118696129_3272804112796748_4740523358010981257_n.jpg
✅ CRC OK: P:\Photo\Из Сети\АНЕЧКА\a_nettt.ost__118696129_3272804112796748_4740523358010981257_n.jpg (ac3bc2ae)
OK: P:\Photo\Из Сети\АНЕЧКА\a_nettt.ost__118714618_616986968991808_1519920904325354742_n.jpg
✅ CRC OK: P:\Photo\Из Сети\АНЕЧКА\a_nettt.ost__118714618_616986968991808_1519920904325354742_n.jpg (b91f6b31)
OK: P:\Photo\Из Сети\АНЕЧКА\a_nettt.ost__118726882_187943916043401_2488598044890674590_n.jpg
✅ CRC OK: P:\Photo\Из Сети\АНЕЧКА\a_nettt.ost__118726882_187943916043401_2488598044890674590_n.jpg (dea06bf0)
OK: P:\Photo\Из Сети\АНЕЧКА\a_nettt.ost__118762997_201642368011589_2958343030732990754_n.jpg
✅ CRC OK: P:\Photo\Из Сети\АНЕЧКА\a_nettt.ost__118762997_201642368011589_2958343030732990754_n.jpg (85d50e91)
OK: P:\Photo\Из Сети\АНЕЧКА\a_nettt.ost__118780467_604552163764511_7169073504578611694_n.jpg
✅ CRC OK: P:\Photo\Из Сети\АНЕЧКА\a_nettt.ost__118780467_604552163764511_7169073504578611694_n.jpg (532d3140)
OK: P:\Photo\Из Сети\АНЕЧКА\a_nettt.ost__118817973_357499658754081_2347280730083865740_n.jpg
✅ CRC OK: P:\Photo\Из Сети\АНЕЧКА\a_nettt.ost__118817973_357499658754081_2347280730083865740_n.jpg (472d42af)
OK: P:\Photo\Из Сети\АНЕЧКА\a_nettt.ost__132801543_3019548051609484_1577216096313327088_n.jpg
✅ CRC OK: P:\Photo\Из Сети\АНЕЧКА\a_nettt.ost__132801543_3019548051609484_1577216096313327088_n.jpg (44be5baa)
OK: P:\Photo\Из Сети\АНЕЧКА\a_nettt.ost__133175614_3392039274256360_3259291915667130051_n.jpg
✅ CRC OK: P:\Photo\Из Сети\АНЕЧКА\a_nettt.ost__133175614_3392039274256360_3259291915667130051_n.jpg (4f99e953)
OK: P:\Photo\Из Сети\АНЕЧКА\a_nettt.ost__133264049_458291995181783_2930365115592542357_n.jpg
✅ CRC OK: P:\Photo\Из Сети\АНЕЧКА\a_nettt.ost__133264049_458291995181783_2930365115592542357_n.jpg (54d642e3)
OK: P:\Photo\Из Сети\АНЕЧКА\a_nettt.ost__133557873_238647991023348_8785380607806597673_n.jpg
✅ CRC OK: P:\Photo\Из Сети\АНЕЧКА\a_nettt.ost__133557873_238647991023348_8785380607806597673_n.jpg (678f162b)
OK: P:\Photo\Из Сети\АНЕЧКА\a_nettt.ost__146082775_1064544530692180_3399553702227150964_n.jpg
✅ CRC OK: P:\Photo\Из Сети\АНЕЧКА\a_nettt.ost__146082775_1064544530692180_3399553702227150964_n.jpg (d418080f)
OK: P:\Photo\Из Сети\АНЕЧКА\a_nettt.ost__146442478_3177806052446375_5122476406497342284_n.jpg
✅ CRC OK: P:\Photo\Из Сети\АНЕЧКА\a_nettt.ost__146442478_3177806052446375_5122476406497342284_n.jpg (265e35ef)
OK: P:\Photo\Из Сети\АНЕЧКА\a_nettt.ost__152068598_201416551730019_4256805335331836137_n.jpg
✅ CRC OK: P:\Photo\Из Сети\АНЕЧКА\a_nettt.ost__152068598_201416551730019_4256805335331836137_n.jpg (0618b61a)
OK: P:\Photo\Из Сети\АНЕЧКА\a_nettt.ost__152862705_1690391504466763_685818147471496662_n.jpg
✅ CRC OK: P:\Photo\Из Сети\АНЕЧКА\a_nettt.ost__152862705_1690391504466763_685818147471496662_n.jpg (ed93e0e6)
OK: P:\Photo\Из Сети\АНЕЧКА\a_nettt.ost__152953706_4010346488975586_6749706979462393552_n.jpg
✅ CRC OK: P:\Photo\Из Сети\АНЕЧКА\a_nettt.ost__152953706_4010346488975586_6749706979462393552_n.jpg (2dda0471)
OK: P:\Photo\Из Сети\АНЕЧКА\a_nettt.ost__156933527_268933378073558_6857868428603895948_n.jpg
✅ CRC OK: P:\Photo\Из Сети\АНЕЧКА\a_nettt.ost__156933527_268933378073558_6857868428603895948_n.jpg (e347340b)
OK: P:\Photo\Из Сети\АНЕЧКА\a_nettt.ost__157573233_486353815701638_2359635537614635439_n.jpg
✅ CRC OK: P:\Photo\Из Сети\АНЕЧКА\a_nettt.ost__157573233_486353815701638_2359635537614635439_n.jpg (2d4ec5d2)
OK: P:\Photo\Из Сети\АНЕЧКА\a_nettt.ost__157866293_146494113994926_3466811859975865456_n.jpg
✅ CRC OK: P:\Photo\Из Сети\АНЕЧКА\a_nettt.ost__157866293_146494113994926_3466811859975865456_n.jpg (3ba45149)
OK: P:\Photo\Из Сети\АНЕЧКА\a_nettt.ost__157944211_471635197333058_5167249361729145386_n.jpg
✅ CRC OK: P:\Photo\Из Сети\АНЕЧКА\a_nettt.ost__157944211_471635197333058_5167249361729145386_n.jpg (58418b48)
OK: P:\Photo\Из Сети\АНЕЧКА\a_nettt.ost__158279489_761042451212656_289003020470425735_n.jpg
✅ CRC OK: P:\Photo\Из Сети\АНЕЧКА\a_nettt.ost__158279489_761042451212656_289003020470425735_n.jpg (da8b5324)
OK: P:\Photo\Из Сети\АНЕЧКА\a_nettt.ost__158412968_158504296089848_2768563974310726580_n.jpg
✅ CRC OK: P:\Photo\Из Сети\АНЕЧКА\a_nettt.ost__158412968_158504296089848_2768563974310726580_n.jpg (b5d09251)
OK: P:\Photo\Из Сети\АНЕЧКА\a_nettt.ost__158476422_284258783112281_8571726809232592981_n.jpg
✅ CRC OK: P:\Photo\Из Сети\АНЕЧКА\a_nettt.ost__158476422_284258783112281_8571726809232592981_n.jpg (ab2d5139)
OK: P:\Photo\Из Сети\АНЕЧКА\a_nettt.ost__158524092_291162835686294_6728725544450472110_n.jpg
✅ CRC OK: P:\Photo\Из Сети\АНЕЧКА\a_nettt.ost__158524092_291162835686294_6728725544450472110_n.jpg (d94c6de7)
OK: P:\Photo\Из Сети\АНЕЧКА\a_nettt.ost__158600380_3854250787946448_4838831844413721418_n.jpg
✅ CRC OK: P:\Photo\Из Сети\АНЕЧКА\a_nettt.ost__158600380_3854250787946448_4838831844413721418_n.jpg (2f75f4a7)
OK: P:\Photo\Из Сети\АНЕЧКА\a_nettt.ost__160092244_847484259430778_1207625030804939744_n.jpg
✅ CRC OK: P:\Photo\Из Сети\АНЕЧКА\a_nettt.ost__160092244_847484259430778_1207625030804939744_n.jpg (bb58aef4)
OK: P:\Photo\Из Сети\АНЕЧКА\a_nettt.ost__160223152_296220675267718_2465241532903413311_n.jpg
✅ CRC OK: P:\Photo\Из Сети\АНЕЧКА\a_nettt.ost__160223152_296220675267718_2465241532903413311_n.jpg (f282ff0e)
OK: P:\Photo\Из Сети\АНЕЧКА\a_nettt.ost__160566482_240022037815443_8445781049113760783_n.jpg
✅ CRC OK: P:\Photo\Из Сети\АНЕЧКА\a_nettt.ost__160566482_240022037815443_8445781049113760783_n.jpg (a4d50a85)
OK: P:\Photo\Из Сети\АНЕЧКА\a_nettt.ost__179087440_841250573138574_7964774010867410849_n.jpg
✅ CRC OK: P:\Photo\Из Сети\АНЕЧКА\a_nettt.ost__179087440_841250573138574_7964774010867410849_n.jpg (e189b99d)
OK: P:\Photo\Из Сети\АНЕЧКА\a_nettt.ost__182800194_246438517228070_1301542422222743923_n.jpg
✅ CRC OK: P:\Photo\Из Сети\АНЕЧКА\a_nettt.ost__182800194_246438517228070_1301542422222743923_n.jpg (66515bf7)
OK: P:\Photo\Из Сети\АНЕЧКА\a_nettt.ost__182986338_488520229250857_4126446321864193339_n.jpg
✅ CRC OK: P:\Photo\Из Сети\АНЕЧКА\a_nettt.ost__182986338_488520229250857_4126446321864193339_n.jpg (ef74d75e)
OK: P:\Photo\Из Сети\АНЕЧКА\a_nettt.ost__183093933_165166888854608_3694345768047981790_n.jpg
✅ CRC OK: P:\Photo\Из Сети\АНЕЧКА\a_nettt.ost__183093933_165166888854608_3694345768047981790_n.jpg (dc427b73)
OK: P:\Photo\Из Сети\АНЕЧКА\a_nettt.ost__188690877_1914149235410552_4906223097338629701_n.jpg
✅ CRC OK: P:\Photo\Из Сети\АНЕЧКА\a_nettt.ost__188690877_1914149235410552_4906223097338629701_n.jpg (323e624c)
OK: P:\Photo\Из Сети\АНЕЧКА\a_nettt.ost__188781130_872829230250483_8036779042216352262_n.jpg
✅ CRC OK: P:\Photo\Из Сети\АНЕЧКА\a_nettt.ost__188781130_872829230250483_8036779042216352262_n.jpg (2cd49ec9)
OK: P:\Photo\Из Сети\АНЕЧКА\a_nettt.ost__188933309_113739087562719_6898319264977815240_n.jpg
✅ CRC OK: P:\Photo\Из Сети\АНЕЧКА\a_nettt.ost__188933309_113739087562719_6898319264977815240_n.jpg (f3a49a6d)
OK: P:\Photo\Из Сети\АНЕЧКА\a_nettt.ost__188947516_4353764837988773_4150411214277074431_n.jpg
✅ CRC OK: P:\Photo\Из Сети\АНЕЧКА\a_nettt.ost__188947516_4353764837988773_4150411214277074431_n.jpg (658dcf0f)
OK: P:\Photo\Из Сети\АНЕЧКА\a_nettt.ost__189312056_1119232085250188_4722451491221870194_n.jpg
✅ CRC OK: P:\Photo\Из Сети\АНЕЧКА\a_nettt.ost__189312056_1119232085250188_4722451491221870194_n.jpg (ca8d0472)
OK: P:\Photo\Из Сети\АНЕЧКА\a_nettt.ost__189928950_323995452444283_5293727903792650309_n.jpg
✅ CRC OK: P:\Photo\Из Сети\АНЕЧКА\a_nettt.ost__189928950_323995452444283_5293727903792650309_n.jpg (621e5ea6)
OK: P:\Photo\Из Сети\АНЕЧКА\a_nettt.ost__190854323_213709040367524_5910946921436098170_n.jpg
✅ CRC OK: P:\Photo\Из Сети\АНЕЧКА\a_nettt.ost__190854323_213709040367524_5910946921436098170_n.jpg (faf4d87f)
OK: P:\Photo\Из Сети\АНЕЧКА\a_nettt.ost__191282695_833354397551984_2724977979461263572_n.jpg
✅ CRC OK: P:\Photo\Из Сети\АНЕЧКА\a_nettt.ost__191282695_833354397551984_2724977979461263572_n.jpg (d79db906)
OK: P:\Photo\Из Сети\АНЕЧКА\a_nettt.ost__191815296_1147312222360589_5423964625084639607_n.jpg
✅ CRC OK: P:\Photo\Из Сети\АНЕЧКА\a_nettt.ost__191815296_1147312222360589_5423964625084639607_n.jpg (0af37ce0)
OK: P:\Photo\Из Сети\АНЕЧКА\a_nettt.ost__193494947_854008211852092_7276388205820230080_n.jpg
✅ CRC OK: P:\Photo\Из Сети\АНЕЧКА\a_nettt.ost__193494947_854008211852092_7276388205820230080_n.jpg (ffd81144)
OK: P:\Photo\Из Сети\АНЕЧКА\a_nettt.ost__207061716_353379232863369_3569155518490280393_n.jpg
✅ CRC OK: P:\Photo\Из Сети\АНЕЧКА\a_nettt.ost__207061716_353379232863369_3569155518490280393_n.jpg (1c6d8767)
OK: P:\Photo\Из Сети\АНЕЧКА\a_nettt.ost__207680746_325541925875940_5365889038987868926_n.jpg
✅ CRC OK: P:\Photo\Из Сети\АНЕЧКА\a_nettt.ost__207680746_325541925875940_5365889038987868926_n.jpg (c1e58706)
OK: P:\Photo\Из Сети\АНЕЧКА\a_nettt.ost__209002720_2916869221920247_338875194255929432_n.jpg
✅ CRC OK: P:\Photo\Из Сети\АНЕЧКА\a_nettt.ost__209002720_2916869221920247_338875194255929432_n.jpg (7cd0879e)
OK: P:\Photo\Из Сети\АНЕЧКА\a_nettt.ost__209004020_161140809285655_8019932112041784418_n.jpg
✅ CRC OK: P:\Photo\Из Сети\АНЕЧКА\a_nettt.ost__209004020_161140809285655_8019932112041784418_n.jpg (50f57fec)
OK: P:\Photo\Из Сети\АНЕЧКА\a_nettt.ost__209008393_523849591994881_6215647091735947354_n.jpg
✅ CRC OK: P:\Photo\Из Сети\АНЕЧКА\a_nettt.ost__209008393_523849591994881_6215647091735947354_n.jpg (09e832a0)
OK: P:\Photo\Из Сети\АНЕЧКА\a_nettt.ost__235506824_537125050740404_2995570422217735969_n.jpg
✅ CRC OK: P:\Photo\Из Сети\АНЕЧКА\a_nettt.ost__235506824_537125050740404_2995570422217735969_n.jpg (f669e258)
OK: P:\Photo\Из Сети\АНЕЧКА\a_nettt.ost__235818744_1167542967065666_6534094386809006926_n.jpg
✅ CRC OK: P:\Photo\Из Сети\АНЕЧКА\a_nettt.ost__235818744_1167542967065666_6534094386809006926_n.jpg (f19d3f22)
OK: P:\Photo\Из Сети\АНЕЧКА\a_nettt.ost__235825605_1076289879574246_2389309969415012560_n.jpg
✅ CRC OK: P:\Photo\Из Сети\АНЕЧКА\a_nettt.ost__235825605_1076289879574246_2389309969415012560_n.jpg (289fbbc4)
OK: P:\Photo\Из Сети\АНЕЧКА\a_nettt.ost__236038985_136776035217064_307494735711103399_n.jpg
✅ CRC OK: P:\Photo\Из Сети\АНЕЧКА\a_nettt.ost__236038985_136776035217064_307494735711103399_n.jpg (5b6c9fb9)
OK: P:\Photo\Из Сети\АНЕЧКА\a_nettt.ost__236312756_1757015714497561_1501288038099146698_n.jpg
✅ CRC OK: P:\Photo\Из Сети\АНЕЧКА\a_nettt.ost__236312756_1757015714497561_1501288038099146698_n.jpg (bb4fecf4)
OK: P:\Photo\Из Сети\АНЕЧКА\a_nettt.ost__236791286_626292528321638_347269882899278011_n.jpg
✅ CRC OK: P:\Photo\Из Сети\АНЕЧКА\a_nettt.ost__236791286_626292528321638_347269882899278011_n.jpg (61ba55ef)
OK: P:\Photo\Из Сети\АНЕЧКА\a_nettt.ost__236822736_130601455944117_7517141499129863387_n.jpg
✅ CRC OK: P:\Photo\Из Сети\АНЕЧКА\a_nettt.ost__236822736_130601455944117_7517141499129863387_n.jpg (f8e7b795)
OK: P:\Photo\Из Сети\АНЕЧКА\a_nettt.ost__236884881_951210838760238_9152515712951432006_n.jpg
✅ CRC OK: P:\Photo\Из Сети\АНЕЧКА\a_nettt.ost__236884881_951210838760238_9152515712951432006_n.jpg (d95da006)
OK: P:\Photo\Из Сети\АНЕЧКА\a_nettt.ost__239491809_594487395051709_2300000759229144446_n.jpg
✅ CRC OK: P:\Photo\Из Сети\АНЕЧКА\a_nettt.ost__239491809_594487395051709_2300000759229144446_n.jpg (a2dfb9d2)
OK: P:\Photo\Из Сети\АНЕЧКА\a_nettt.ost__240029676_996144057828493_7403417860267148954_n.jpg
✅ CRC OK: P:\Photo\Из Сети\АНЕЧКА\a_nettt.ost__240029676_996144057828493_7403417860267148954_n.jpg (fda5c1dc)
OK: P:\Photo\Из Сети\АНЕЧКА\a_nettt.ost__240165373_1184387868708624_7127072195986864995_n.jpg
✅ CRC OK: P:\Photo\Из Сети\АНЕЧКА\a_nettt.ost__240165373_1184387868708624_7127072195986864995_n.jpg (34e1e1f4)
OK: P:\Photo\Из Сети\АНЕЧКА\a_nettt.ost__241137803_2678976469064184_3041507311102380972_n.jpg
✅ CRC OK: P:\Photo\Из Сети\АНЕЧКА\a_nettt.ost__241137803_2678976469064184_3041507311102380972_n.jpg (da133708)
OK: P:\Photo\Из Сети\АНЕЧКА\a_nettt.ost__241151294_151995403686868_9099373502523363263_n.jpg
✅ CRC OK: P:\Photo\Из Сети\АНЕЧКА\a_nettt.ost__241151294_151995403686868_9099373502523363263_n.jpg (a9454568)
OK: P:\Photo\Из Сети\АНЕЧКА\a_nettt.ost__241155244_245286730805800_967919191313169290_n.jpg
✅ CRC OK: P:\Photo\Из Сети\АНЕЧКА\a_nettt.ost__241155244_245286730805800_967919191313169290_n.jpg (3a09eb38)
OK: P:\Photo\Из Сети\АНЕЧКА\a_nettt.ost__241176719_398176681837205_1192148016684922307_n.jpg
✅ CRC OK: P:\Photo\Из Сети\АНЕЧКА\a_nettt.ost__241176719_398176681837205_1192148016684922307_n.jpg (324aa088)
OK: P:\Photo\Из Сети\АНЕЧКА\a_nettt.ost__241181333_561626224987101_5804569987408069197_n.jpg
✅ CRC OK: P:\Photo\Из Сети\АНЕЧКА\a_nettt.ost__241181333_561626224987101_5804569987408069197_n.jpg (c3028e79)
OK: P:\Photo\Из Сети\АНЕЧКА\a_nettt.ost__241212988_366163894969223_1544082189812627414_n.jpg
✅ CRC OK: P:\Photo\Из Сети\АНЕЧКА\a_nettt.ost__241212988_366163894969223_1544082189812627414_n.jpg (9de369c2)
OK: P:\Photo\Из Сети\АНЕЧКА\a_nettt.ost__241241676_1764033287133940_7790007656809866010_n.jpg
✅ CRC OK: P:\Photo\Из Сети\АНЕЧКА\a_nettt.ost__241241676_1764033287133940_7790007656809866010_n.jpg (c34a5808)
OK: P:\Photo\Из Сети\АНЕЧКА\a_nettt.ost__241280220_588577029182830_8584775608241489757_n.jpg
✅ CRC OK: P:\Photo\Из Сети\АНЕЧКА\a_nettt.ost__241280220_588577029182830_8584775608241489757_n.jpg (e6c0d3d7)
OK: P:\Photo\Из Сети\АНЕЧКА\a_nettt.ost__241313351_3174519352784369_7316905599123147135_n.jpg
✅ CRC OK: P:\Photo\Из Сети\АНЕЧКА\a_nettt.ost__241313351_3174519352784369_7316905599123147135_n.jpg (f9213840)
OK: P:\Photo\Из Сети\АНЕЧКА\a_nettt.ost__241313984_585716772611972_8480314260343453744_n.jpg
✅ CRC OK: P:\Photo\Из Сети\АНЕЧКА\a_nettt.ost__241313984_585716772611972_8480314260343453744_n.jpg (3cd8699c)
OK: P:\Photo\Из Сети\АНЕЧКА\a_nettt.ost__241314301_803887466958831_7074195312884256289_n.jpg
✅ CRC OK: P:\Photo\Из Сети\АНЕЧКА\a_nettt.ost__241314301_803887466958831_7074195312884256289_n.jpg (16c349d1)
OK: P:\Photo\Из Сети\АНЕЧКА\a_nettt.ost__241314497_249203340448737_5466623688998060078_n.jpg
✅ CRC OK: P:\Photo\Из Сети\АНЕЧКА\a_nettt.ost__241314497_249203340448737_5466623688998060078_n.jpg (d5f7da54)
OK: P:\Photo\Из Сети\АНЕЧКА\a_nettt.ost__245272721_287185993410244_3357651060666256250_n.jpg
✅ CRC OK: P:\Photo\Из Сети\АНЕЧКА\a_nettt.ost__245272721_287185993410244_3357651060666256250_n.jpg (b2c1be05)
OK: P:\Photo\Из Сети\АНЕЧКА\a_nettt.ost__245641983_408747830914869_7460745975289616531_n.jpg
✅ CRC OK: P:\Photo\Из Сети\АНЕЧКА\a_nettt.ost__245641983_408747830914869_7460745975289616531_n.jpg (c76796c5)
OK: P:\Photo\Из Сети\АНЕЧКА\a_nettt.ost__246447144_568080694477503_7647918953297942553_n.jpg
✅ CRC OK: P:\Photo\Из Сети\АНЕЧКА\a_nettt.ost__246447144_568080694477503_7647918953297942553_n.jpg (8edf20e1)
OK: P:\Photo\Из Сети\АНЕЧКА\a_nettt.ost__271453805_433416995142748_1670075950375938377_n.jpg
✅ CRC OK: P:\Photo\Из Сети\АНЕЧКА\a_nettt.ost__271453805_433416995142748_1670075950375938377_n.jpg (f0fda9e5)
OK: P:\Photo\Из Сети\АНЕЧКА\a_nettt.ost__271495027_343564590659454_6304688254327414600_n.jpg
✅ CRC OK: P:\Photo\Из Сети\АНЕЧКА\a_nettt.ost__271495027_343564590659454_6304688254327414600_n.jpg (d82b6182)
OK: P:\Photo\Из Сети\АНЕЧКА\a_nettt.ost__271495722_2265188443788115_5808527717659016014_n.jpg
✅ CRC OK: P:\Photo\Из Сети\АНЕЧКА\a_nettt.ost__271495722_2265188443788115_5808527717659016014_n.jpg (8d0beb88)
OK: P:\Photo\Из Сети\АНЕЧКА\a_nettt.ost__273230882_365925251648498_6604223423698196402_n.jpg
✅ CRC OK: P:\Photo\Из Сети\АНЕЧКА\a_nettt.ost__273230882_365925251648498_6604223423698196402_n.jpg (5187d3f3)
OK: P:\Photo\Из Сети\АНЕЧКА\a_nettt.ost__273374353_334018561980381_3568785411284624795_n.jpg
✅ CRC OK: P:\Photo\Из Сети\АНЕЧКА\a_nettt.ost__273374353_334018561980381_3568785411284624795_n.jpg (31e1d6f9)
OK: P:\Photo\Из Сети\АНЕЧКА\a_nettt.ost__273520995_1290986531418675_6029103404819832898_n.jpg
✅ CRC OK: P:\Photo\Из Сети\АНЕЧКА\a_nettt.ost__273520995_1290986531418675_6029103404819832898_n.jpg (ffa75acc)
OK: P:\Photo\Из Сети\АНЕЧКА\a_nettt.ost__273561559_5012056715523666_2262723563342708200_n.jpg
✅ CRC OK: P:\Photo\Из Сети\АНЕЧКА\a_nettt.ost__273561559_5012056715523666_2262723563342708200_n.jpg (c61b07e9)
OK: P:\Photo\Из Сети\АНЕЧКА\a_nettt.ost__286273248_1175754229931967_4230646857591907165_n.jpg
✅ CRC OK: P:\Photo\Из Сети\АНЕЧКА\a_nettt.ost__286273248_1175754229931967_4230646857591907165_n.jpg (2c10e39a)
OK: P:\Photo\Из Сети\АНЕЧКА\a_nettt.ost__286734167_744120436627061_4702972566146490287_n.jpg
✅ CRC OK: P:\Photo\Из Сети\АНЕЧКА\a_nettt.ost__286734167_744120436627061_4702972566146490287_n.jpg (81a86350)
OK: P:\Photo\Из Сети\АНЕЧКА\a_nettt.ost__288779418_492122899378270_6868772593229729840_n.jpg
✅ CRC OK: P:\Photo\Из Сети\АНЕЧКА\a_nettt.ost__288779418_492122899378270_6868772593229729840_n.jpg (e2b762a5)
OK: P:\Photo\Из Сети\АНЕЧКА\a_nettt.ost__289003433_712418979839387_2939709062356684405_n.jpg
✅ CRC OK: P:\Photo\Из Сети\АНЕЧКА\a_nettt.ost__289003433_712418979839387_2939709062356684405_n.jpg (a89d4699)
OK: P:\Photo\Из Сети\АНЕЧКА\a_nettt.ost__54732503_660953194361797_2348964970879495208_n.jpg
✅ CRC OK: P:\Photo\Из Сети\АНЕЧКА\a_nettt.ost__54732503_660953194361797_2348964970879495208_n.jpg (60423b28)
OK: P:\Photo\Из Сети\АНЕЧКА\a_nettt.ost__56470490_679580572478118_3603290480556469439_n.jpg
✅ CRC OK: P:\Photo\Из Сети\АНЕЧКА\a_nettt.ost__56470490_679580572478118_3603290480556469439_n.jpg (8e8ecef9)
OK: P:\Photo\Из Сети\АНЕЧКА\a_nettt.ost__56908113_125369801963716_7708941342895507682_n.jpg
✅ CRC OK: P:\Photo\Из Сети\АНЕЧКА\a_nettt.ost__56908113_125369801963716_7708941342895507682_n.jpg (1d28379b)
OK: P:\Photo\Из Сети\АНЕЧКА\a_nettt.ost__68665094_610396442825819_489363348215965051_n.jpg
✅ CRC OK: P:\Photo\Из Сети\АНЕЧКА\a_nettt.ost__68665094_610396442825819_489363348215965051_n.jpg (af81f9e6)
OK: P:\Photo\Из Сети\АНЕЧКА\a_nettt.ost__68710333_127284798575148_8352494266811858735_n.jpg
✅ CRC OK: P:\Photo\Из Сети\АНЕЧКА\a_nettt.ost__68710333_127284798575148_8352494266811858735_n.jpg (706ebe71)
OK: P:\Photo\Из Сети\АНЕЧКА\a_nettt.ost__68959271_479877142794830_4654380416242946383_n.jpg
✅ CRC OK: P:\Photo\Из Сети\АНЕЧКА\a_nettt.ost__68959271_479877142794830_4654380416242946383_n.jpg (7866627f)
OK: P:\Photo\Из Сети\АНЕЧКА\a_nettt.ost__69369862_154389302317205_927238723959175121_n.jpg
✅ CRC OK: P:\Photo\Из Сети\АНЕЧКА\a_nettt.ost__69369862_154389302317205_927238723959175121_n.jpg (d171690c)
OK: P:\Photo\Из Сети\АНЕЧКА\a_nettt.ost__69406686_410875066205788_1583351133051331319_n.jpg
✅ CRC OK: P:\Photo\Из Сети\АНЕЧКА\a_nettt.ost__69406686_410875066205788_1583351133051331319_n.jpg (43b8f1ca)
OK: P:\Photo\Из Сети\АНЕЧКА\a_nettt.ost__70865949_375853026670141_1849656337797709700_n.jpg
✅ CRC OK: P:\Photo\Из Сети\АНЕЧКА\a_nettt.ost__70865949_375853026670141_1849656337797709700_n.jpg (a4a0c3dd)
OK: P:\Photo\Из Сети\АНЕЧКА\a_nettt.ost__74906737_449147292671198_563791760296330109_n.jpg
✅ CRC OK: P:\Photo\Из Сети\АНЕЧКА\a_nettt.ost__74906737_449147292671198_563791760296330109_n.jpg (7288c223)
OK: P:\Photo\Из Сети\АНЕЧКА\a_nettt.ost__78869804_918066788589157_3398252282414896048_n.jpg
✅ CRC OK: P:\Photo\Из Сети\АНЕЧКА\a_nettt.ost__78869804_918066788589157_3398252282414896048_n.jpg (61b6cce4)
OK: P:\Photo\Из Сети\АНЕЧКА\a_nettt.ost__79517238_2462493387350641_783797285899937633_n.jpg
✅ CRC OK: P:\Photo\Из Сети\АНЕЧКА\a_nettt.ost__79517238_2462493387350641_783797285899937633_n.jpg (29ad2d4e)
OK: P:\Photo\Из Сети\АНЕЧКА\a_nettt.ost__80557049_2797362663660652_8263968262306674423_n.jpg
✅ CRC OK: P:\Photo\Из Сети\АНЕЧКА\a_nettt.ost__80557049_2797362663660652_8263968262306674423_n.jpg (6118ba3d)
OK: P:\Photo\Из Сети\АНЕЧКА\a_nettt.ost__82285186_161044818508132_2471112846705702891_n.jpg
✅ CRC OK: P:\Photo\Из Сети\АНЕЧКА\a_nettt.ost__82285186_161044818508132_2471112846705702891_n.jpg (016fc107)
OK: P:\Photo\Из Сети\АНЕЧКА\a_nettt.ost__82790898_561275264427267_2365637493237901228_n.jpg
✅ CRC OK: P:\Photo\Из Сети\АНЕЧКА\a_nettt.ost__82790898_561275264427267_2365637493237901228_n.jpg (a2723410)
OK: P:\Photo\Из Сети\Аленка Белозерова попка.jpg
✅ CRC OK: P:\Photo\Из Сети\Аленка Белозерова попка.jpg (cfceed67)
OK: P:\Photo\Из Сети\Анютка
OK: P:\Photo\Из Сети\Анютка\118614553_316020299470321_2923053715402788403_n.jpg
✅ CRC OK: P:\Photo\Из Сети\Анютка\118614553_316020299470321_2923053715402788403_n.jpg (53d708c2)
OK: P:\Photo\Из Сети\Анютка\1711259644829.jpeg
✅ CRC OK: P:\Photo\Из Сети\Анютка\1711259644829.jpeg (9ca7e7b5)
OK: P:\Photo\Из Сети\Анютка\1711259804491.jpeg
✅ CRC OK: P:\Photo\Из Сети\Анютка\1711259804491.jpeg (83f62a9c)
OK: P:\Photo\Из Сети\Анютка\1720508279834.jpeg
✅ CRC OK: P:\Photo\Из Сети\Анютка\1720508279834.jpeg (c162b76e)
OK: P:\Photo\Из Сети\Анютка\1727692442611.jpeg
✅ CRC OK: P:\Photo\Из Сети\Анютка\1727692442611.jpeg (c657c9c0)
OK: P:\Photo\Из Сети\Анютка\1757567491068.jpeg
✅ CRC OK: P:\Photo\Из Сети\Анютка\1757567491068.jpeg (36db3dae)
OK: P:\Photo\Из Сети\Анютка\17575674910685.jpeg
✅ CRC OK: P:\Photo\Из Сети\Анютка\17575674910685.jpeg (d76aa5e8)
OK: P:\Photo\Из Сети\Анютка\1757567498378.jpeg
✅ CRC OK: P:\Photo\Из Сети\Анютка\1757567498378.jpeg (edc1276f)
OK: P:\Photo\Из Сети\Анютка\1757568291685.jpeg
✅ CRC OK: P:\Photo\Из Сети\Анютка\1757568291685.jpeg (acb0120e)
OK: P:\Photo\Из Сети\Анютка\1760196424612.jpeg
✅ CRC OK: P:\Photo\Из Сети\Анютка\1760196424612.jpeg (4a318dff)
OK: P:\Photo\Из Сети\Анютка\1Sd2IU7r7zk.jpg
✅ CRC OK: P:\Photo\Из Сети\Анютка\1Sd2IU7r7zk.jpg (fbedb1e8)
OK: P:\Photo\Из Сети\Анютка\257777316_3148761995407622_3244317306190848528_n.jpg
✅ CRC OK: P:\Photo\Из Сети\Анютка\257777316_3148761995407622_3244317306190848528_n.jpg (d181a198)
OK: P:\Photo\Из Сети\Анютка\269915822_800230144711427_6776453645147122731_n.jpg
✅ CRC OK: P:\Photo\Из Сети\Анютка\269915822_800230144711427_6776453645147122731_n.jpg (7429afb4)
OK: P:\Photo\Из Сети\Анютка\270830419_1264975907313373_538305278912356991_n.jpg
✅ CRC OK: P:\Photo\Из Сети\Анютка\270830419_1264975907313373_538305278912356991_n.jpg (5402ee99)
OK: P:\Photo\Из Сети\Анютка\270977718_4449393238521011_2665190642744510899_n.jpg
✅ CRC OK: P:\Photo\Из Сети\Анютка\270977718_4449393238521011_2665190642744510899_n.jpg (80fdb424)
OK: P:\Photo\Из Сети\Анютка\271044549_1254671861720776_3511165132650744395_n.jpg
✅ CRC OK: P:\Photo\Из Сети\Анютка\271044549_1254671861720776_3511165132650744395_n.jpg (73291b55)
OK: P:\Photo\Из Сети\Анютка\271183390_824400145038631_4561132708469387728_n.jpg
✅ CRC OK: P:\Photo\Из Сети\Анютка\271183390_824400145038631_4561132708469387728_n.jpg (ea82bd70)
OK: P:\Photo\Из Сети\Анютка\272019735_451607019764247_5289778998017540353_n.jpg
✅ CRC OK: P:\Photo\Из Сети\Анютка\272019735_451607019764247_5289778998017540353_n.jpg (b973dae9)
OK: P:\Photo\Из Сети\Анютка\272040170_1312608485873749_5194539610777112468_n.jpg
✅ CRC OK: P:\Photo\Из Сети\Анютка\272040170_1312608485873749_5194539610777112468_n.jpg (26572bb1)
OK: P:\Photo\Из Сети\Анютка\276003670_708476580593334_1300931732760613633_n.jpg
✅ CRC OK: P:\Photo\Из Сети\Анютка\276003670_708476580593334_1300931732760613633_n.jpg (00fb2577)
OK: P:\Photo\Из Сети\Анютка\276016639_335069805256163_41461990730256557_n.jpg
✅ CRC OK: P:\Photo\Из Сети\Анютка\276016639_335069805256163_41461990730256557_n.jpg (5b15e43d)
OK: P:\Photo\Из Сети\Анютка\276090522_334136148744032_1448293874905848556_n.jpg
✅ CRC OK: P:\Photo\Из Сети\Анютка\276090522_334136148744032_1448293874905848556_n.jpg (4987e9b5)
OK: P:\Photo\Из Сети\Анютка\2JRLGE64yKI.jpg
✅ CRC OK: P:\Photo\Из Сети\Анютка\2JRLGE64yKI.jpg (77445b6d)
OK: P:\Photo\Из Сети\Анютка\3328240918082272763.mp4
✅ CRC OK: P:\Photo\Из Сети\Анютка\3328240918082272763.mp4 (01f88bc7)
OK: P:\Photo\Из Сети\Анютка\7GOX6jQZHl4.jpg
✅ CRC OK: P:\Photo\Из Сети\Анютка\7GOX6jQZHl4.jpg (4b72234d)
OK: P:\Photo\Из Сети\Анютка\8sKl5VQeMbQ.jpg
✅ CRC OK: P:\Photo\Из Сети\Анютка\8sKl5VQeMbQ.jpg (ba40ceb1)
OK: P:\Photo\Из Сети\Анютка\AGGmIxvzl00.jpg
✅ CRC OK: P:\Photo\Из Сети\Анютка\AGGmIxvzl00.jpg (b0b8a71b)
OK: P:\Photo\Из Сети\Анютка\Do2MIAYXOb4.jpg
✅ CRC OK: P:\Photo\Из Сети\Анютка\Do2MIAYXOb4.jpg (7b0315e6)
OK: P:\Photo\Из Сети\Анютка\GsyT1_IlM8M.jpg
✅ CRC OK: P:\Photo\Из Сети\Анютка\GsyT1_IlM8M.jpg (d77d9384)
OK: P:\Photo\Из Сети\Анютка\HfL0-1E0h1E.jpg
✅ CRC OK: P:\Photo\Из Сети\Анютка\HfL0-1E0h1E.jpg (f254d2f3)
OK: P:\Photo\Из Сети\Анютка\HzXraEAvHSk.jpg
✅ CRC OK: P:\Photo\Из Сети\Анютка\HzXraEAvHSk.jpg (73fa452b)
OK: P:\Photo\Из Сети\Анютка\J0EUwa9M8QM.jpg
✅ CRC OK: P:\Photo\Из Сети\Анютка\J0EUwa9M8QM.jpg (7b448ad8)
OK: P:\Photo\Из Сети\Анютка\JJ7XmZKt4_w.jpg
✅ CRC OK: P:\Photo\Из Сети\Анютка\JJ7XmZKt4_w.jpg (aca4eed0)
OK: P:\Photo\Из Сети\Анютка\K2oZXsSGAD4.jpg
✅ CRC OK: P:\Photo\Из Сети\Анютка\K2oZXsSGAD4.jpg (f73d8a38)
OK: P:\Photo\Из Сети\Анютка\KmlSkRT42LE.jpg
✅ CRC OK: P:\Photo\Из Сети\Анютка\KmlSkRT42LE.jpg (49241570)
OK: P:\Photo\Из Сети\Анютка\KzrqUfE1N3s.jpg
✅ CRC OK: P:\Photo\Из Сети\Анютка\KzrqUfE1N3s.jpg (f4889c27)
OK: P:\Photo\Из Сети\Анютка\LYKd6SDS78g.jpg
✅ CRC OK: P:\Photo\Из Сети\Анютка\LYKd6SDS78g.jpg (9aabaffb)
OK: P:\Photo\Из Сети\Анютка\NRiFKsasFd0.jpg
✅ CRC OK: P:\Photo\Из Сети\Анютка\NRiFKsasFd0.jpg (9259b5ad)
OK: P:\Photo\Из Сети\Анютка\NuqqqucFIVo.jpg
✅ CRC OK: P:\Photo\Из Сети\Анютка\NuqqqucFIVo.jpg (f478cb6b)
OK: P:\Photo\Из Сети\Анютка\OBiF8ma5g58.jpg
✅ CRC OK: P:\Photo\Из Сети\Анютка\OBiF8ma5g58.jpg (406c0c36)
OK: P:\Photo\Из Сети\Анютка\P5lfroHON8Q.jpg
✅ CRC OK: P:\Photo\Из Сети\Анютка\P5lfroHON8Q.jpg (e72d1520)
OK: P:\Photo\Из Сети\Анютка\TLvsI6xWdRk.jpg
✅ CRC OK: P:\Photo\Из Сети\Анютка\TLvsI6xWdRk.jpg (0b1c7060)
OK: P:\Photo\Из Сети\Анютка\XM5wh41QLFA.jpg
✅ CRC OK: P:\Photo\Из Сети\Анютка\XM5wh41QLFA.jpg (d2ae9a43)
OK: P:\Photo\Из Сети\Анютка\Xsjpk9zC07s.jpg
✅ CRC OK: P:\Photo\Из Сети\Анютка\Xsjpk9zC07s.jpg (2c22202f)
OK: P:\Photo\Из Сети\Анютка\Xyf_C4hoTPk.jpg
✅ CRC OK: P:\Photo\Из Сети\Анютка\Xyf_C4hoTPk.jpg (08cb1882)
OK: P:\Photo\Из Сети\Анютка\YxjIa2pF4Pc.jpg
✅ CRC OK: P:\Photo\Из Сети\Анютка\YxjIa2pF4Pc.jpg (19074d7b)
OK: P:\Photo\Из Сети\Анютка\aEFzb-2a_Io.jpg
✅ CRC OK: P:\Photo\Из Сети\Анютка\aEFzb-2a_Io.jpg (5e0866d6)
OK: P:\Photo\Из Сети\Анютка\aniutakosova88-20240708_230135-1382242036.jpg
✅ CRC OK: P:\Photo\Из Сети\Анютка\aniutakosova88-20240708_230135-1382242036.jpg (c162b76e)
OK: P:\Photo\Из Сети\Анютка\aniutakosova88-20240709_181249-1735997981.jpg
✅ CRC OK: P:\Photo\Из Сети\Анютка\aniutakosova88-20240709_181249-1735997981.jpg (4e1a5895)
OK: P:\Photo\Из Сети\Анютка\aniutakosova88-20240711_143301-1754881742.jpg
✅ CRC OK: P:\Photo\Из Сети\Анютка\aniutakosova88-20240711_143301-1754881742.jpg (d089dc51)
OK: P:\Photo\Из Сети\Анютка\aniutakosova88-20240711_220759-1541460947.jpg
✅ CRC OK: P:\Photo\Из Сети\Анютка\aniutakosova88-20240711_220759-1541460947.jpg (f495f09e)
OK: P:\Photo\Из Сети\Анютка\aniutakosova88-20240715_230815-1615974298.jpg
✅ CRC OK: P:\Photo\Из Сети\Анютка\aniutakosova88-20240715_230815-1615974298.jpg (b7cb9388)
OK: P:\Photo\Из Сети\Анютка\aniutakosova88-20240929_213204-2786696295.jpg
✅ CRC OK: P:\Photo\Из Сети\Анютка\aniutakosova88-20240929_213204-2786696295.jpg (c657c9c0)
OK: P:\Photo\Из Сети\Анютка\aniutakosova88-20250707_210327-2874583616.jpg
✅ CRC OK: P:\Photo\Из Сети\Анютка\aniutakosova88-20250707_210327-2874583616.jpg (b31fdfa4)
OK: P:\Photo\Из Сети\Анютка\aniutakosova88-20250707_213341-3279468692.jpg
✅ CRC OK: P:\Photo\Из Сети\Анютка\aniutakosova88-20250707_213341-3279468692.jpg (560a21c6)
OK: P:\Photo\Из Сети\Анютка\aniutakosova88-20250710_195121-3568543671.jpg
✅ CRC OK: P:\Photo\Из Сети\Анютка\aniutakosova88-20250710_195121-3568543671.jpg (dceeb7a1)
OK: P:\Photo\Из Сети\Анютка\aniutakosova88-20250710_195121-3673377721.jpg
✅ CRC OK: P:\Photo\Из Сети\Анютка\aniutakosova88-20250710_195121-3673377721.jpg (be8faf07)
OK: P:\Photo\Из Сети\Анютка\aniutakosova88-20250710_195121-711749254.jpg
✅ CRC OK: P:\Photo\Из Сети\Анютка\aniutakosova88-20250710_195121-711749254.jpg (a6c80233)
OK: P:\Photo\Из Сети\Анютка\aniutakosova88-20250711_225044-2014098286.jpg
✅ CRC OK: P:\Photo\Из Сети\Анютка\aniutakosova88-20250711_225044-2014098286.jpg (b04caab6)
OK: P:\Photo\Из Сети\Анютка\aniutakosova88-20250810_182657-3834734217.jpg
✅ CRC OK: P:\Photo\Из Сети\Анютка\aniutakosova88-20250810_182657-3834734217.jpg (acb0120e)
OK: P:\Photo\Из Сети\Анютка\aniutakosova88-20250820_211540-4095755369.jpg
✅ CRC OK: P:\Photo\Из Сети\Анютка\aniutakosova88-20250820_211540-4095755369.jpg (d5e983f1)
OK: P:\Photo\Из Сети\Анютка\aniutakosova88_106242458_281414359754163_5340189447955225740_n.jpg
✅ CRC OK: P:\Photo\Из Сети\Анютка\aniutakosova88_106242458_281414359754163_5340189447955225740_n.jpg (ee045405)
OK: P:\Photo\Из Сети\Анютка\aniutakosova88_106546554_654080018525246_7193470347895797861_n.jpg
✅ CRC OK: P:\Photo\Из Сети\Анютка\aniutakosova88_106546554_654080018525246_7193470347895797861_n.jpg (8358216a)
OK: P:\Photo\Из Сети\Анютка\aniutakosova88_109755161_4036799273059408_7192284655112137598_n.jpg
✅ CRC OK: P:\Photo\Из Сети\Анютка\aniutakosova88_109755161_4036799273059408_7192284655112137598_n.jpg (3949a6f7)
OK: P:\Photo\Из Сети\Анютка\aniutakosova88_117300682_319552675759690_3704698183873608947_n.jpg
✅ CRC OK: P:\Photo\Из Сети\Анютка\aniutakosova88_117300682_319552675759690_3704698183873608947_n.jpg (f9fbe8b9)
OK: P:\Photo\Из Сети\Анютка\aniutakosova88_119850341_958108694594796_5930080298963839142_n.jpg
✅ CRC OK: P:\Photo\Из Сети\Анютка\aniutakosova88_119850341_958108694594796_5930080298963839142_n.jpg (921fc90b)
OK: P:\Photo\Из Сети\Анютка\aniutakosova88_119863010_969744976858633_7687482043774869987_n.jpg
✅ CRC OK: P:\Photo\Из Сети\Анютка\aniutakosova88_119863010_969744976858633_7687482043774869987_n.jpg (50fdd5ed)
OK: P:\Photo\Из Сети\Анютка\aniutakosova88_119889322_5004761902870986_9009446648725581944_n.jpg
✅ CRC OK: P:\Photo\Из Сети\Анютка\aniutakosova88_119889322_5004761902870986_9009446648725581944_n.jpg (25b17412)
OK: P:\Photo\Из Сети\Анютка\aniutakosova88_119893350_158595852579502_8010292207750650442_n.jpg
✅ CRC OK: P:\Photo\Из Сети\Анютка\aniutakosova88_119893350_158595852579502_8010292207750650442_n.jpg (3c2de007)
OK: P:\Photo\Из Сети\Анютка\aniutakosova88_119895478_618550358818421_5393280109692824377_n.jpg
✅ CRC OK: P:\Photo\Из Сети\Анютка\aniutakosova88_119895478_618550358818421_5393280109692824377_n.jpg (144bc2d9)
OK: P:\Photo\Из Сети\Анютка\aniutakosova88_119936072_333466074587458_2729529005217764731_n.jpg
✅ CRC OK: P:\Photo\Из Сети\Анютка\aniutakosova88_119936072_333466074587458_2729529005217764731_n.jpg (82893b9d)
OK: P:\Photo\Из Сети\Анютка\aniutakosova88_119952776_175013727511992_8594711926635603589_n.jpg
✅ CRC OK: P:\Photo\Из Сети\Анютка\aniutakosova88_119952776_175013727511992_8594711926635603589_n.jpg (69c2b0b6)
OK: P:\Photo\Из Сети\Анютка\aniutakosova88_120041948_666375110945122_4826263160391453177_n.jpg
✅ CRC OK: P:\Photo\Из Сети\Анютка\aniutakosova88_120041948_666375110945122_4826263160391453177_n.jpg (f0107dbc)
OK: P:\Photo\Из Сети\Анютка\aniutakosova88_120052208_175026807450008_1104831265989854945_n.jpg
✅ CRC OK: P:\Photo\Из Сети\Анютка\aniutakosova88_120052208_175026807450008_1104831265989854945_n.jpg (2c2b8b35)
OK: P:\Photo\Из Сети\Анютка\aniutakosova88_120089809_343752536743535_5180312400457983485_n.jpg
✅ CRC OK: P:\Photo\Из Сети\Анютка\aniutakosova88_120089809_343752536743535_5180312400457983485_n.jpg (d7156168)
OK: P:\Photo\Из Сети\Анютка\aniutakosova88_120124077_342856880109925_3687616748978058807_n.jpg
✅ CRC OK: P:\Photo\Из Сети\Анютка\aniutakosova88_120124077_342856880109925_3687616748978058807_n.jpg (2fb00b90)
OK: P:\Photo\Из Сети\Анютка\aniutakosova88_133926306_1615427761992975_73055021155304844_n.jpg
✅ CRC OK: P:\Photo\Из Сети\Анютка\aniutakosova88_133926306_1615427761992975_73055021155304844_n.jpg (d771a2f7)
OK: P:\Photo\Из Сети\Анютка\aniutakosova88_134489155_387212552346810_4684298505597662938_n.jpg
✅ CRC OK: P:\Photo\Из Сети\Анютка\aniutakosova88_134489155_387212552346810_4684298505597662938_n.jpg (12369d4a)
OK: P:\Photo\Из Сети\Анютка\aniutakosova88_157718224_119369713484830_6849609032206625600_n.jpg
✅ CRC OK: P:\Photo\Из Сети\Анютка\aniutakosova88_157718224_119369713484830_6849609032206625600_n.jpg (e4a718ec)
OK: P:\Photo\Из Сети\Анютка\aniutakosova88_157810170_184682966478346_4050840012147731584_n.jpg
✅ CRC OK: P:\Photo\Из Сети\Анютка\aniutakosova88_157810170_184682966478346_4050840012147731584_n.jpg (8c9103df)
OK: P:\Photo\Из Сети\Анютка\aniutakosova88_157992072_456011668933650_4220127236712124061_n.jpg
✅ CRC OK: P:\Photo\Из Сети\Анютка\aniutakosova88_157992072_456011668933650_4220127236712124061_n.jpg (400602eb)
OK: P:\Photo\Из Сети\Анютка\aniutakosova88_158058228_454486035998564_3608300961268346382_n.jpg
✅ CRC OK: P:\Photo\Из Сети\Анютка\aniutakosova88_158058228_454486035998564_3608300961268346382_n.jpg (fbc6d238)
OK: P:\Photo\Из Сети\Анютка\aniutakosova88_158370290_473289813702924_2929748331396805272_n.jpg
✅ CRC OK: P:\Photo\Из Сети\Анютка\aniutakosova88_158370290_473289813702924_2929748331396805272_n.jpg (7b732ff4)
OK: P:\Photo\Из Сети\Анютка\aniutakosova88_158443243_1429805757363841_1037468297356680386_n.jpg
✅ CRC OK: P:\Photo\Из Сети\Анютка\aniutakosova88_158443243_1429805757363841_1037468297356680386_n.jpg (1fa3d961)
OK: P:\Photo\Из Сети\Анютка\aniutakosova88_161960288_244679597387915_5267822107447441955_n.jpg
✅ CRC OK: P:\Photo\Из Сети\Анютка\aniutakosova88_161960288_244679597387915_5267822107447441955_n.jpg (923fe65c)
OK: P:\Photo\Из Сети\Анютка\aniutakosova88_161999219_1783344108513298_1193868459600681409_n.jpg
✅ CRC OK: P:\Photo\Из Сети\Анютка\aniutakosova88_161999219_1783344108513298_1193868459600681409_n.jpg (79b5685d)
OK: P:\Photo\Из Сети\Анютка\aniutakosova88_162091295_351560632802901_2401857620168354975_n.jpg
✅ CRC OK: P:\Photo\Из Сети\Анютка\aniutakosova88_162091295_351560632802901_2401857620168354975_n.jpg (0ce223ea)
OK: P:\Photo\Из Сети\Анютка\aniutakosova88_162924169_471090830915271_4397356789408194437_n.jpg
✅ CRC OK: P:\Photo\Из Сети\Анютка\aniutakosova88_162924169_471090830915271_4397356789408194437_n.jpg (c931ea08)
OK: P:\Photo\Из Сети\Анютка\aniutakosova88_189381415_103316871887712_1194131147263838579_n.jpg
✅ CRC OK: P:\Photo\Из Сети\Анютка\aniutakosova88_189381415_103316871887712_1194131147263838579_n.jpg (1fb55968)
OK: P:\Photo\Из Сети\Анютка\aniutakosova88_196088776_502857567729986_156835784513257287_n.jpg
✅ CRC OK: P:\Photo\Из Сети\Анютка\aniutakosova88_196088776_502857567729986_156835784513257287_n.jpg (ff3fbf77)
OK: P:\Photo\Из Сети\Анютка\aniutakosova88_196437459_295438165587772_2300756419723884539_n.jpg
✅ CRC OK: P:\Photo\Из Сети\Анютка\aniutakosova88_196437459_295438165587772_2300756419723884539_n.jpg (c7103018)
OK: P:\Photo\Из Сети\Анютка\aniutakosova88_200149781_1575633165973176_1170770341912185902_n.jpg
✅ CRC OK: P:\Photo\Из Сети\Анютка\aniutakosova88_200149781_1575633165973176_1170770341912185902_n.jpg (651980c0)
OK: P:\Photo\Из Сети\Анютка\aniutakosova88_200161781_486305159297497_5419429233429865765_n.jpg
✅ CRC OK: P:\Photo\Из Сети\Анютка\aniutakosova88_200161781_486305159297497_5419429233429865765_n.jpg (ebac83aa)
OK: P:\Photo\Из Сети\Анютка\aniutakosova88_200200452_1288349694978371_3048930295393272610_n.jpg
✅ CRC OK: P:\Photo\Из Сети\Анютка\aniutakosova88_200200452_1288349694978371_3048930295393272610_n.jpg (2d84f719)
OK: P:\Photo\Из Сети\Анютка\aniutakosova88_200253635_501752651060221_1579430119877467808_n.jpg
✅ CRC OK: P:\Photo\Из Сети\Анютка\aniutakosova88_200253635_501752651060221_1579430119877467808_n.jpg (481025c6)
OK: P:\Photo\Из Сети\Анютка\aniutakosova88_201046204_237256867810210_3055459171465101841_n.jpg
✅ CRC OK: P:\Photo\Из Сети\Анютка\aniutakosova88_201046204_237256867810210_3055459171465101841_n.jpg (686e27c5)
OK: P:\Photo\Из Сети\Анютка\aniutakosova88_208463699_170633524964710_4820157508688080430_n.jpg
✅ CRC OK: P:\Photo\Из Сети\Анютка\aniutakosova88_208463699_170633524964710_4820157508688080430_n.jpg (3a1fef9d)
OK: P:\Photo\Из Сети\Анютка\aniutakosova88_208610443_505255367353146_8726374358279014229_n.jpg
✅ CRC OK: P:\Photo\Из Сети\Анютка\aniutakosova88_208610443_505255367353146_8726374358279014229_n.jpg (cea2ee3b)
OK: P:\Photo\Из Сети\Анютка\aniutakosova88_208813761_161035992681976_6746421574825572165_n.jpg
✅ CRC OK: P:\Photo\Из Сети\Анютка\aniutakosova88_208813761_161035992681976_6746421574825572165_n.jpg (de7399c3)
OK: P:\Photo\Из Сети\Анютка\aniutakosova88_209028852_1052564488613074_4470455677693805269_n.jpg
✅ CRC OK: P:\Photo\Из Сети\Анютка\aniutakosova88_209028852_1052564488613074_4470455677693805269_n.jpg (f133b3b5)
OK: P:\Photo\Из Сети\Анютка\aniutakosova88_209049625_135803805321875_2359638371518746215_n.jpg
✅ CRC OK: P:\Photo\Из Сети\Анютка\aniutakosova88_209049625_135803805321875_2359638371518746215_n.jpg (7d425cf9)
OK: P:\Photo\Из Сети\Анютка\aniutakosova88_209327874_543594526798770_9137328830316899522_n.jpg
✅ CRC OK: P:\Photo\Из Сети\Анютка\aniutakosova88_209327874_543594526798770_9137328830316899522_n.jpg (075714e8)
OK: P:\Photo\Из Сети\Анютка\aniutakosova88_209377420_5665267050213941_7537195399642063765_n.jpg
✅ CRC OK: P:\Photo\Из Сети\Анютка\aniutakosova88_209377420_5665267050213941_7537195399642063765_n.jpg (ad49cf7f)
OK: P:\Photo\Из Сети\Анютка\aniutakosova88_211563320_1171919089991357_3900910366161104426_n.jpg
✅ CRC OK: P:\Photo\Из Сети\Анютка\aniutakosova88_211563320_1171919089991357_3900910366161104426_n.jpg (2d3f3acd)
OK: P:\Photo\Из Сети\Анютка\aniutakosova88_213243266_324808359321228_5944572186454961580_n.jpg
✅ CRC OK: P:\Photo\Из Сети\Анютка\aniutakosova88_213243266_324808359321228_5944572186454961580_n.jpg (7416fb79)
OK: P:\Photo\Из Сети\Анютка\aniutakosova88_213528168_430328841289766_4309735671503970091_n.jpg
✅ CRC OK: P:\Photo\Из Сети\Анютка\aniutakosova88_213528168_430328841289766_4309735671503970091_n.jpg (defad8a7)
OK: P:\Photo\Из Сети\Анютка\aniutakosova88_213567116_177558307688147_650968510182563489_n.jpg
✅ CRC OK: P:\Photo\Из Сети\Анютка\aniutakosova88_213567116_177558307688147_650968510182563489_n.jpg (acc7c9ce)
OK: P:\Photo\Из Сети\Анютка\aniutakosova88_217405954_3630833180476170_4325969003680270677_n.jpg
✅ CRC OK: P:\Photo\Из Сети\Анютка\aniutakosova88_217405954_3630833180476170_4325969003680270677_n.jpg (a6c58337)
OK: P:\Photo\Из Сети\Анютка\aniutakosova88_241313710_589196752289923_4264077820290303660_n.jpg
✅ CRC OK: P:\Photo\Из Сети\Анютка\aniutakosova88_241313710_589196752289923_4264077820290303660_n.jpg (149cd3e4)
OK: P:\Photo\Из Сети\Анютка\aniutakosova88_242752839_874678593173255_2737678635877261076_n.jpg
✅ CRC OK: P:\Photo\Из Сети\Анютка\aniutakosova88_242752839_874678593173255_2737678635877261076_n.jpg (f4f6a0f0)
OK: P:\Photo\Из Сети\Анютка\aniutakosova88_276003670_708476580593334_1300931732760613633_n.jpg
✅ CRC OK: P:\Photo\Из Сети\Анютка\aniutakosova88_276003670_708476580593334_1300931732760613633_n.jpg (d8fc30f0)
OK: P:\Photo\Из Сети\Анютка\aniutakosova88_280266877_1881834522008631_297451000988679442_n.jpg
✅ CRC OK: P:\Photo\Из Сети\Анютка\aniutakosova88_280266877_1881834522008631_297451000988679442_n.jpg (f60167ed)
OK: P:\Photo\Из Сети\Анютка\aniutakosova88_53848853_397126817755188_3966598374128029122_n.jpg
✅ CRC OK: P:\Photo\Из Сети\Анютка\aniutakosova88_53848853_397126817755188_3966598374128029122_n.jpg (965fbb28)
OK: P:\Photo\Из Сети\Анютка\aniutakosova88_60414366_140542567023165_3772773745428722367_n.jpg
✅ CRC OK: P:\Photo\Из Сети\Анютка\aniutakosova88_60414366_140542567023165_3772773745428722367_n.jpg (47158dd2)
OK: P:\Photo\Из Сети\Анютка\aniutakosova88_60750349_226878368268090_2696896269698565737_n.jpg
✅ CRC OK: P:\Photo\Из Сети\Анютка\aniutakosova88_60750349_226878368268090_2696896269698565737_n.jpg (99ca391d)
OK: P:\Photo\Из Сети\Анютка\aniutakosova88_60984865_135478617554514_972370899127142856_n.jpg
✅ CRC OK: P:\Photo\Из Сети\Анютка\aniutakosova88_60984865_135478617554514_972370899127142856_n.jpg (8f2487ef)
OK: P:\Photo\Из Сети\Анютка\aniutakosova88_61193721_2363576587261262_631849857864887310_n.jpg
✅ CRC OK: P:\Photo\Из Сети\Анютка\aniutakosova88_61193721_2363576587261262_631849857864887310_n.jpg (95286f1c)
OK: P:\Photo\Из Сети\Анютка\aniutakosova88_62183611_2277881629090835_6744177096385523130_n.jpg
✅ CRC OK: P:\Photo\Из Сети\Анютка\aniutakosova88_62183611_2277881629090835_6744177096385523130_n.jpg (5cdc506d)
OK: P:\Photo\Из Сети\Анютка\aniutakosova88_65591626_648561122286050_797263071405310800_n.jpg
✅ CRC OK: P:\Photo\Из Сети\Анютка\aniutakosova88_65591626_648561122286050_797263071405310800_n.jpg (3126f522)
OK: P:\Photo\Из Сети\Анютка\aniutakosova88_66688753_161127208355821_5325844888738406837_n.jpg
✅ CRC OK: P:\Photo\Из Сети\Анютка\aniutakosova88_66688753_161127208355821_5325844888738406837_n.jpg (9101038e)
OK: P:\Photo\Из Сети\Анютка\aniutakosova88_66717076_454476065132528_242847528409231160_n.jpg
✅ CRC OK: P:\Photo\Из Сети\Анютка\aniutakosova88_66717076_454476065132528_242847528409231160_n.jpg (dc7affce)
OK: P:\Photo\Из Сети\Анютка\aniutakosova88_67802254_715109265580604_4001463110262856562_n.jpg
✅ CRC OK: P:\Photo\Из Сети\Анютка\aniutakosova88_67802254_715109265580604_4001463110262856562_n.jpg (12ac373e)
OK: P:\Photo\Из Сети\Анютка\aniutakosova88_68951556_2335597990036331_1384439898524648497_n.jpg
✅ CRC OK: P:\Photo\Из Сети\Анютка\aniutakosova88_68951556_2335597990036331_1384439898524648497_n.jpg (14561985)
OK: P:\Photo\Из Сети\Анютка\aniutakosova88_69150377_2358294654218859_7776344993976167215_n.jpg
✅ CRC OK: P:\Photo\Из Сети\Анютка\aniutakosova88_69150377_2358294654218859_7776344993976167215_n.jpg (eafb718a)
OK: P:\Photo\Из Сети\Анютка\aniutakosova88_69164550_2122728917827902_1981547709281500497_n.jpg
✅ CRC OK: P:\Photo\Из Сети\Анютка\aniutakosova88_69164550_2122728917827902_1981547709281500497_n.jpg (f2cca35c)
OK: P:\Photo\Из Сети\Анютка\aniutakosova88_69254889_138709554056032_6608176804817298235_n.jpg
✅ CRC OK: P:\Photo\Из Сети\Анютка\aniutakosova88_69254889_138709554056032_6608176804817298235_n.jpg (99f0b5b0)
OK: P:\Photo\Из Сети\Анютка\aniutakosova88_69313203_713942012366163_4872124316058943544_n.jpg
✅ CRC OK: P:\Photo\Из Сети\Анютка\aniutakosova88_69313203_713942012366163_4872124316058943544_n.jpg (03535ba2)
OK: P:\Photo\Из Сети\Анютка\aniutakosova88_69331905_111829679984626_329079217325831636_n.jpg
✅ CRC OK: P:\Photo\Из Сети\Анютка\aniutakosova88_69331905_111829679984626_329079217325831636_n.jpg (c87a6fca)
OK: P:\Photo\Из Сети\Анютка\aniutakosova88_69398196_383161482353501_1665361979613285333_n.jpg
✅ CRC OK: P:\Photo\Из Сети\Анютка\aniutakosova88_69398196_383161482353501_1665361979613285333_n.jpg (687e609b)
OK: P:\Photo\Из Сети\Анютка\aniutakosova88_69563438_150836539345891_2890194588874866044_n.jpg
✅ CRC OK: P:\Photo\Из Сети\Анютка\aniutakosova88_69563438_150836539345891_2890194588874866044_n.jpg (b4fab7c6)
OK: P:\Photo\Из Сети\Анютка\aniutakosova88_69808149_683193588828961_5840559345229262401_n.jpg
✅ CRC OK: P:\Photo\Из Сети\Анютка\aniutakosova88_69808149_683193588828961_5840559345229262401_n.jpg (2ea88afe)
OK: P:\Photo\Из Сети\Анютка\aniutakosova88_69955433_195948014735703_689674284479306770_n.jpg
✅ CRC OK: P:\Photo\Из Сети\Анютка\aniutakosova88_69955433_195948014735703_689674284479306770_n.jpg (838d30bf)
OK: P:\Photo\Из Сети\Анютка\aniutakosova88_70011318_385265769067362_174620157456009511_n.jpg
✅ CRC OK: P:\Photo\Из Сети\Анютка\aniutakosova88_70011318_385265769067362_174620157456009511_n.jpg (35e32835)
OK: P:\Photo\Из Сети\Анютка\aniutakosova88_70743613_151823315916441_4245112847752417368_n.jpg
✅ CRC OK: P:\Photo\Из Сети\Анютка\aniutakosova88_70743613_151823315916441_4245112847752417368_n.jpg (2fba20c7)
OK: P:\Photo\Из Сети\Анютка\aniutakosova88_71101486_204090687249162_7850671662912428204_n.jpg
✅ CRC OK: P:\Photo\Из Сети\Анютка\aniutakosova88_71101486_204090687249162_7850671662912428204_n.jpg (66f0f265)
OK: P:\Photo\Из Сети\Анютка\aniutakosova88_71729946_202316514249161_7729111538728810205_n.jpg
✅ CRC OK: P:\Photo\Из Сети\Анютка\aniutakosova88_71729946_202316514249161_7729111538728810205_n.jpg (147f70a2)
OK: P:\Photo\Из Сети\Анютка\aniutakosova88_77179436_754663528343464_7876915451443095810_n.jpg
✅ CRC OK: P:\Photo\Из Сети\Анютка\aniutakosova88_77179436_754663528343464_7876915451443095810_n.jpg (97ee73e6)
OK: P:\Photo\Из Сети\Анютка\aniutakosova88_82908064_222649175442948_3700529132787079846_n.jpg
✅ CRC OK: P:\Photo\Из Сети\Анютка\aniutakosova88_82908064_222649175442948_3700529132787079846_n.jpg (d496c303)
OK: P:\Photo\Из Сети\Анютка\aniutakosova88_84458327_127296908816286_8209620451109103107_n.jpg
✅ CRC OK: P:\Photo\Из Сети\Анютка\aniutakosova88_84458327_127296908816286_8209620451109103107_n.jpg (7a95d782)
OK: P:\Photo\Из Сети\Анютка\aniutakosova88_87420999_3124315427588007_298345302295611608_n.jpg
✅ CRC OK: P:\Photo\Из Сети\Анютка\aniutakosova88_87420999_3124315427588007_298345302295611608_n.jpg (48d5ed4b)
OK: P:\Photo\Из Сети\Анютка\aniutakosova88_95459246_531318120886869_899559051146253256_n.jpg
✅ CRC OK: P:\Photo\Из Сети\Анютка\aniutakosova88_95459246_531318120886869_899559051146253256_n.jpg (be21b418)
OK: P:\Photo\Из Сети\Анютка\aniutakosova88_95606430_1397969797073876_1949192929246467397_n.jpg
✅ CRC OK: P:\Photo\Из Сети\Анютка\aniutakosova88_95606430_1397969797073876_1949192929246467397_n.jpg (8cea67f0)
OK: P:\Photo\Из Сети\Анютка\aniutakosova88_95666878_251480912902956_4426830815793203602_n.jpg
✅ CRC OK: P:\Photo\Из Сети\Анютка\aniutakosova88_95666878_251480912902956_4426830815793203602_n.jpg (c75df38f)
OK: P:\Photo\Из Сети\Анютка\aniutakosova88_95790027_274570033711743_5774841531525612809_n.jpg
✅ CRC OK: P:\Photo\Из Сети\Анютка\aniutakosova88_95790027_274570033711743_5774841531525612809_n.jpg (7c7233ed)
OK: P:\Photo\Из Сети\Анютка\bbotsBrjj6c.jpg
✅ CRC OK: P:\Photo\Из Сети\Анютка\bbotsBrjj6c.jpg (f97823ae)
OK: P:\Photo\Из Сети\Анютка\deInTRn7Gt4.jpg
✅ CRC OK: P:\Photo\Из Сети\Анютка\deInTRn7Gt4.jpg (729df5bc)
OK: P:\Photo\Из Сети\Анютка\ggzXkgwEhqc.jpg
✅ CRC OK: P:\Photo\Из Сети\Анютка\ggzXkgwEhqc.jpg (ce75e950)
OK: P:\Photo\Из Сети\Анютка\hwlALoUbJVk.jpg
✅ CRC OK: P:\Photo\Из Сети\Анютка\hwlALoUbJVk.jpg (9aa35c5c)
OK: P:\Photo\Из Сети\Анютка\mcsd3AnMv68.jpg
✅ CRC OK: P:\Photo\Из Сети\Анютка\mcsd3AnMv68.jpg (2b970408)
OK: P:\Photo\Из Сети\Анютка\mrmH5AJbCMw.jpg
✅ CRC OK: P:\Photo\Из Сети\Анютка\mrmH5AJbCMw.jpg (d0b57299)
OK: P:\Photo\Из Сети\Анютка\mvz1_sb2xsU.jpg
✅ CRC OK: P:\Photo\Из Сети\Анютка\mvz1_sb2xsU.jpg (e5836de1)
OK: P:\Photo\Из Сети\Анютка\nDqbN044eXs.jpg
✅ CRC OK: P:\Photo\Из Сети\Анютка\nDqbN044eXs.jpg (a2a3aaa0)
OK: P:\Photo\Из Сети\Анютка\okQFNG0IWR0.jpg
✅ CRC OK: P:\Photo\Из Сети\Анютка\okQFNG0IWR0.jpg (375f0c24)
OK: P:\Photo\Из Сети\Анютка\sPrBeY0gYHI.jpg
✅ CRC OK: P:\Photo\Из Сети\Анютка\sPrBeY0gYHI.jpg (37c5a713)
OK: P:\Photo\Из Сети\Анютка\wa04FVOrmKw.jpg
✅ CRC OK: P:\Photo\Из Сети\Анютка\wa04FVOrmKw.jpg (f84038b0)
OK: P:\Photo\Из Сети\Анютка\xfseHzFWxJc.jpg
✅ CRC OK: P:\Photo\Из Сети\Анютка\xfseHzFWxJc.jpg (b1b350d4)
OK: P:\Photo\Из Сети\Анютка\z516PO4Ih70.jpg
✅ CRC OK: P:\Photo\Из Сети\Анютка\z516PO4Ih70.jpg (fb87c6dc)
OK: P:\Photo\Из Сети\Анютка\анютка попка.jpg
✅ CRC OK: P:\Photo\Из Сети\Анютка\анютка попка.jpg (501e92e3)
OK: P:\Photo\Из Сети\Анютка\анютка.jpg
✅ CRC OK: P:\Photo\Из Сети\Анютка\анютка.jpg (a1869a3b)
OK: P:\Photo\Из Сети\Анютка\анютка2.jpg
✅ CRC OK: P:\Photo\Из Сети\Анютка\анютка2.jpg (51c505a0)
OK: P:\Photo\Из Сети\Белозерова и ко
OK: P:\Photo\Из Сети\Белозерова и ко\7BX6rLU6l64 — копия.jpg
✅ CRC OK: P:\Photo\Из Сети\Белозерова и ко\7BX6rLU6l64 — копия.jpg (6db98982)
OK: P:\Photo\Из Сети\Белозерова и ко\x_0ee30070.jpg
✅ CRC OK: P:\Photo\Из Сети\Белозерова и ко\x_0ee30070.jpg (2bedc32d)
OK: P:\Photo\Из Сети\Белозерова и ко\x_3e8a537d.jpg
✅ CRC OK: P:\Photo\Из Сети\Белозерова и ко\x_3e8a537d.jpg (230bed8b)
OK: P:\Photo\Из Сети\Белозерова и ко\x_526bd2c7.jpg
✅ CRC OK: P:\Photo\Из Сети\Белозерова и ко\x_526bd2c7.jpg (549a3b28)
OK: P:\Photo\Из Сети\Белозерова и ко\x_659e5dab.jpg
✅ CRC OK: P:\Photo\Из Сети\Белозерова и ко\x_659e5dab.jpg (47965eb0)
OK: P:\Photo\Из Сети\Белозерова и ко\x_669714e3.jpg
✅ CRC OK: P:\Photo\Из Сети\Белозерова и ко\x_669714e3.jpg (31a4cfc9)
OK: P:\Photo\Из Сети\Белозерова и ко\x_66dc1525.jpg
✅ CRC OK: P:\Photo\Из Сети\Белозерова и ко\x_66dc1525.jpg (7946ec77)
OK: P:\Photo\Из Сети\Белозерова и ко\x_6d955def.jpg
✅ CRC OK: P:\Photo\Из Сети\Белозерова и ко\x_6d955def.jpg (ef7cd016)
OK: P:\Photo\Из Сети\Белозерова и ко\x_6f6e4f5f.jpg
✅ CRC OK: P:\Photo\Из Сети\Белозерова и ко\x_6f6e4f5f.jpg (36c23e8b)
OK: P:\Photo\Из Сети\Белозерова и ко\x_7fb44269.jpg
✅ CRC OK: P:\Photo\Из Сети\Белозерова и ко\x_7fb44269.jpg (876230f6)
OK: P:\Photo\Из Сети\Белозерова и ко\x_9809cb40.jpg
✅ CRC OK: P:\Photo\Из Сети\Белозерова и ко\x_9809cb40.jpg (30d31564)
OK: P:\Photo\Из Сети\Белозерова и ко\x_9c067c55.jpg
✅ CRC OK: P:\Photo\Из Сети\Белозерова и ко\x_9c067c55.jpg (d3e02e4f)
OK: P:\Photo\Из Сети\Белозерова и ко\x_a7bfe35b.jpg
✅ CRC OK: P:\Photo\Из Сети\Белозерова и ко\x_a7bfe35b.jpg (4c32e9a9)
OK: P:\Photo\Из Сети\Белозерова и ко\x_a89c8a68.jpg
✅ CRC OK: P:\Photo\Из Сети\Белозерова и ко\x_a89c8a68.jpg (ac13045c)
OK: P:\Photo\Из Сети\Белозерова и ко\x_ac1d3cab.jpg
✅ CRC OK: P:\Photo\Из Сети\Белозерова и ко\x_ac1d3cab.jpg (00286bf6)
OK: P:\Photo\Из Сети\Белозерова и ко\x_b1581599.jpg
✅ CRC OK: P:\Photo\Из Сети\Белозерова и ко\x_b1581599.jpg (cb098d77)
OK: P:\Photo\Из Сети\Белозерова и ко\x_cf2cc86b.jpg
✅ CRC OK: P:\Photo\Из Сети\Белозерова и ко\x_cf2cc86b.jpg (2c0cbb91)
OK: P:\Photo\Из Сети\Белозерова и ко\x_efe95cf9.jpg
✅ CRC OK: P:\Photo\Из Сети\Белозерова и ко\x_efe95cf9.jpg (07835ddf)
OK: P:\Photo\Из Сети\Белозерова и ко\Аленка Белозерова попка.jpg
✅ CRC OK: P:\Photo\Из Сети\Белозерова и ко\Аленка Белозерова попка.jpg (cfceed67)
OK: P:\Photo\Из Сети\Бестия
OK: P:\Photo\Из Сети\Бестия\(17).jpg
✅ CRC OK: P:\Photo\Из Сети\Бестия\(17).jpg (6488f510)
OK: P:\Photo\Из Сети\Бестия\(275).jpg
✅ CRC OK: P:\Photo\Из Сети\Бестия\(275).jpg (7c117ed1)
OK: P:\Photo\Из Сети\Бестия\(522).jpg
✅ CRC OK: P:\Photo\Из Сети\Бестия\(522).jpg (bcc8b3c9)
OK: P:\Photo\Из Сети\Бестия\(524).jpg
✅ CRC OK: P:\Photo\Из Сети\Бестия\(524).jpg (d090258b)
OK: P:\Photo\Из Сети\Бестия\(528).jpg
✅ CRC OK: P:\Photo\Из Сети\Бестия\(528).jpg (b260ea77)
OK: P:\Photo\Из Сети\Бестия\(550).jpg
✅ CRC OK: P:\Photo\Из Сети\Бестия\(550).jpg (1f752082)
OK: P:\Photo\Из Сети\Бестия\(814).jpg
✅ CRC OK: P:\Photo\Из Сети\Бестия\(814).jpg (c7c8ed58)
OK: P:\Photo\Из Сети\Бестия\(888).jpg
✅ CRC OK: P:\Photo\Из Сети\Бестия\(888).jpg (3bed366b)
OK: P:\Photo\Из Сети\Бестия\(946).jpg
✅ CRC OK: P:\Photo\Из Сети\Бестия\(946).jpg (d7d27bc1)
OK: P:\Photo\Из Сети\Бестия\,.jpg
✅ CRC OK: P:\Photo\Из Сети\Бестия\,.jpg (889b20cd)
OK: P:\Photo\Из Сети\Бестия\-II-.jpg
✅ CRC OK: P:\Photo\Из Сети\Бестия\-II-.jpg (6b2af0cf)
OK: P:\Photo\Из Сети\Бестия\... (14).JPG
✅ CRC OK: P:\Photo\Из Сети\Бестия\... (14).JPG (3d9b4093)
OK: P:\Photo\Из Сети\Бестия\..jpg
✅ CRC OK: P:\Photo\Из Сети\Бестия\..jpg (35675081)
OK: P:\Photo\Из Сети\Бестия\00196.jpg
✅ CRC OK: P:\Photo\Из Сети\Бестия\00196.jpg (ffccc05c)
OK: P:\Photo\Из Сети\Бестия\00197.jpg
✅ CRC OK: P:\Photo\Из Сети\Бестия\00197.jpg (5e1fba16)
OK: P:\Photo\Из Сети\Бестия\00307.jpg
✅ CRC OK: P:\Photo\Из Сети\Бестия\00307.jpg (61654788)
OK: P:\Photo\Из Сети\Бестия\00466.jpg
✅ CRC OK: P:\Photo\Из Сети\Бестия\00466.jpg (0827a13a)
OK: P:\Photo\Из Сети\Бестия\09.jpg
✅ CRC OK: P:\Photo\Из Сети\Бестия\09.jpg (fe3e75f9)
OK: P:\Photo\Из Сети\Бестия\0EEC.jpg
✅ CRC OK: P:\Photo\Из Сети\Бестия\0EEC.jpg (af6b5e8c)
OK: P:\Photo\Из Сети\Бестия\0_1138e_61af54c3_L.jpeg
✅ CRC OK: P:\Photo\Из Сети\Бестия\0_1138e_61af54c3_L.jpeg (deaf0a45)
OK: P:\Photo\Из Сети\Бестия\0_11390_7c4fdc2a_L.jpeg
✅ CRC OK: P:\Photo\Из Сети\Бестия\0_11390_7c4fdc2a_L.jpeg (c247ff1f)
OK: P:\Photo\Из Сети\Бестия\0_50077_94fa1c7_orig.jpg
✅ CRC OK: P:\Photo\Из Сети\Бестия\0_50077_94fa1c7_orig.jpg (875dc8d1)
OK: P:\Photo\Из Сети\Бестия\0_55336_f11e34bc_orig.jpg
✅ CRC OK: P:\Photo\Из Сети\Бестия\0_55336_f11e34bc_orig.jpg (2c93923c)
OK: P:\Photo\Из Сети\Бестия\0_55b9c_c6247b04_orig.jpg
✅ CRC OK: P:\Photo\Из Сети\Бестия\0_55b9c_c6247b04_orig.jpg (804e51c2)
OK: P:\Photo\Из Сети\Бестия\0_5737a_8ab3bd1b_orig.jpg
✅ CRC OK: P:\Photo\Из Сети\Бестия\0_5737a_8ab3bd1b_orig.jpg (6227a0f0)
OK: P:\Photo\Из Сети\Бестия\0_5976d_6516f3c4_XXL.jpg
✅ CRC OK: P:\Photo\Из Сети\Бестия\0_5976d_6516f3c4_XXL.jpg (4bb58bf9)
OK: P:\Photo\Из Сети\Бестия\0_5ba16_aecbcb0f_orig.jpg
✅ CRC OK: P:\Photo\Из Сети\Бестия\0_5ba16_aecbcb0f_orig.jpg (1b17d96d)
OK: P:\Photo\Из Сети\Бестия\0_5d73c_d980a701_orig.jpg
✅ CRC OK: P:\Photo\Из Сети\Бестия\0_5d73c_d980a701_orig.jpg (ef666344)
OK: P:\Photo\Из Сети\Бестия\1.jpg
✅ CRC OK: P:\Photo\Из Сети\Бестия\1.jpg (720dbae4)
OK: P:\Photo\Из Сети\Бестия\1168982171951.jpg
✅ CRC OK: P:\Photo\Из Сети\Бестия\1168982171951.jpg (f53a50c5)
OK: P:\Photo\Из Сети\Бестия\118 Юля  сзади.JPG
✅ CRC OK: P:\Photo\Из Сети\Бестия\118 Юля  сзади.JPG (4c59aa6b)
OK: P:\Photo\Из Сети\Бестия\1211224229_01.jpg
✅ CRC OK: P:\Photo\Из Сети\Бестия\1211224229_01.jpg (b57429b6)
OK: P:\Photo\Из Сети\Бестия\1211224270_02.jpg
✅ CRC OK: P:\Photo\Из Сети\Бестия\1211224270_02.jpg (2d058030)
OK: P:\Photo\Из Сети\Бестия\1235939632_1-9.jpg
✅ CRC OK: P:\Photo\Из Сети\Бестия\1235939632_1-9.jpg (08da9cbd)
OK: P:\Photo\Из Сети\Бестия\125609dc13eba5b60680f3f0705029e4cfbafd.jpg
✅ CRC OK: P:\Photo\Из Сети\Бестия\125609dc13eba5b60680f3f0705029e4cfbafd.jpg (d2b5e3ac)
OK: P:\Photo\Из Сети\Бестия\1274284052_ass-010.jpg
✅ CRC OK: P:\Photo\Из Сети\Бестия\1274284052_ass-010.jpg (7abceb41)
OK: P:\Photo\Из Сети\Бестия\1276034446_tight_pants_27.jpg
✅ CRC OK: P:\Photo\Из Сети\Бестия\1276034446_tight_pants_27.jpg (41052941)
OK: P:\Photo\Из Сети\Бестия\1276034460_tight_pants_20.jpg
✅ CRC OK: P:\Photo\Из Сети\Бестия\1276034460_tight_pants_20.jpg (5128c069)
OK: P:\Photo\Из Сети\Бестия\1276034468_tight_pants_31.jpg
✅ CRC OK: P:\Photo\Из Сети\Бестия\1276034468_tight_pants_31.jpg (c714981c)
OK: P:\Photo\Из Сети\Бестия\1276034530_tight_pants_25.jpg
✅ CRC OK: P:\Photo\Из Сети\Бестия\1276034530_tight_pants_25.jpg (514d715c)
OK: P:\Photo\Из Сети\Бестия\1276034532_tight_pants_58.jpg
✅ CRC OK: P:\Photo\Из Сети\Бестия\1276034532_tight_pants_58.jpg (9f48acfc)
OK: P:\Photo\Из Сети\Бестия\1300913859_popy-v-losinah-ykota-1.jpg
✅ CRC OK: P:\Photo\Из Сети\Бестия\1300913859_popy-v-losinah-ykota-1.jpg (7db2eae7)
OK: P:\Photo\Из Сети\Бестия\15922002_RRRRSRRRRRyoR_079.jpg
✅ CRC OK: P:\Photo\Из Сети\Бестия\15922002_RRRRSRRRRRyoR_079.jpg (e0faed18)
OK: P:\Photo\Из Сети\Бестия\16569334_DSC02151g.jpg
✅ CRC OK: P:\Photo\Из Сети\Бестия\16569334_DSC02151g.jpg (8f7a3be4)
OK: P:\Photo\Из Сети\Бестия\17490347_i45.jpg
✅ CRC OK: P:\Photo\Из Сети\Бестия\17490347_i45.jpg (b6622f98)
OK: P:\Photo\Из Сети\Бестия\18955179_CIMG1958.JPG
✅ CRC OK: P:\Photo\Из Сети\Бестия\18955179_CIMG1958.JPG (79572e81)
OK: P:\Photo\Из Сети\Бестия\19124391_CIMG2312.JPG
✅ CRC OK: P:\Photo\Из Сети\Бестия\19124391_CIMG2312.JPG (919160ba)
OK: P:\Photo\Из Сети\Бестия\19124671_CIMG2316.JPG
✅ CRC OK: P:\Photo\Из Сети\Бестия\19124671_CIMG2316.JPG (1aeadb79)
OK: P:\Photo\Из Сети\Бестия\20117510_IMG_7470.jpg
✅ CRC OK: P:\Photo\Из Сети\Бестия\20117510_IMG_7470.jpg (6c9c8920)
OK: P:\Photo\Из Сети\Бестия\2_CfZW7PTgcRRu2zH.jpeg
✅ CRC OK: P:\Photo\Из Сети\Бестия\2_CfZW7PTgcRRu2zH.jpeg (afc5646b)
OK: P:\Photo\Из Сети\Бестия\2_D5iEC3h65.jpeg
✅ CRC OK: P:\Photo\Из Сети\Бестия\2_D5iEC3h65.jpeg (e8e5f111)
OK: P:\Photo\Из Сети\Бестия\2_WYqxy7V++dUc8S1ftdQW1jkeg0c=_11394_de4237d8_orig.jpeg
✅ CRC OK: P:\Photo\Из Сети\Бестия\2_WYqxy7V++dUc8S1ftdQW1jkeg0c=_11394_de4237d8_orig.jpeg (0d7b3e3a)
OK: P:\Photo\Из Сети\Бестия\2_dRulnOf4FrfMN9r6I+k95bYsbho=_1144a_73d5d72f_orig.jpeg
✅ CRC OK: P:\Photo\Из Сети\Бестия\2_dRulnOf4FrfMN9r6I+k95bYsbho=_1144a_73d5d72f_orig.jpeg (397b34ad)
OK: P:\Photo\Из Сети\Бестия\2_iU5aovLUmi+IA9lQY4Pj0PiftG8=_1144b_38111f12_orig.jpeg
✅ CRC OK: P:\Photo\Из Сети\Бестия\2_iU5aovLUmi+IA9lQY4Pj0PiftG8=_1144b_38111f12_orig.jpeg (dcff104a)
OK: P:\Photo\Из Сети\Бестия\2_mWpcP.ntx35fmBnPR28l4xxM.jpeg
✅ CRC OK: P:\Photo\Из Сети\Бестия\2_mWpcP.ntx35fmBnPR28l4xxM.jpeg (0a1a6c90)
OK: P:\Photo\Из Сети\Бестия\2_vM7tCW9mgywGDfO8Ve2JTbcnHjw=_1143d_341c2e06_orig.jpeg
✅ CRC OK: P:\Photo\Из Сети\Бестия\2_vM7tCW9mgywGDfO8Ve2JTbcnHjw=_1143d_341c2e06_orig.jpeg (e8cfe789)
OK: P:\Photo\Из Сети\Бестия\2_vO4lyWxd+go4bhKzfYisZZnd428=_11393_3dc4d178_orig.jpeg
✅ CRC OK: P:\Photo\Из Сети\Бестия\2_vO4lyWxd+go4bhKzfYisZZnd428=_11393_3dc4d178_orig.jpeg (ee237017)
OK: P:\Photo\Из Сети\Бестия\43221264273721.jpg
✅ CRC OK: P:\Photo\Из Сети\Бестия\43221264273721.jpg (cb8029fd)
OK: P:\Photo\Из Сети\Бестия\45900015_11222.jpg
✅ CRC OK: P:\Photo\Из Сети\Бестия\45900015_11222.jpg (3e87bab9)
OK: P:\Photo\Из Сети\Бестия\47258722_xxx87.jpg
✅ CRC OK: P:\Photo\Из Сети\Бестия\47258722_xxx87.jpg (694eeeb1)
OK: P:\Photo\Из Сети\Бестия\47258961_klovo_90.jpg
✅ CRC OK: P:\Photo\Из Сети\Бестия\47258961_klovo_90.jpg (14788978)
OK: P:\Photo\Из Сети\Бестия\4780845_DSCF9940.jpg
✅ CRC OK: P:\Photo\Из Сети\Бестия\4780845_DSCF9940.jpg (4cd844e4)
OK: P:\Photo\Из Сети\Бестия\514598935f8ff098197d968c2f71b069.jpeg
✅ CRC OK: P:\Photo\Из Сети\Бестия\514598935f8ff098197d968c2f71b069.jpeg (980a0d7f)
OK: P:\Photo\Из Сети\Бестия\55630694ze3.jpg
✅ CRC OK: P:\Photo\Из Сети\Бестия\55630694ze3.jpg (b421a3f3)
OK: P:\Photo\Из Сети\Бестия\5985170_11052007002.jpg
✅ CRC OK: P:\Photo\Из Сети\Бестия\5985170_11052007002.jpg (b5a5a3f5)
OK: P:\Photo\Из Сети\Бестия\7301810_f_3883558.jpg
✅ CRC OK: P:\Photo\Из Сети\Бестия\7301810_f_3883558.jpg (b04b309e)
OK: P:\Photo\Из Сети\Бестия\783681573.jpg
✅ CRC OK: P:\Photo\Из Сети\Бестия\783681573.jpg (7b915bc1)
OK: P:\Photo\Из Сети\Бестия\80cbff3965e7.jpg
✅ CRC OK: P:\Photo\Из Сети\Бестия\80cbff3965e7.jpg (7ef0eac7)
OK: P:\Photo\Из Сети\Бестия\9203225_IMG_1502.jpg
✅ CRC OK: P:\Photo\Из Сети\Бестия\9203225_IMG_1502.jpg (99067e16)
OK: P:\Photo\Из Сети\Бестия\9259178_Izobrazhenie_023.jpg
✅ CRC OK: P:\Photo\Из Сети\Бестия\9259178_Izobrazhenie_023.jpg (33ee9822)
OK: P:\Photo\Из Сети\Бестия\9ad02f2a2654912b3aa59a79974d834956644135089706.jpg
✅ CRC OK: P:\Photo\Из Сети\Бестия\9ad02f2a2654912b3aa59a79974d834956644135089706.jpg (9de12fed)
OK: P:\Photo\Из Сети\Бестия\DSC00014.JPG
✅ CRC OK: P:\Photo\Из Сети\Бестия\DSC00014.JPG (0e2c1012)
OK: P:\Photo\Из Сети\Бестия\DSC00020.JPG
✅ CRC OK: P:\Photo\Из Сети\Бестия\DSC00020.JPG (6bd91341)
OK: P:\Photo\Из Сети\Бестия\DSC00021.JPG
✅ CRC OK: P:\Photo\Из Сети\Бестия\DSC00021.JPG (cdce3d73)
OK: P:\Photo\Из Сети\Бестия\DSC00036.JPG
✅ CRC OK: P:\Photo\Из Сети\Бестия\DSC00036.JPG (e72ea321)
OK: P:\Photo\Из Сети\Бестия\DSC00079.JPG
✅ CRC OK: P:\Photo\Из Сети\Бестия\DSC00079.JPG (e51f5dae)
OK: P:\Photo\Из Сети\Бестия\DSC00174.JPG
✅ CRC OK: P:\Photo\Из Сети\Бестия\DSC00174.JPG (f61d4783)
OK: P:\Photo\Из Сети\Бестия\DSC00292.JPG
✅ CRC OK: P:\Photo\Из Сети\Бестия\DSC00292.JPG (476e5f18)
OK: P:\Photo\Из Сети\Бестия\DSC00322.JPG
✅ CRC OK: P:\Photo\Из Сети\Бестия\DSC00322.JPG (7c9a43c7)
OK: P:\Photo\Из Сети\Бестия\DSC00347.JPG
✅ CRC OK: P:\Photo\Из Сети\Бестия\DSC00347.JPG (2682db28)
OK: P:\Photo\Из Сети\Бестия\DSC00401.JPG
✅ CRC OK: P:\Photo\Из Сети\Бестия\DSC00401.JPG (4451ad86)
OK: P:\Photo\Из Сети\Бестия\DSC00731.JPG
✅ CRC OK: P:\Photo\Из Сети\Бестия\DSC00731.JPG (cd2db333)
OK: P:\Photo\Из Сети\Бестия\DSC00951.jpg
✅ CRC OK: P:\Photo\Из Сети\Бестия\DSC00951.jpg (5476be55)
OK: P:\Photo\Из Сети\Бестия\DSC00979.JPG
✅ CRC OK: P:\Photo\Из Сети\Бестия\DSC00979.JPG (999a6ea1)
OK: P:\Photo\Из Сети\Бестия\DSC01031.JPG
✅ CRC OK: P:\Photo\Из Сети\Бестия\DSC01031.JPG (af4d995b)
OK: P:\Photo\Из Сети\Бестия\DSC01102.JPG
✅ CRC OK: P:\Photo\Из Сети\Бестия\DSC01102.JPG (8886163f)
OK: P:\Photo\Из Сети\Бестия\DSC01105.JPG
✅ CRC OK: P:\Photo\Из Сети\Бестия\DSC01105.JPG (ff655486)
OK: P:\Photo\Из Сети\Бестия\DSC01107.JPG
✅ CRC OK: P:\Photo\Из Сети\Бестия\DSC01107.JPG (60161fad)
OK: P:\Photo\Из Сети\Бестия\DSC01122.JPG
✅ CRC OK: P:\Photo\Из Сети\Бестия\DSC01122.JPG (9fc52350)
OK: P:\Photo\Из Сети\Бестия\DSC01137.JPG
✅ CRC OK: P:\Photo\Из Сети\Бестия\DSC01137.JPG (ef137b88)
OK: P:\Photo\Из Сети\Бестия\DSC01155.JPG
✅ CRC OK: P:\Photo\Из Сети\Бестия\DSC01155.JPG (1b8615b5)
OK: P:\Photo\Из Сети\Бестия\DSC01221.JPG
✅ CRC OK: P:\Photo\Из Сети\Бестия\DSC01221.JPG (72a4c1e5)
OK: P:\Photo\Из Сети\Бестия\DSC01281.JPG
✅ CRC OK: P:\Photo\Из Сети\Бестия\DSC01281.JPG (7bf139dc)
OK: P:\Photo\Из Сети\Бестия\DSC01305.JPG
✅ CRC OK: P:\Photo\Из Сети\Бестия\DSC01305.JPG (d9fd8088)
OK: P:\Photo\Из Сети\Бестия\DSC01316.JPG
✅ CRC OK: P:\Photo\Из Сети\Бестия\DSC01316.JPG (b7037935)
OK: P:\Photo\Из Сети\Бестия\DSC01734.JPG
✅ CRC OK: P:\Photo\Из Сети\Бестия\DSC01734.JPG (2700278d)
OK: P:\Photo\Из Сети\Бестия\DSC01735.JPG
✅ CRC OK: P:\Photo\Из Сети\Бестия\DSC01735.JPG (88b63bcc)
OK: P:\Photo\Из Сети\Бестия\DSC01950.JPG
✅ CRC OK: P:\Photo\Из Сети\Бестия\DSC01950.JPG (d065ef6b)
OK: P:\Photo\Из Сети\Бестия\DSC02338.JPG
✅ CRC OK: P:\Photo\Из Сети\Бестия\DSC02338.JPG (1495ef93)
OK: P:\Photo\Из Сети\Бестия\DSC02340.JPG
✅ CRC OK: P:\Photo\Из Сети\Бестия\DSC02340.JPG (cc3c17ce)
OK: P:\Photo\Из Сети\Бестия\DSC02401.JPG
✅ CRC OK: P:\Photo\Из Сети\Бестия\DSC02401.JPG (c04d621e)
OK: P:\Photo\Из Сети\Бестия\DSC02445.JPG
✅ CRC OK: P:\Photo\Из Сети\Бестия\DSC02445.JPG (2badb30f)
OK: P:\Photo\Из Сети\Бестия\DSC02464.JPG
✅ CRC OK: P:\Photo\Из Сети\Бестия\DSC02464.JPG (203ab381)
OK: P:\Photo\Из Сети\Бестия\DSC02646.JPG
✅ CRC OK: P:\Photo\Из Сети\Бестия\DSC02646.JPG (ca7230a3)
OK: P:\Photo\Из Сети\Бестия\DSC02742.JPG
✅ CRC OK: P:\Photo\Из Сети\Бестия\DSC02742.JPG (43c818e9)
OK: P:\Photo\Из Сети\Бестия\DSC03303.JPG
✅ CRC OK: P:\Photo\Из Сети\Бестия\DSC03303.JPG (e520610e)
OK: P:\Photo\Из Сети\Бестия\DSC03953.JPG
✅ CRC OK: P:\Photo\Из Сети\Бестия\DSC03953.JPG (99c524a1)
OK: P:\Photo\Из Сети\Бестия\DSC03954.JPG
✅ CRC OK: P:\Photo\Из Сети\Бестия\DSC03954.JPG (ae5662c7)
OK: P:\Photo\Из Сети\Бестия\DSC03985.JPG
✅ CRC OK: P:\Photo\Из Сети\Бестия\DSC03985.JPG (d729b8ba)
OK: P:\Photo\Из Сети\Бестия\DSC04017.JPG
✅ CRC OK: P:\Photo\Из Сети\Бестия\DSC04017.JPG (25f0249a)
OK: P:\Photo\Из Сети\Бестия\DSC04410.JPG
✅ CRC OK: P:\Photo\Из Сети\Бестия\DSC04410.JPG (82db200a)
OK: P:\Photo\Из Сети\Бестия\DSC04422.JPG
✅ CRC OK: P:\Photo\Из Сети\Бестия\DSC04422.JPG (1deabb70)
OK: P:\Photo\Из Сети\Бестия\DSC04431.jpg
✅ CRC OK: P:\Photo\Из Сети\Бестия\DSC04431.jpg (35096b07)
OK: P:\Photo\Из Сети\Бестия\DSC04442.JPG
✅ CRC OK: P:\Photo\Из Сети\Бестия\DSC04442.JPG (2230ed3e)
OK: P:\Photo\Из Сети\Бестия\DSC04443.JPG
✅ CRC OK: P:\Photo\Из Сети\Бестия\DSC04443.JPG (a095c7af)
OK: P:\Photo\Из Сети\Бестия\DSC04445.JPG
✅ CRC OK: P:\Photo\Из Сети\Бестия\DSC04445.JPG (d6438f45)
OK: P:\Photo\Из Сети\Бестия\DSC04447.JPG
✅ CRC OK: P:\Photo\Из Сети\Бестия\DSC04447.JPG (2a0ba030)
OK: P:\Photo\Из Сети\Бестия\DSC04492.JPG
✅ CRC OK: P:\Photo\Из Сети\Бестия\DSC04492.JPG (e0a051c9)
OK: P:\Photo\Из Сети\Бестия\DSC04493.JPG
✅ CRC OK: P:\Photo\Из Сети\Бестия\DSC04493.JPG (ba8a56b4)
OK: P:\Photo\Из Сети\Бестия\DSC04498.JPG
✅ CRC OK: P:\Photo\Из Сети\Бестия\DSC04498.JPG (e6aaeb14)
OK: P:\Photo\Из Сети\Бестия\DSC04501.JPG
✅ CRC OK: P:\Photo\Из Сети\Бестия\DSC04501.JPG (1555b0e5)
OK: P:\Photo\Из Сети\Бестия\DSC04536.JPG
✅ CRC OK: P:\Photo\Из Сети\Бестия\DSC04536.JPG (eb50468b)
OK: P:\Photo\Из Сети\Бестия\DSC04584.JPG
✅ CRC OK: P:\Photo\Из Сети\Бестия\DSC04584.JPG (c8939b54)
OK: P:\Photo\Из Сети\Бестия\DSC04588.JPG
✅ CRC OK: P:\Photo\Из Сети\Бестия\DSC04588.JPG (2134511b)
OK: P:\Photo\Из Сети\Бестия\DSC04596.JPG
✅ CRC OK: P:\Photo\Из Сети\Бестия\DSC04596.JPG (38f3d23b)
OK: P:\Photo\Из Сети\Бестия\DSC04599.JPG
✅ CRC OK: P:\Photo\Из Сети\Бестия\DSC04599.JPG (4a4980fc)
OK: P:\Photo\Из Сети\Бестия\DSC04643.JPG
✅ CRC OK: P:\Photo\Из Сети\Бестия\DSC04643.JPG (3dd24f21)
OK: P:\Photo\Из Сети\Бестия\DSC04646.JPG
✅ CRC OK: P:\Photo\Из Сети\Бестия\DSC04646.JPG (8ad0450f)
OK: P:\Photo\Из Сети\Бестия\DSC04716.JPG
✅ CRC OK: P:\Photo\Из Сети\Бестия\DSC04716.JPG (d73dec72)
OK: P:\Photo\Из Сети\Бестия\DSC04843.JPG
✅ CRC OK: P:\Photo\Из Сети\Бестия\DSC04843.JPG (d0d0ddd4)
OK: P:\Photo\Из Сети\Бестия\DSC04908.JPG
✅ CRC OK: P:\Photo\Из Сети\Бестия\DSC04908.JPG (5c2e016b)
OK: P:\Photo\Из Сети\Бестия\DSC04960.JPG
✅ CRC OK: P:\Photo\Из Сети\Бестия\DSC04960.JPG (25f2834b)
OK: P:\Photo\Из Сети\Бестия\DSC04994.JPG
✅ CRC OK: P:\Photo\Из Сети\Бестия\DSC04994.JPG (99258ef5)
OK: P:\Photo\Из Сети\Бестия\DSC05137.JPG
✅ CRC OK: P:\Photo\Из Сети\Бестия\DSC05137.JPG (57f83d51)
OK: P:\Photo\Из Сети\Бестия\DSC05138.JPG
✅ CRC OK: P:\Photo\Из Сети\Бестия\DSC05138.JPG (b626bd66)
OK: P:\Photo\Из Сети\Бестия\DSC05261.JPG
✅ CRC OK: P:\Photo\Из Сети\Бестия\DSC05261.JPG (5bfd10b4)
OK: P:\Photo\Из Сети\Бестия\DSC05286.JPG
✅ CRC OK: P:\Photo\Из Сети\Бестия\DSC05286.JPG (248f09c6)
OK: P:\Photo\Из Сети\Бестия\DSC05294.JPG
✅ CRC OK: P:\Photo\Из Сети\Бестия\DSC05294.JPG (0b308797)
OK: P:\Photo\Из Сети\Бестия\DSC05296.JPG
✅ CRC OK: P:\Photo\Из Сети\Бестия\DSC05296.JPG (240206cc)
OK: P:\Photo\Из Сети\Бестия\DSC05603.JPG
✅ CRC OK: P:\Photo\Из Сети\Бестия\DSC05603.JPG (9787b9ff)
OK: P:\Photo\Из Сети\Бестия\DSC05604.JPG
✅ CRC OK: P:\Photo\Из Сети\Бестия\DSC05604.JPG (b0163cae)
OK: P:\Photo\Из Сети\Бестия\DSC05605.JPG
✅ CRC OK: P:\Photo\Из Сети\Бестия\DSC05605.JPG (ddecc6e7)
OK: P:\Photo\Из Сети\Бестия\DSC05613.JPG
✅ CRC OK: P:\Photo\Из Сети\Бестия\DSC05613.JPG (75077245)
OK: P:\Photo\Из Сети\Бестия\DSC05615.JPG
✅ CRC OK: P:\Photo\Из Сети\Бестия\DSC05615.JPG (924d16fa)
OK: P:\Photo\Из Сети\Бестия\DSC05621.JPG
✅ CRC OK: P:\Photo\Из Сети\Бестия\DSC05621.JPG (79734194)
OK: P:\Photo\Из Сети\Бестия\DSC05627.JPG
✅ CRC OK: P:\Photo\Из Сети\Бестия\DSC05627.JPG (76657946)
OK: P:\Photo\Из Сети\Бестия\DSC05635.JPG
✅ CRC OK: P:\Photo\Из Сети\Бестия\DSC05635.JPG (5b448bc7)
OK: P:\Photo\Из Сети\Бестия\DSC05655.JPG
✅ CRC OK: P:\Photo\Из Сети\Бестия\DSC05655.JPG (815315da)
OK: P:\Photo\Из Сети\Бестия\DSC05670.JPG
✅ CRC OK: P:\Photo\Из Сети\Бестия\DSC05670.JPG (9f5d1477)
OK: P:\Photo\Из Сети\Бестия\DSC05671.JPG
✅ CRC OK: P:\Photo\Из Сети\Бестия\DSC05671.JPG (fba4ea7a)
OK: P:\Photo\Из Сети\Бестия\Fuck my wet ASSSSSSS.jpg
✅ CRC OK: P:\Photo\Из Сети\Бестия\Fuck my wet ASSSSSSS.jpg (97c17d1f)
OK: P:\Photo\Из Сети\Бестия\IMG_0387.JPG
✅ CRC OK: P:\Photo\Из Сети\Бестия\IMG_0387.JPG (3c03203c)
OK: P:\Photo\Из Сети\Бестия\IMG_0501.jpg
✅ CRC OK: P:\Photo\Из Сети\Бестия\IMG_0501.jpg (0ebeae51)
OK: P:\Photo\Из Сети\Бестия\IMG_0535.jpg
✅ CRC OK: P:\Photo\Из Сети\Бестия\IMG_0535.jpg (9f3386c8)
OK: P:\Photo\Из Сети\Бестия\IMG_0611.jpg
✅ CRC OK: P:\Photo\Из Сети\Бестия\IMG_0611.jpg (6490d4f5)
OK: P:\Photo\Из Сети\Бестия\IMG_0727.jpg
✅ CRC OK: P:\Photo\Из Сети\Бестия\IMG_0727.jpg (1a1059e2)
OK: P:\Photo\Из Сети\Бестия\IMG_0737.jpg
✅ CRC OK: P:\Photo\Из Сети\Бестия\IMG_0737.jpg (b67c6d1f)
OK: P:\Photo\Из Сети\Бестия\IMG_1883.JPG
✅ CRC OK: P:\Photo\Из Сети\Бестия\IMG_1883.JPG (56d80e48)
OK: P:\Photo\Из Сети\Бестия\IMG_2001.JPG
✅ CRC OK: P:\Photo\Из Сети\Бестия\IMG_2001.JPG (c3657648)
OK: P:\Photo\Из Сети\Бестия\IMG_2141.JPG
✅ CRC OK: P:\Photo\Из Сети\Бестия\IMG_2141.JPG (0e548a70)
OK: P:\Photo\Из Сети\Бестия\IMG_2144.JPG
✅ CRC OK: P:\Photo\Из Сети\Бестия\IMG_2144.JPG (610be32a)
OK: P:\Photo\Из Сети\Бестия\IMG_2164.JPG
✅ CRC OK: P:\Photo\Из Сети\Бестия\IMG_2164.JPG (a8463950)
OK: P:\Photo\Из Сети\Бестия\IMG_2194.JPG
✅ CRC OK: P:\Photo\Из Сети\Бестия\IMG_2194.JPG (8258590d)
OK: P:\Photo\Из Сети\Бестия\IMG_2965.jpg
✅ CRC OK: P:\Photo\Из Сети\Бестия\IMG_2965.jpg (f2f682da)
OK: P:\Photo\Из Сети\Бестия\IMG_2993.jpg
✅ CRC OK: P:\Photo\Из Сети\Бестия\IMG_2993.jpg (8f2b318c)
OK: P:\Photo\Из Сети\Бестия\IMG_2998.jpg
✅ CRC OK: P:\Photo\Из Сети\Бестия\IMG_2998.jpg (9033c89d)
OK: P:\Photo\Из Сети\Бестия\IMG_3034.jpg
✅ CRC OK: P:\Photo\Из Сети\Бестия\IMG_3034.jpg (4e56d9cc)
OK: P:\Photo\Из Сети\Бестия\IMG_3056.jpg
✅ CRC OK: P:\Photo\Из Сети\Бестия\IMG_3056.jpg (be8aa8e5)
OK: P:\Photo\Из Сети\Бестия\IMG_3067.jpg
✅ CRC OK: P:\Photo\Из Сети\Бестия\IMG_3067.jpg (32084266)
OK: P:\Photo\Из Сети\Бестия\IMG_3092.jpg
✅ CRC OK: P:\Photo\Из Сети\Бестия\IMG_3092.jpg (17bb8d4b)
OK: P:\Photo\Из Сети\Бестия\IMG_4259.jpg
✅ CRC OK: P:\Photo\Из Сети\Бестия\IMG_4259.jpg (93ff1d53)
OK: P:\Photo\Из Сети\Бестия\IMG_4845.jpg
✅ CRC OK: P:\Photo\Из Сети\Бестия\IMG_4845.jpg (2bbe2035)
OK: P:\Photo\Из Сети\Бестия\IMG_5052.JPG
✅ CRC OK: P:\Photo\Из Сети\Бестия\IMG_5052.JPG (23ad7707)
OK: P:\Photo\Из Сети\Бестия\KKKK,MB O.jpg
✅ CRC OK: P:\Photo\Из Сети\Бестия\KKKK,MB O.jpg (67907b3c)
OK: P:\Photo\Из Сети\Бестия\O O.jpg
✅ CRC OK: P:\Photo\Из Сети\Бестия\O O.jpg (16564aef)
OK: P:\Photo\Из Сети\Бестия\OOOO (17).JPG
✅ CRC OK: P:\Photo\Из Сети\Бестия\OOOO (17).JPG (d7b4c398)
OK: P:\Photo\Из Сети\Бестия\OOOO (26).JPG
✅ CRC OK: P:\Photo\Из Сети\Бестия\OOOO (26).JPG (082574b2)
OK: P:\Photo\Из Сети\Бестия\OOOO (36).JPG
✅ CRC OK: P:\Photo\Из Сети\Бестия\OOOO (36).JPG (ae5ac637)
OK: P:\Photo\Из Сети\Бестия\OOOO (37).JPG
✅ CRC OK: P:\Photo\Из Сети\Бестия\OOOO (37).JPG (b51a6c47)
OK: P:\Photo\Из Сети\Бестия\Picture 076.jpg
✅ CRC OK: P:\Photo\Из Сети\Бестия\Picture 076.jpg (ce7d8852)
OK: P:\Photo\Из Сети\Бестия\Qb8WA5N9RXu1z1X7j92nQ.jpg
✅ CRC OK: P:\Photo\Из Сети\Бестия\Qb8WA5N9RXu1z1X7j92nQ.jpg (e08042e9)
OK: P:\Photo\Из Сети\Бестия\SP_A0978.jpg
✅ CRC OK: P:\Photo\Из Сети\Бестия\SP_A0978.jpg (1d78253c)
OK: P:\Photo\Из Сети\Бестия\Schoolgirl_120.jpg
✅ CRC OK: P:\Photo\Из Сети\Бестия\Schoolgirl_120.jpg (0ba576a2)
OK: P:\Photo\Из Сети\Бестия\Sephora_jeanse_web-.jpg
✅ CRC OK: P:\Photo\Из Сети\Бестия\Sephora_jeanse_web-.jpg (5c79a6f3)
OK: P:\Photo\Из Сети\Бестия\TEdit.jpeg
✅ CRC OK: P:\Photo\Из Сети\Бестия\TEdit.jpeg (d47a7353)
OK: P:\Photo\Из Сети\Бестия\VrdsLczJL3RmcKQ+y4Fmg.jpg
✅ CRC OK: P:\Photo\Из Сети\Бестия\VrdsLczJL3RmcKQ+y4Fmg.jpg (68416e78)
OK: P:\Photo\Из Сети\Бестия\XCsruSYzc2s-BqNC6KleQ.jpg
✅ CRC OK: P:\Photo\Из Сети\Бестия\XCsruSYzc2s-BqNC6KleQ.jpg (334792c7)
OK: P:\Photo\Из Сети\Бестия\a_cda02e89.jpg
✅ CRC OK: P:\Photo\Из Сети\Бестия\a_cda02e89.jpg (0b6f2a4c)
OK: P:\Photo\Из Сети\Бестия\bdc20159a596cc609389abe05f8cd2d2.jpg
✅ CRC OK: P:\Photo\Из Сети\Бестия\bdc20159a596cc609389abe05f8cd2d2.jpg (58864054)
OK: P:\Photo\Из Сети\Бестия\blonde_emo_girls_000.jpg
✅ CRC OK: P:\Photo\Из Сети\Бестия\blonde_emo_girls_000.jpg (05793027)
OK: P:\Photo\Из Сети\Бестия\blonde_emo_girls_001.jpg
✅ CRC OK: P:\Photo\Из Сети\Бестия\blonde_emo_girls_001.jpg (13387656)
OK: P:\Photo\Из Сети\Бестия\cum on my ass please.jpg
✅ CRC OK: P:\Photo\Из Сети\Бестия\cum on my ass please.jpg (b2fb9fe0)
OK: P:\Photo\Из Сети\Бестия\d41d8725708fd930c069d08dc807230e.jpg
✅ CRC OK: P:\Photo\Из Сети\Бестия\d41d8725708fd930c069d08dc807230e.jpg (3bb323f2)
OK: P:\Photo\Из Сети\Бестия\girls_000067.jpg
✅ CRC OK: P:\Photo\Из Сети\Бестия\girls_000067.jpg (fc2e7a2e)
OK: P:\Photo\Из Сети\Бестия\girls_000068.jpg
✅ CRC OK: P:\Photo\Из Сети\Бестия\girls_000068.jpg (7fe38890)
OK: P:\Photo\Из Сети\Бестия\girls_000086.jpg
✅ CRC OK: P:\Photo\Из Сети\Бестия\girls_000086.jpg (b30fc44b)
OK: P:\Photo\Из Сети\Бестия\goth1826113132.jpg
✅ CRC OK: P:\Photo\Из Сети\Бестия\goth1826113132.jpg (696405a4)
OK: P:\Photo\Из Сети\Бестия\gotr42.jpg
✅ CRC OK: P:\Photo\Из Сети\Бестия\gotr42.jpg (8c76f326)
OK: P:\Photo\Из Сети\Бестия\i0sjXOzjKbH8BMMCz2khA.jpg
✅ CRC OK: P:\Photo\Из Сети\Бестия\i0sjXOzjKbH8BMMCz2khA.jpg (941e932f)
OK: P:\Photo\Из Сети\Бестия\kari-sweets-02.jpg
✅ CRC OK: P:\Photo\Из Сети\Бестия\kari-sweets-02.jpg (c5012c68)
OK: P:\Photo\Из Сети\Бестия\m-M2mhJkL5JzSemXUJYrg.jpg
✅ CRC OK: P:\Photo\Из Сети\Бестия\m-M2mhJkL5JzSemXUJYrg.jpg (12b82f73)
OK: P:\Photo\Из Сети\Бестия\nvre78yt.jpg
✅ CRC OK: P:\Photo\Из Сети\Бестия\nvre78yt.jpg (9d5077f1)
OK: P:\Photo\Из Сети\Бестия\p61521_5[1].jpg
✅ CRC OK: P:\Photo\Из Сети\Бестия\p61521_5[1].jpg (6e070273)
OK: P:\Photo\Из Сети\Бестия\w_85f6656e.jpg
✅ CRC OK: P:\Photo\Из Сети\Бестия\w_85f6656e.jpg (af2882b3)
OK: P:\Photo\Из Сети\Бестия\x_01b0b2a7.jpg
✅ CRC OK: P:\Photo\Из Сети\Бестия\x_01b0b2a7.jpg (c218035b)
OK: P:\Photo\Из Сети\Бестия\x_06295a4f.jpg
✅ CRC OK: P:\Photo\Из Сети\Бестия\x_06295a4f.jpg (8264056d)
OK: P:\Photo\Из Сети\Бестия\x_076d15e0.jpg
✅ CRC OK: P:\Photo\Из Сети\Бестия\x_076d15e0.jpg (1a6ef7f0)
OK: P:\Photo\Из Сети\Бестия\x_14224857.jpg
✅ CRC OK: P:\Photo\Из Сети\Бестия\x_14224857.jpg (6464c0be)
OK: P:\Photo\Из Сети\Бестия\x_23dcdaf6.jpg
✅ CRC OK: P:\Photo\Из Сети\Бестия\x_23dcdaf6.jpg (9e51e0d0)
OK: P:\Photo\Из Сети\Бестия\x_2e3c7631.jpg
✅ CRC OK: P:\Photo\Из Сети\Бестия\x_2e3c7631.jpg (1843e28f)
OK: P:\Photo\Из Сети\Бестия\x_393a177a.jpg
✅ CRC OK: P:\Photo\Из Сети\Бестия\x_393a177a.jpg (a59f6da1)
OK: P:\Photo\Из Сети\Бестия\x_3eca1a25.jpg
✅ CRC OK: P:\Photo\Из Сети\Бестия\x_3eca1a25.jpg (a1eb4853)
OK: P:\Photo\Из Сети\Бестия\x_50a8ce44.jpg
✅ CRC OK: P:\Photo\Из Сети\Бестия\x_50a8ce44.jpg (1f026ca6)
OK: P:\Photo\Из Сети\Бестия\x_5a443a89.jpg
✅ CRC OK: P:\Photo\Из Сети\Бестия\x_5a443a89.jpg (6b7cb00c)
OK: P:\Photo\Из Сети\Бестия\x_5be56dd3.jpg
✅ CRC OK: P:\Photo\Из Сети\Бестия\x_5be56dd3.jpg (207c2b74)
OK: P:\Photo\Из Сети\Бестия\x_5ee5594f.jpg
✅ CRC OK: P:\Photo\Из Сети\Бестия\x_5ee5594f.jpg (bfa79e41)
OK: P:\Photo\Из Сети\Бестия\x_5f99f44e.jpg
✅ CRC OK: P:\Photo\Из Сети\Бестия\x_5f99f44e.jpg (6303e1ad)
OK: P:\Photo\Из Сети\Бестия\x_695bcfa5.jpg
✅ CRC OK: P:\Photo\Из Сети\Бестия\x_695bcfa5.jpg (77bcd6ef)
OK: P:\Photo\Из Сети\Бестия\x_6bff4f73.jpg
✅ CRC OK: P:\Photo\Из Сети\Бестия\x_6bff4f73.jpg (46fb09b2)
OK: P:\Photo\Из Сети\Бестия\x_7169c705.jpg
✅ CRC OK: P:\Photo\Из Сети\Бестия\x_7169c705.jpg (f6daf883)
OK: P:\Photo\Из Сети\Бестия\x_7355f053.jpg
✅ CRC OK: P:\Photo\Из Сети\Бестия\x_7355f053.jpg (e27a6727)
OK: P:\Photo\Из Сети\Бестия\x_7cba4567.jpg
✅ CRC OK: P:\Photo\Из Сети\Бестия\x_7cba4567.jpg (d08428c2)
OK: P:\Photo\Из Сети\Бестия\x_80ffccfc.jpg
✅ CRC OK: P:\Photo\Из Сети\Бестия\x_80ffccfc.jpg (e24834d1)
OK: P:\Photo\Из Сети\Бестия\x_aaf6bb1e.jpg
✅ CRC OK: P:\Photo\Из Сети\Бестия\x_aaf6bb1e.jpg (f2086d0c)
OK: P:\Photo\Из Сети\Бестия\x_b3890d2d.jpg
✅ CRC OK: P:\Photo\Из Сети\Бестия\x_b3890d2d.jpg (e494f8cc)
OK: P:\Photo\Из Сети\Бестия\x_b54479d5.jpg
✅ CRC OK: P:\Photo\Из Сети\Бестия\x_b54479d5.jpg (e3d66728)
OK: P:\Photo\Из Сети\Бестия\x_c03aeaea.jpg
✅ CRC OK: P:\Photo\Из Сети\Бестия\x_c03aeaea.jpg (bc89e852)
OK: P:\Photo\Из Сети\Бестия\x_c9941b1c.jpg
✅ CRC OK: P:\Photo\Из Сети\Бестия\x_c9941b1c.jpg (f186e3de)
OK: P:\Photo\Из Сети\Бестия\x_eb4ba08b.jpg
✅ CRC OK: P:\Photo\Из Сети\Бестия\x_eb4ba08b.jpg (3f91f450)
OK: P:\Photo\Из Сети\Бестия\x_f8f537e0.jpg
✅ CRC OK: P:\Photo\Из Сети\Бестия\x_f8f537e0.jpg (b77d65a2)
OK: P:\Photo\Из Сети\Бестия\x_fac443d7.jpg
✅ CRC OK: P:\Photo\Из Сети\Бестия\x_fac443d7.jpg (3eebcfd7)
OK: P:\Photo\Из Сети\Бестия\y_d2f7f1d9.jpg
✅ CRC OK: P:\Photo\Из Сети\Бестия\y_d2f7f1d9.jpg (3f332e6a)
OK: P:\Photo\Из Сети\Бестия\yoPJgOg+IbJHk1pxh3Yrw.jpg
✅ CRC OK: P:\Photo\Из Сети\Бестия\yoPJgOg+IbJHk1pxh3Yrw.jpg (fb7ac1a0)
OK: P:\Photo\Из Сети\Бестия\Безымянный2.bmp
✅ CRC OK: P:\Photo\Из Сети\Бестия\Безымянный2.bmp (062de47d)
OK: P:\Photo\Из Сети\Бестия\В попку.jpg
✅ CRC OK: P:\Photo\Из Сети\Бестия\В попку.jpg (5147b8ef)
OK: P:\Photo\Из Сети\Бестия\ЖПО.jpg
✅ CRC OK: P:\Photo\Из Сети\Бестия\ЖПО.jpg (35884ad2)
OK: P:\Photo\Из Сети\Бестия\Изображение 019.jpg
✅ CRC OK: P:\Photo\Из Сети\Бестия\Изображение 019.jpg (cf082812)
OK: P:\Photo\Из Сети\Бестия\Изображение 312 (2).jpg
✅ CRC OK: P:\Photo\Из Сети\Бестия\Изображение 312 (2).jpg (4c4a00ac)
OK: P:\Photo\Из Сети\Бестия\Изображение 324.jpg
✅ CRC OK: P:\Photo\Из Сети\Бестия\Изображение 324.jpg (864cf0fd)
OK: P:\Photo\Из Сети\Бестия\Изображение 333.jpg
✅ CRC OK: P:\Photo\Из Сети\Бестия\Изображение 333.jpg (2a86bced)
OK: P:\Photo\Из Сети\Бестия\Изображение 334.jpg
✅ CRC OK: P:\Photo\Из Сети\Бестия\Изображение 334.jpg (2a21009e)
OK: P:\Photo\Из Сети\Бестия\Изображение 346 (2).jpg
✅ CRC OK: P:\Photo\Из Сети\Бестия\Изображение 346 (2).jpg (e7c11d2a)
OK: P:\Photo\Из Сети\Бестия\Изображение 370.jpg
✅ CRC OK: P:\Photo\Из Сети\Бестия\Изображение 370.jpg (47828a71)
OK: P:\Photo\Из Сети\Бестия\Иркина попка.jpg
✅ CRC OK: P:\Photo\Из Сети\Бестия\Иркина попка.jpg (7da5a28a)
OK: P:\Photo\Из Сети\Бестия\Моя и Янкина попка.jpeg
✅ CRC OK: P:\Photo\Из Сети\Бестия\Моя и Янкина попка.jpeg (5d8d5856)
OK: P:\Photo\Из Сети\Бестия\Моя киса.JPG
✅ CRC OK: P:\Photo\Из Сети\Бестия\Моя киса.JPG (a4895d03)
OK: P:\Photo\Из Сети\Бестия\Моя попка с вебки.jpg
✅ CRC OK: P:\Photo\Из Сети\Бестия\Моя попка с вебки.jpg (55c3acb7)
OK: P:\Photo\Из Сети\Бестия\Моя попка(Яна).jpg
✅ CRC OK: P:\Photo\Из Сети\Бестия\Моя попка(Яна).jpg (eff59bda)
OK: P:\Photo\Из Сети\Бестия\Настюха,Янка, Я.jpg
✅ CRC OK: P:\Photo\Из Сети\Бестия\Настюха,Янка, Я.jpg (ba439cc3)
OK: P:\Photo\Из Сети\Бестия\Наши попки вид сзади.jpg
✅ CRC OK: P:\Photo\Из Сети\Бестия\Наши попки вид сзади.jpg (a9bf88b1)
OK: P:\Photo\Из Сети\Бестия\Наши попки(я и алинка).jpg
✅ CRC OK: P:\Photo\Из Сети\Бестия\Наши попки(я и алинка).jpg (47dbb27f)
OK: P:\Photo\Из Сети\Бестия\Наши попы.jpeg
✅ CRC OK: P:\Photo\Из Сети\Бестия\Наши попы.jpeg (518ab4f1)
OK: P:\Photo\Из Сети\Бестия\НашиПопочки.jpg
✅ CRC OK: P:\Photo\Из Сети\Бестия\НашиПопочки.jpg (37c237b3)
OK: P:\Photo\Из Сети\Бестия\Отгадай где моя попка.jpg
✅ CRC OK: P:\Photo\Из Сети\Бестия\Отгадай где моя попка.jpg (42996cc6)
OK: P:\Photo\Из Сети\Бестия\Попик Лерки.jpg
✅ CRC OK: P:\Photo\Из Сети\Бестия\Попик Лерки.jpg (2ec0c9ab)
OK: P:\Photo\Из Сети\Бестия\Юлька и Яна.jpg
✅ CRC OK: P:\Photo\Из Сети\Бестия\Юлька и Яна.jpg (192d4b6c)
OK: P:\Photo\Из Сети\Бестия\Юля и Ира.jpg
✅ CRC OK: P:\Photo\Из Сети\Бестия\Юля и Ира.jpg (7f40bbae)
OK: P:\Photo\Из Сети\Бестия\Я и Алинка 9.jpg
✅ CRC OK: P:\Photo\Из Сети\Бестия\Я и Алинка 9.jpg (5f00ed9d)
OK: P:\Photo\Из Сети\Бестия\Я и Моя попа.jpg
✅ CRC OK: P:\Photo\Из Сети\Бестия\Я и Моя попа.jpg (81aff135)
OK: P:\Photo\Из Сети\Бестия\Янка.jpg
✅ CRC OK: P:\Photo\Из Сети\Бестия\Янка.jpg (219a2b6c)
OK: P:\Photo\Из Сети\Бестия\ЯяЯ.jpg
✅ CRC OK: P:\Photo\Из Сети\Бестия\ЯяЯ.jpg (7da8c928)
OK: P:\Photo\Из Сети\Бестия\моя днюха 083.jpg
✅ CRC OK: P:\Photo\Из Сети\Бестия\моя днюха 083.jpg (138f1bb8)
OK: P:\Photo\Из Сети\Бестия\мы....jpg
✅ CRC OK: P:\Photo\Из Сети\Бестия\мы....jpg (f7529397)
OK: P:\Photo\Из Сети\Бестия\нЕИЗвЕсТнАя пОпКа.jpg
✅ CRC OK: P:\Photo\Из Сети\Бестия\нЕИЗвЕсТнАя пОпКа.jpg (2ab6c522)
OK: P:\Photo\Из Сети\Бестия\супер!.JPG
✅ CRC OK: P:\Photo\Из Сети\Бестия\супер!.JPG (7a436a10)
OK: P:\Photo\Из Сети\Бестия\трахни мою попку.jpg
✅ CRC OK: P:\Photo\Из Сети\Бестия\трахни мою попку.jpg (41917f04)
OK: P:\Photo\Из Сети\Бестия\я любимая.jpg
✅ CRC OK: P:\Photo\Из Сети\Бестия\я любимая.jpg (2e70e44f)
OK: P:\Photo\Из Сети\Бестия\я любименькая.jpg
✅ CRC OK: P:\Photo\Из Сети\Бестия\я любименькая.jpg (103ebb43)
OK: P:\Photo\Из Сети\Бушменева
OK: P:\Photo\Из Сети\Бушменева\--SkgsdSBXg.jpg
✅ CRC OK: P:\Photo\Из Сети\Бушменева\--SkgsdSBXg.jpg (43e8b925)
OK: P:\Photo\Из Сети\Бушменева\-qQc2JfE_VE.jpg
✅ CRC OK: P:\Photo\Из Сети\Бушменева\-qQc2JfE_VE.jpg (7d05c5a4)
OK: P:\Photo\Из Сети\Бушменева\1a3f9bb7.jpg
✅ CRC OK: P:\Photo\Из Сети\Бушменева\1a3f9bb7.jpg (78fd1649)
OK: P:\Photo\Из Сети\Бушменева\35464680_1559922424117735_7150880407628546048_n.jpg
✅ CRC OK: P:\Photo\Из Сети\Бушменева\35464680_1559922424117735_7150880407628546048_n.jpg (fd35d6b1)
OK: P:\Photo\Из Сети\Бушменева\35508725_1559921920784452_5063484735079055360_n.jpg
✅ CRC OK: P:\Photo\Из Сети\Бушменева\35508725_1559921920784452_5063484735079055360_n.jpg (e2e687bf)
OK: P:\Photo\Из Сети\Бушменева\7ySBwcQGUkY.jpg
✅ CRC OK: P:\Photo\Из Сети\Бушменева\7ySBwcQGUkY.jpg (2d5737a1)
OK: P:\Photo\Из Сети\Бушменева\8f343bc4.jpg
✅ CRC OK: P:\Photo\Из Сети\Бушменева\8f343bc4.jpg (f28a63ec)
OK: P:\Photo\Из Сети\Бушменева\8iGPUgH1Kkc.jpg
✅ CRC OK: P:\Photo\Из Сети\Бушменева\8iGPUgH1Kkc.jpg (94ceb196)
OK: P:\Photo\Из Сети\Бушменева\AI
OK: P:\Photo\Из Сети\Бушменева\AI\Generated Image September 08, 2025 - 3_55PM.png
✅ CRC OK: P:\Photo\Из Сети\Бушменева\AI\Generated Image September 08, 2025 - 3_55PM.png (ba46c5e7)
OK: P:\Photo\Из Сети\Бушменева\AI\Generated Image September 08, 2025 - 3_56PM.png
✅ CRC OK: P:\Photo\Из Сети\Бушменева\AI\Generated Image September 08, 2025 - 3_56PM.png (ffd68ec3)
OK: P:\Photo\Из Сети\Бушменева\DDEd9NLjw6g.jpg
✅ CRC OK: P:\Photo\Из Сети\Бушменева\DDEd9NLjw6g.jpg (ee748a14)
OK: P:\Photo\Из Сети\Бушменева\Du-en19LjXY.jpg
✅ CRC OK: P:\Photo\Из Сети\Бушменева\Du-en19LjXY.jpg (862a6ac1)
OK: P:\Photo\Из Сети\Бушменева\FEMhDAuCp0M.jpg
✅ CRC OK: P:\Photo\Из Сети\Бушменева\FEMhDAuCp0M.jpg (77455965)
OK: P:\Photo\Из Сети\Бушменева\Ma28cGQqjc4.jpg
✅ CRC OK: P:\Photo\Из Сети\Бушменева\Ma28cGQqjc4.jpg (26fb22cc)
OK: P:\Photo\Из Сети\Бушменева\YZhPlPars-Y.jpg
✅ CRC OK: P:\Photo\Из Сети\Бушменева\YZhPlPars-Y.jpg (cdc6ab7c)
OK: P:\Photo\Из Сети\Бушменева\ZxgjyPcT5TA.jpg
✅ CRC OK: P:\Photo\Из Сети\Бушменева\ZxgjyPcT5TA.jpg (9c5632f4)
OK: P:\Photo\Из Сети\Бушменева\[vk] альбом
OK: P:\Photo\Из Сети\Бушменева\[vk] альбом\00d5b33c-gigapixel-lines-scale-4_00x.jpg
✅ CRC OK: P:\Photo\Из Сети\Бушменева\[vk] альбом\00d5b33c-gigapixel-lines-scale-4_00x.jpg (433f127d)
OK: P:\Photo\Из Сети\Бушменева\[vk] альбом\00d5b33c.jpg
✅ CRC OK: P:\Photo\Из Сети\Бушменева\[vk] альбом\00d5b33c.jpg (1c4522c6)
OK: P:\Photo\Из Сети\Бушменева\[vk] альбом\028ebe76-gigapixel-lines-scale-4_00x.jpg
✅ CRC OK: P:\Photo\Из Сети\Бушменева\[vk] альбом\028ebe76-gigapixel-lines-scale-4_00x.jpg (8edb6f58)
OK: P:\Photo\Из Сети\Бушменева\[vk] альбом\028ebe76.jpg
✅ CRC OK: P:\Photo\Из Сети\Бушменева\[vk] альбом\028ebe76.jpg (d125c616)
OK: P:\Photo\Из Сети\Бушменева\[vk] альбом\0a5b7913-gigapixel-lines-scale-4_00x.jpg
✅ CRC OK: P:\Photo\Из Сети\Бушменева\[vk] альбом\0a5b7913-gigapixel-lines-scale-4_00x.jpg (474f275e)
OK: P:\Photo\Из Сети\Бушменева\[vk] альбом\0a5b7913.jpg
✅ CRC OK: P:\Photo\Из Сети\Бушменева\[vk] альбом\0a5b7913.jpg (45251c7e)
OK: P:\Photo\Из Сети\Бушменева\[vk] альбом\0f8fa8b3-gigapixel-lines-scale-4_00x.jpg
✅ CRC OK: P:\Photo\Из Сети\Бушменева\[vk] альбом\0f8fa8b3-gigapixel-lines-scale-4_00x.jpg (e2d5d35b)
OK: P:\Photo\Из Сети\Бушменева\[vk] альбом\0f8fa8b3.jpg
✅ CRC OK: P:\Photo\Из Сети\Бушменева\[vk] альбом\0f8fa8b3.jpg (788e1092)
OK: P:\Photo\Из Сети\Бушменева\[vk] альбом\14f86f94-gigapixel-lines-scale-4_00x.jpg
✅ CRC OK: P:\Photo\Из Сети\Бушменева\[vk] альбом\14f86f94-gigapixel-lines-scale-4_00x.jpg (d7fbcf75)
OK: P:\Photo\Из Сети\Бушменева\[vk] альбом\14f86f94.jpg
✅ CRC OK: P:\Photo\Из Сети\Бушменева\[vk] альбом\14f86f94.jpg (e30feeba)
OK: P:\Photo\Из Сети\Бушменева\[vk] альбом\17d35d84-gigapixel-lines-scale-4_00x.jpg
✅ CRC OK: P:\Photo\Из Сети\Бушменева\[vk] альбом\17d35d84-gigapixel-lines-scale-4_00x.jpg (24d5083f)
OK: P:\Photo\Из Сети\Бушменева\[vk] альбом\17d35d84.jpg
✅ CRC OK: P:\Photo\Из Сети\Бушменева\[vk] альбом\17d35d84.jpg (a290526f)
OK: P:\Photo\Из Сети\Бушменева\[vk] альбом\1a3f9bb7-gigapixel-lines-scale-4_00x.jpg
✅ CRC OK: P:\Photo\Из Сети\Бушменева\[vk] альбом\1a3f9bb7-gigapixel-lines-scale-4_00x.jpg (ab84cd17)
OK: P:\Photo\Из Сети\Бушменева\[vk] альбом\1a3f9bb7.jpg
✅ CRC OK: P:\Photo\Из Сети\Бушменева\[vk] альбом\1a3f9bb7.jpg (5c69a11d)
OK: P:\Photo\Из Сети\Бушменева\[vk] альбом\1f44114b-gigapixel-lines-scale-4_00x.jpg
✅ CRC OK: P:\Photo\Из Сети\Бушменева\[vk] альбом\1f44114b-gigapixel-lines-scale-4_00x.jpg (4423f895)
OK: P:\Photo\Из Сети\Бушменева\[vk] альбом\1f44114b.jpg
✅ CRC OK: P:\Photo\Из Сети\Бушменева\[vk] альбом\1f44114b.jpg (8ecc8603)
OK: P:\Photo\Из Сети\Бушменева\[vk] альбом\2b0312e5.jpg
✅ CRC OK: P:\Photo\Из Сети\Бушменева\[vk] альбом\2b0312e5.jpg (b400f728)
OK: P:\Photo\Из Сети\Бушменева\[vk] альбом\2b39da1f-gigapixel-lines-scale-4_00x.jpg
✅ CRC OK: P:\Photo\Из Сети\Бушменева\[vk] альбом\2b39da1f-gigapixel-lines-scale-4_00x.jpg (d0c887d7)
OK: P:\Photo\Из Сети\Бушменева\[vk] альбом\2b39da1f.jpg
✅ CRC OK: P:\Photo\Из Сети\Бушменева\[vk] альбом\2b39da1f.jpg (24c7b911)
OK: P:\Photo\Из Сети\Бушменева\[vk] альбом\2c6566ab-gigapixel-lines-scale-4_00x.jpg
✅ CRC OK: P:\Photo\Из Сети\Бушменева\[vk] альбом\2c6566ab-gigapixel-lines-scale-4_00x.jpg (5bde9fac)
OK: P:\Photo\Из Сети\Бушменева\[vk] альбом\2c6566ab.jpg
✅ CRC OK: P:\Photo\Из Сети\Бушменева\[vk] альбом\2c6566ab.jpg (f60464d5)
OK: P:\Photo\Из Сети\Бушменева\[vk] альбом\33307828-gigapixel-lines-scale-4_00x.jpg
✅ CRC OK: P:\Photo\Из Сети\Бушменева\[vk] альбом\33307828-gigapixel-lines-scale-4_00x.jpg (f9866411)
OK: P:\Photo\Из Сети\Бушменева\[vk] альбом\33307828.jpg
✅ CRC OK: P:\Photo\Из Сети\Бушменева\[vk] альбом\33307828.jpg (90f13f06)
OK: P:\Photo\Из Сети\Бушменева\[vk] альбом\34f1cb00-gigapixel-lines-scale-4_00x.jpg
✅ CRC OK: P:\Photo\Из Сети\Бушменева\[vk] альбом\34f1cb00-gigapixel-lines-scale-4_00x.jpg (c75f70bf)
OK: P:\Photo\Из Сети\Бушменева\[vk] альбом\34f1cb00.jpg
✅ CRC OK: P:\Photo\Из Сети\Бушменева\[vk] альбом\34f1cb00.jpg (0c4b8ce0)
OK: P:\Photo\Из Сети\Бушменева\[vk] альбом\355699c2-gigapixel-lines-scale-4_00x.jpg
✅ CRC OK: P:\Photo\Из Сети\Бушменева\[vk] альбом\355699c2-gigapixel-lines-scale-4_00x.jpg (ed68db7b)
OK: P:\Photo\Из Сети\Бушменева\[vk] альбом\355699c2.jpg
✅ CRC OK: P:\Photo\Из Сети\Бушменева\[vk] альбом\355699c2.jpg (029cab03)
OK: P:\Photo\Из Сети\Бушменева\[vk] альбом\3cf66166-gigapixel-lines-scale-4_00x.jpg
✅ CRC OK: P:\Photo\Из Сети\Бушменева\[vk] альбом\3cf66166-gigapixel-lines-scale-4_00x.jpg (b4f7a896)
OK: P:\Photo\Из Сети\Бушменева\[vk] альбом\3cf66166.jpg
✅ CRC OK: P:\Photo\Из Сети\Бушменева\[vk] альбом\3cf66166.jpg (abe7a807)
OK: P:\Photo\Из Сети\Бушменева\[vk] альбом\3dc64de7-gigapixel-lines-scale-4_00x.jpg
✅ CRC OK: P:\Photo\Из Сети\Бушменева\[vk] альбом\3dc64de7-gigapixel-lines-scale-4_00x.jpg (14e3cd1c)
OK: P:\Photo\Из Сети\Бушменева\[vk] альбом\3dc64de7.jpg
✅ CRC OK: P:\Photo\Из Сети\Бушменева\[vk] альбом\3dc64de7.jpg (f396ab51)
OK: P:\Photo\Из Сети\Бушменева\[vk] альбом\457def57-gigapixel-lines-scale-4_00x.jpg
✅ CRC OK: P:\Photo\Из Сети\Бушменева\[vk] альбом\457def57-gigapixel-lines-scale-4_00x.jpg (6ea1d4f8)
OK: P:\Photo\Из Сети\Бушменева\[vk] альбом\457def57.jpg
✅ CRC OK: P:\Photo\Из Сети\Бушменева\[vk] альбом\457def57.jpg (e91ddbf8)
OK: P:\Photo\Из Сети\Бушменева\[vk] альбом\4baf1e00-gigapixel-lines-scale-4_00x.jpg
✅ CRC OK: P:\Photo\Из Сети\Бушменева\[vk] альбом\4baf1e00-gigapixel-lines-scale-4_00x.jpg (f7e2d463)
OK: P:\Photo\Из Сети\Бушменева\[vk] альбом\4baf1e00.jpg
✅ CRC OK: P:\Photo\Из Сети\Бушменева\[vk] альбом\4baf1e00.jpg (d30dce5b)
OK: P:\Photo\Из Сети\Бушменева\[vk] альбом\512cf0a7-gigapixel-lines-scale-4_00x.jpg
✅ CRC OK: P:\Photo\Из Сети\Бушменева\[vk] альбом\512cf0a7-gigapixel-lines-scale-4_00x.jpg (452bbecb)
OK: P:\Photo\Из Сети\Бушменева\[vk] альбом\512cf0a7.jpg
✅ CRC OK: P:\Photo\Из Сети\Бушменева\[vk] альбом\512cf0a7.jpg (4011717b)
OK: P:\Photo\Из Сети\Бушменева\[vk] альбом\56c9283a-gigapixel-lines-scale-4_00x.jpg
✅ CRC OK: P:\Photo\Из Сети\Бушменева\[vk] альбом\56c9283a-gigapixel-lines-scale-4_00x.jpg (1b3e82ae)
OK: P:\Photo\Из Сети\Бушменева\[vk] альбом\56c9283a.jpg
✅ CRC OK: P:\Photo\Из Сети\Бушменева\[vk] альбом\56c9283a.jpg (70d65aa6)
OK: P:\Photo\Из Сети\Бушменева\[vk] альбом\647cb4f2-gigapixel-lines-scale-4_00x.jpg
✅ CRC OK: P:\Photo\Из Сети\Бушменева\[vk] альбом\647cb4f2-gigapixel-lines-scale-4_00x.jpg (5bee9bef)
OK: P:\Photo\Из Сети\Бушменева\[vk] альбом\647cb4f2.jpg
✅ CRC OK: P:\Photo\Из Сети\Бушменева\[vk] альбом\647cb4f2.jpg (1b44cb08)
OK: P:\Photo\Из Сети\Бушменева\[vk] альбом\6637e5ed-gigapixel-lines-scale-4_00x.jpg
✅ CRC OK: P:\Photo\Из Сети\Бушменева\[vk] альбом\6637e5ed-gigapixel-lines-scale-4_00x.jpg (2d92b478)
OK: P:\Photo\Из Сети\Бушменева\[vk] альбом\6637e5ed.jpg
✅ CRC OK: P:\Photo\Из Сети\Бушменева\[vk] альбом\6637e5ed.jpg (391ecf96)
OK: P:\Photo\Из Сети\Бушменева\[vk] альбом\6a673354-gigapixel-lines-scale-4_00x.jpg
✅ CRC OK: P:\Photo\Из Сети\Бушменева\[vk] альбом\6a673354-gigapixel-lines-scale-4_00x.jpg (0b874267)
OK: P:\Photo\Из Сети\Бушменева\[vk] альбом\6a673354.jpg
✅ CRC OK: P:\Photo\Из Сети\Бушменева\[vk] альбом\6a673354.jpg (240119df)
OK: P:\Photo\Из Сети\Бушменева\[vk] альбом\712ec4c0-gigapixel-lines-scale-4_00x.jpg
✅ CRC OK: P:\Photo\Из Сети\Бушменева\[vk] альбом\712ec4c0-gigapixel-lines-scale-4_00x.jpg (b2808e97)
OK: P:\Photo\Из Сети\Бушменева\[vk] альбом\712ec4c0.jpg
✅ CRC OK: P:\Photo\Из Сети\Бушменева\[vk] альбом\712ec4c0.jpg (033d2521)
OK: P:\Photo\Из Сети\Бушменева\[vk] альбом\849b3830-gigapixel-lines-scale-4_00x.jpg
✅ CRC OK: P:\Photo\Из Сети\Бушменева\[vk] альбом\849b3830-gigapixel-lines-scale-4_00x.jpg (7221a7e6)
OK: P:\Photo\Из Сети\Бушменева\[vk] альбом\849b3830.jpg
✅ CRC OK: P:\Photo\Из Сети\Бушменева\[vk] альбом\849b3830.jpg (64e4e493)
OK: P:\Photo\Из Сети\Бушменева\[vk] альбом\872d37b3-gigapixel-lines-scale-4_00x.jpg
✅ CRC OK: P:\Photo\Из Сети\Бушменева\[vk] альбом\872d37b3-gigapixel-lines-scale-4_00x.jpg (d08bafc7)
OK: P:\Photo\Из Сети\Бушменева\[vk] альбом\872d37b3.jpg
✅ CRC OK: P:\Photo\Из Сети\Бушменева\[vk] альбом\872d37b3.jpg (f4112e23)
OK: P:\Photo\Из Сети\Бушменева\[vk] альбом\8bf251b8-gigapixel-lines-scale-4_00x.jpg
✅ CRC OK: P:\Photo\Из Сети\Бушменева\[vk] альбом\8bf251b8-gigapixel-lines-scale-4_00x.jpg (962293c0)
OK: P:\Photo\Из Сети\Бушменева\[vk] альбом\8bf251b8.jpg
✅ CRC OK: P:\Photo\Из Сети\Бушменева\[vk] альбом\8bf251b8.jpg (bdbbd2c9)
OK: P:\Photo\Из Сети\Бушменева\[vk] альбом\91d4cc6d-gigapixel-lines-scale-4_00x.jpg
✅ CRC OK: P:\Photo\Из Сети\Бушменева\[vk] альбом\91d4cc6d-gigapixel-lines-scale-4_00x.jpg (791bb132)
OK: P:\Photo\Из Сети\Бушменева\[vk] альбом\91d4cc6d.jpg
✅ CRC OK: P:\Photo\Из Сети\Бушменева\[vk] альбом\91d4cc6d.jpg (1f3bfdc2)
OK: P:\Photo\Из Сети\Бушменева\[vk] альбом\91fc911f-gigapixel-lines-scale-4_00x.jpg
✅ CRC OK: P:\Photo\Из Сети\Бушменева\[vk] альбом\91fc911f-gigapixel-lines-scale-4_00x.jpg (4d71d63e)
OK: P:\Photo\Из Сети\Бушменева\[vk] альбом\91fc911f.jpg
✅ CRC OK: P:\Photo\Из Сети\Бушменева\[vk] альбом\91fc911f.jpg (5393c7f4)
OK: P:\Photo\Из Сети\Бушменева\[vk] альбом\9329dda3-gigapixel-lines-scale-4_00x.jpg
✅ CRC OK: P:\Photo\Из Сети\Бушменева\[vk] альбом\9329dda3-gigapixel-lines-scale-4_00x.jpg (0369adb6)
OK: P:\Photo\Из Сети\Бушменева\[vk] альбом\9329dda3.jpg
✅ CRC OK: P:\Photo\Из Сети\Бушменева\[vk] альбом\9329dda3.jpg (3e26a3b2)
OK: P:\Photo\Из Сети\Бушменева\[vk] альбом\9972c4dc-gigapixel-lines-scale-4_00x.jpg
✅ CRC OK: P:\Photo\Из Сети\Бушменева\[vk] альбом\9972c4dc-gigapixel-lines-scale-4_00x.jpg (845e6952)
OK: P:\Photo\Из Сети\Бушменева\[vk] альбом\9972c4dc.jpg
✅ CRC OK: P:\Photo\Из Сети\Бушменева\[vk] альбом\9972c4dc.jpg (a4779e5a)
OK: P:\Photo\Из Сети\Бушменева\[vk] альбом\9b895e5f-gigapixel-lines-scale-4_00x.jpg
✅ CRC OK: P:\Photo\Из Сети\Бушменева\[vk] альбом\9b895e5f-gigapixel-lines-scale-4_00x.jpg (70eff501)
OK: P:\Photo\Из Сети\Бушменева\[vk] альбом\9b895e5f.jpg
✅ CRC OK: P:\Photo\Из Сети\Бушменева\[vk] альбом\9b895e5f.jpg (dd722175)
OK: P:\Photo\Из Сети\Бушменева\[vk] альбом\9d9f3a2d-gigapixel-lines-scale-4_00x.jpg
✅ CRC OK: P:\Photo\Из Сети\Бушменева\[vk] альбом\9d9f3a2d-gigapixel-lines-scale-4_00x.jpg (4775e810)
OK: P:\Photo\Из Сети\Бушменева\[vk] альбом\9d9f3a2d.jpg
✅ CRC OK: P:\Photo\Из Сети\Бушменева\[vk] альбом\9d9f3a2d.jpg (f0193c4d)
OK: P:\Photo\Из Сети\Бушменева\[vk] альбом\9fcd6c00-gigapixel-lines-scale-4_00x.jpg
✅ CRC OK: P:\Photo\Из Сети\Бушменева\[vk] альбом\9fcd6c00-gigapixel-lines-scale-4_00x.jpg (cbea58c7)
OK: P:\Photo\Из Сети\Бушменева\[vk] альбом\9fcd6c00.jpg
✅ CRC OK: P:\Photo\Из Сети\Бушменева\[vk] альбом\9fcd6c00.jpg (3f6c5003)
OK: P:\Photo\Из Сети\Бушменева\[vk] альбом\a5b003d4-gigapixel-lines-scale-4_00x.jpg
✅ CRC OK: P:\Photo\Из Сети\Бушменева\[vk] альбом\a5b003d4-gigapixel-lines-scale-4_00x.jpg (7f6516ba)
OK: P:\Photo\Из Сети\Бушменева\[vk] альбом\a5b003d4.jpg
✅ CRC OK: P:\Photo\Из Сети\Бушменева\[vk] альбом\a5b003d4.jpg (c3a70769)
OK: P:\Photo\Из Сети\Бушменева\[vk] альбом\a942c35e-gigapixel-lines-scale-4_00x.jpg
✅ CRC OK: P:\Photo\Из Сети\Бушменева\[vk] альбом\a942c35e-gigapixel-lines-scale-4_00x.jpg (9cfc7ce9)
OK: P:\Photo\Из Сети\Бушменева\[vk] альбом\a942c35e.jpg
✅ CRC OK: P:\Photo\Из Сети\Бушменева\[vk] альбом\a942c35e.jpg (83865065)
OK: P:\Photo\Из Сети\Бушменева\[vk] альбом\aeaed709-gigapixel-lines-scale-4_00x.jpg
✅ CRC OK: P:\Photo\Из Сети\Бушменева\[vk] альбом\aeaed709-gigapixel-lines-scale-4_00x.jpg (84a7e0bd)
OK: P:\Photo\Из Сети\Бушменева\[vk] альбом\aeaed709.jpg
✅ CRC OK: P:\Photo\Из Сети\Бушменева\[vk] альбом\aeaed709.jpg (de7df290)
OK: P:\Photo\Из Сети\Бушменева\[vk] альбом\b0c934c6-gigapixel-lines-scale-4_00x.jpg
✅ CRC OK: P:\Photo\Из Сети\Бушменева\[vk] альбом\b0c934c6-gigapixel-lines-scale-4_00x.jpg (467581d3)
OK: P:\Photo\Из Сети\Бушменева\[vk] альбом\b0c934c6.jpg
✅ CRC OK: P:\Photo\Из Сети\Бушменева\[vk] альбом\b0c934c6.jpg (4b98e06b)
OK: P:\Photo\Из Сети\Бушменева\[vk] альбом\b67f64bd-gigapixel-lines-scale-4_00x.jpg
✅ CRC OK: P:\Photo\Из Сети\Бушменева\[vk] альбом\b67f64bd-gigapixel-lines-scale-4_00x.jpg (7e41a5fd)
OK: P:\Photo\Из Сети\Бушменева\[vk] альбом\b67f64bd.jpg
✅ CRC OK: P:\Photo\Из Сети\Бушменева\[vk] альбом\b67f64bd.jpg (bc80fdfb)
OK: P:\Photo\Из Сети\Бушменева\[vk] альбом\c1e97ca5-gigapixel-lines-scale-4_00x.jpg
✅ CRC OK: P:\Photo\Из Сети\Бушменева\[vk] альбом\c1e97ca5-gigapixel-lines-scale-4_00x.jpg (86292ac7)
OK: P:\Photo\Из Сети\Бушменева\[vk] альбом\c1e97ca5.jpg
✅ CRC OK: P:\Photo\Из Сети\Бушменева\[vk] альбом\c1e97ca5.jpg (1debef9b)
OK: P:\Photo\Из Сети\Бушменева\[vk] альбом\db88825a-gigapixel-lines-scale-4_00x.jpg
✅ CRC OK: P:\Photo\Из Сети\Бушменева\[vk] альбом\db88825a-gigapixel-lines-scale-4_00x.jpg (ee442c85)
OK: P:\Photo\Из Сети\Бушменева\[vk] альбом\db88825a.jpg
✅ CRC OK: P:\Photo\Из Сети\Бушменева\[vk] альбом\db88825a.jpg (1e944005)
OK: P:\Photo\Из Сети\Бушменева\[vk] альбом\e60b65a1-gigapixel-lines-scale-4_00x.jpg
✅ CRC OK: P:\Photo\Из Сети\Бушменева\[vk] альбом\e60b65a1-gigapixel-lines-scale-4_00x.jpg (3b45898d)
OK: P:\Photo\Из Сети\Бушменева\[vk] альбом\e60b65a1.jpg
✅ CRC OK: P:\Photo\Из Сети\Бушменева\[vk] альбом\e60b65a1.jpg (440ec59a)
OK: P:\Photo\Из Сети\Бушменева\[vk] альбом\e8dc19d2-gigapixel-lines-scale-4_00x.jpg
✅ CRC OK: P:\Photo\Из Сети\Бушменева\[vk] альбом\e8dc19d2-gigapixel-lines-scale-4_00x.jpg (d15f169e)
OK: P:\Photo\Из Сети\Бушменева\[vk] альбом\e8dc19d2.jpg
✅ CRC OK: P:\Photo\Из Сети\Бушменева\[vk] альбом\e8dc19d2.jpg (59eb311c)
OK: P:\Photo\Из Сети\Бушменева\[vk] альбом\f3b02f34-gigapixel-lines-scale-4_00x.jpg
✅ CRC OK: P:\Photo\Из Сети\Бушменева\[vk] альбом\f3b02f34-gigapixel-lines-scale-4_00x.jpg (3886cbc1)
OK: P:\Photo\Из Сети\Бушменева\[vk] альбом\f3b02f34.jpg
✅ CRC OK: P:\Photo\Из Сети\Бушменева\[vk] альбом\f3b02f34.jpg (c348cc42)
OK: P:\Photo\Из Сети\Бушменева\[vk] альбом\fadbf80c-gigapixel-lines-scale-4_00x.jpg
✅ CRC OK: P:\Photo\Из Сети\Бушменева\[vk] альбом\fadbf80c-gigapixel-lines-scale-4_00x.jpg (7609f1e6)
OK: P:\Photo\Из Сети\Бушменева\[vk] альбом\fadbf80c.jpg
✅ CRC OK: P:\Photo\Из Сети\Бушменева\[vk] альбом\fadbf80c.jpg (6bd61732)
OK: P:\Photo\Из Сети\Бушменева\a5b003d4.jpg
✅ CRC OK: P:\Photo\Из Сети\Бушменева\a5b003d4.jpg (2dee59c3)
OK: P:\Photo\Из Сети\Бушменева\cy5SzaOS564.jpg
✅ CRC OK: P:\Photo\Из Сети\Бушменева\cy5SzaOS564.jpg (69f1bab5)
OK: P:\Photo\Из Сети\Бушменева\dTrSkeJEukc.jpg
✅ CRC OK: P:\Photo\Из Сети\Бушменева\dTrSkeJEukc.jpg (6d6f1120)
OK: P:\Photo\Из Сети\Бушменева\lpEqNkij6q4.jpg
✅ CRC OK: P:\Photo\Из Сети\Бушменева\lpEqNkij6q4.jpg (d1bc1ed4)
OK: P:\Photo\Из Сети\Бушменева\nn_MTBwjkXI.jpg
✅ CRC OK: P:\Photo\Из Сети\Бушменева\nn_MTBwjkXI.jpg (a0e11e1c)
OK: P:\Photo\Из Сети\Бушменева\oQM4TjhFLyo.jpg
✅ CRC OK: P:\Photo\Из Сети\Бушменева\oQM4TjhFLyo.jpg (c3450374)
OK: P:\Photo\Из Сети\Бушменева\t_fZ_rEjByQ.jpg
✅ CRC OK: P:\Photo\Из Сети\Бушменева\t_fZ_rEjByQ.jpg (1ff41ca2)
OK: P:\Photo\Из Сети\Бушменева\tl19DaoGPcA.jpg
✅ CRC OK: P:\Photo\Из Сети\Бушменева\tl19DaoGPcA.jpg (4772d406)
OK: P:\Photo\Из Сети\Бушменева\wkaFJLYceFI.jpg
✅ CRC OK: P:\Photo\Из Сети\Бушменева\wkaFJLYceFI.jpg (81c0e9e8)
OK: P:\Photo\Из Сети\Бушменева\yeYB4EQSNtA.jpg
✅ CRC OK: P:\Photo\Из Сети\Бушменева\yeYB4EQSNtA.jpg (849e3306)
OK: P:\Photo\Из Сети\Бушменева\yu2JOqgXEWA.jpg
✅ CRC OK: P:\Photo\Из Сети\Бушменева\yu2JOqgXEWA.jpg (0a54799e)
OK: P:\Photo\Из Сети\Бушменева\z9OaGNKvcag.jpg
✅ CRC OK: P:\Photo\Из Сети\Бушменева\z9OaGNKvcag.jpg (8f432fd8)
OK: P:\Photo\Из Сети\Бушменева\Днюха
OK: P:\Photo\Из Сети\Бушменева\Днюха\[vk] Моя_днюхаМерси
OK: P:\Photo\Из Сети\Бушменева\Днюха\[vk] Моя_днюхаМерси\01facec9.jpg
✅ CRC OK: P:\Photo\Из Сети\Бушменева\Днюха\[vk] Моя_днюхаМерси\01facec9.jpg (e2fc1ec7)
OK: P:\Photo\Из Сети\Бушменева\Днюха\[vk] Моя_днюхаМерси\0648422a.jpg
✅ CRC OK: P:\Photo\Из Сети\Бушменева\Днюха\[vk] Моя_днюхаМерси\0648422a.jpg (cd067270)
OK: P:\Photo\Из Сети\Бушменева\Днюха\[vk] Моя_днюхаМерси\09ccaa7a.jpg
✅ CRC OK: P:\Photo\Из Сети\Бушменева\Днюха\[vk] Моя_днюхаМерси\09ccaa7a.jpg (60a395da)
OK: P:\Photo\Из Сети\Бушменева\Днюха\[vk] Моя_днюхаМерси\09de6f27.jpg
✅ CRC OK: P:\Photo\Из Сети\Бушменева\Днюха\[vk] Моя_днюхаМерси\09de6f27.jpg (c621a6af)
OK: P:\Photo\Из Сети\Бушменева\Днюха\[vk] Моя_днюхаМерси\287b0688.jpg
✅ CRC OK: P:\Photo\Из Сети\Бушменева\Днюха\[vk] Моя_днюхаМерси\287b0688.jpg (b3e052d0)
OK: P:\Photo\Из Сети\Бушменева\Днюха\[vk] Моя_днюхаМерси\313e4b1e.jpg
✅ CRC OK: P:\Photo\Из Сети\Бушменева\Днюха\[vk] Моя_днюхаМерси\313e4b1e.jpg (980789a0)
OK: P:\Photo\Из Сети\Бушменева\Днюха\[vk] Моя_днюхаМерси\46f7b4e1.jpg
✅ CRC OK: P:\Photo\Из Сети\Бушменева\Днюха\[vk] Моя_днюхаМерси\46f7b4e1.jpg (d3ecf52f)
OK: P:\Photo\Из Сети\Бушменева\Днюха\[vk] Моя_днюхаМерси\5092468d.jpg
✅ CRC OK: P:\Photo\Из Сети\Бушменева\Днюха\[vk] Моя_днюхаМерси\5092468d.jpg (b9e1bbe8)
OK: P:\Photo\Из Сети\Бушменева\Днюха\[vk] Моя_днюхаМерси\5a746431.jpg
✅ CRC OK: P:\Photo\Из Сети\Бушменева\Днюха\[vk] Моя_днюхаМерси\5a746431.jpg (2d42fee3)
OK: P:\Photo\Из Сети\Бушменева\Днюха\[vk] Моя_днюхаМерси\5ea0c3bc.jpg
✅ CRC OK: P:\Photo\Из Сети\Бушменева\Днюха\[vk] Моя_днюхаМерси\5ea0c3bc.jpg (072f182c)
OK: P:\Photo\Из Сети\Бушменева\Днюха\[vk] Моя_днюхаМерси\5fb9a1c8.jpg
✅ CRC OK: P:\Photo\Из Сети\Бушменева\Днюха\[vk] Моя_днюхаМерси\5fb9a1c8.jpg (8b991f3b)
OK: P:\Photo\Из Сети\Бушменева\Днюха\[vk] Моя_днюхаМерси\67d4f60a.jpg
✅ CRC OK: P:\Photo\Из Сети\Бушменева\Днюха\[vk] Моя_днюхаМерси\67d4f60a.jpg (5b78c648)
OK: P:\Photo\Из Сети\Бушменева\Днюха\[vk] Моя_днюхаМерси\8e5c5c6a.jpg
✅ CRC OK: P:\Photo\Из Сети\Бушменева\Днюха\[vk] Моя_днюхаМерси\8e5c5c6a.jpg (f7118bb5)
OK: P:\Photo\Из Сети\Бушменева\Днюха\[vk] Моя_днюхаМерси\8e7de01c.jpg
✅ CRC OK: P:\Photo\Из Сети\Бушменева\Днюха\[vk] Моя_днюхаМерси\8e7de01c.jpg (fd59e203)
OK: P:\Photo\Из Сети\Бушменева\Днюха\[vk] Моя_днюхаМерси\9ffc7d01.jpg
✅ CRC OK: P:\Photo\Из Сети\Бушменева\Днюха\[vk] Моя_днюхаМерси\9ffc7d01.jpg (0c1e2c54)
OK: P:\Photo\Из Сети\Бушменева\Днюха\[vk] Моя_днюхаМерси\a532e69d.jpg
✅ CRC OK: P:\Photo\Из Сети\Бушменева\Днюха\[vk] Моя_днюхаМерси\a532e69d.jpg (c71b6bb5)
OK: P:\Photo\Из Сети\Бушменева\Днюха\[vk] Моя_днюхаМерси\d06f33ce.jpg
✅ CRC OK: P:\Photo\Из Сети\Бушменева\Днюха\[vk] Моя_днюхаМерси\d06f33ce.jpg (76813ab0)
OK: P:\Photo\Из Сети\Бушменева\Днюха\[vk] Моя_днюхаМерси\d4f19f42.jpg
✅ CRC OK: P:\Photo\Из Сети\Бушменева\Днюха\[vk] Моя_днюхаМерси\d4f19f42.jpg (d03c0818)
OK: P:\Photo\Из Сети\Бушменева\Днюха\[vk] Моя_днюхаМерси\dfe597b1.jpg
✅ CRC OK: P:\Photo\Из Сети\Бушменева\Днюха\[vk] Моя_днюхаМерси\dfe597b1.jpg (edec5dc8)
OK: P:\Photo\Из Сети\Бушменева\Днюха\[vk] Моя_днюхаМерси\e2e1df54.jpg
✅ CRC OK: P:\Photo\Из Сети\Бушменева\Днюха\[vk] Моя_днюхаМерси\e2e1df54.jpg (af651767)
OK: P:\Photo\Из Сети\Бушменева\Днюха\[vk] Моя_днюхаМерси\ec6cdab1.jpg
✅ CRC OK: P:\Photo\Из Сети\Бушменева\Днюха\[vk] Моя_днюхаМерси\ec6cdab1.jpg (ac4891c0)
OK: P:\Photo\Из Сети\Бушменева\Днюха\[vk] Моя_днюхаМерси\f13444bf.jpg
✅ CRC OK: P:\Photo\Из Сети\Бушменева\Днюха\[vk] Моя_днюхаМерси\f13444bf.jpg (09e6248c)
OK: P:\Photo\Из Сети\Бушменева\Новый год 2010
OK: P:\Photo\Из Сети\Бушменева\Новый год 2010\[vk] Новый_Год_2010
OK: P:\Photo\Из Сети\Бушменева\Новый год 2010\[vk] Новый_Год_2010\13ee257c.jpg
✅ CRC OK: P:\Photo\Из Сети\Бушменева\Новый год 2010\[vk] Новый_Год_2010\13ee257c.jpg (b3eb0a57)
OK: P:\Photo\Из Сети\Бушменева\Новый год 2010\[vk] Новый_Год_2010\1592c9a5.jpg
✅ CRC OK: P:\Photo\Из Сети\Бушменева\Новый год 2010\[vk] Новый_Год_2010\1592c9a5.jpg (e89c7a3d)
OK: P:\Photo\Из Сети\Бушменева\Новый год 2010\[vk] Новый_Год_2010\1d106124.jpg
✅ CRC OK: P:\Photo\Из Сети\Бушменева\Новый год 2010\[vk] Новый_Год_2010\1d106124.jpg (627ad576)
OK: P:\Photo\Из Сети\Бушменева\Новый год 2010\[vk] Новый_Год_2010\1f680cfa.jpg
✅ CRC OK: P:\Photo\Из Сети\Бушменева\Новый год 2010\[vk] Новый_Год_2010\1f680cfa.jpg (9c944c98)
OK: P:\Photo\Из Сети\Бушменева\Новый год 2010\[vk] Новый_Год_2010\3ff43602.jpg
✅ CRC OK: P:\Photo\Из Сети\Бушменева\Новый год 2010\[vk] Новый_Год_2010\3ff43602.jpg (3375e767)
OK: P:\Photo\Из Сети\Бушменева\Новый год 2010\[vk] Новый_Год_2010\6435575e.jpg
✅ CRC OK: P:\Photo\Из Сети\Бушменева\Новый год 2010\[vk] Новый_Год_2010\6435575e.jpg (67f27d56)
OK: P:\Photo\Из Сети\Бушменева\Новый год 2010\[vk] Новый_Год_2010\6974f7c1.jpg
✅ CRC OK: P:\Photo\Из Сети\Бушменева\Новый год 2010\[vk] Новый_Год_2010\6974f7c1.jpg (3b82b385)
OK: P:\Photo\Из Сети\Бушменева\Новый год 2010\[vk] Новый_Год_2010\87472b9c-standard-scale-4_00x-gigapixel.jpg
✅ CRC OK: P:\Photo\Из Сети\Бушменева\Новый год 2010\[vk] Новый_Год_2010\87472b9c-standard-scale-4_00x-gigapixel.jpg (1866b26a)
OK: P:\Photo\Из Сети\Бушменева\Новый год 2010\[vk] Новый_Год_2010\87472b9c.jpg
✅ CRC OK: P:\Photo\Из Сети\Бушменева\Новый год 2010\[vk] Новый_Год_2010\87472b9c.jpg (3f189d3d)
OK: P:\Photo\Из Сети\Бушменева\Новый год 2010\[vk] Новый_Год_2010\87a72a75.jpg
✅ CRC OK: P:\Photo\Из Сети\Бушменева\Новый год 2010\[vk] Новый_Год_2010\87a72a75.jpg (17730b43)
OK: P:\Photo\Из Сети\Бушменева\Новый год 2010\[vk] Новый_Год_2010\a0ed3d8e.jpg
✅ CRC OK: P:\Photo\Из Сети\Бушменева\Новый год 2010\[vk] Новый_Год_2010\a0ed3d8e.jpg (350a35da)
OK: P:\Photo\Из Сети\Бушменева\Новый год 2010\[vk] Новый_Год_2010\a10c02fb.jpg
✅ CRC OK: P:\Photo\Из Сети\Бушменева\Новый год 2010\[vk] Новый_Год_2010\a10c02fb.jpg (fe5b64ae)
OK: P:\Photo\Из Сети\Бушменева\Новый год 2010\[vk] Новый_Год_2010\a2fba417.jpg
✅ CRC OK: P:\Photo\Из Сети\Бушменева\Новый год 2010\[vk] Новый_Год_2010\a2fba417.jpg (577f0100)
OK: P:\Photo\Из Сети\Бушменева\Новый год 2010\[vk] Новый_Год_2010\ae331420.jpg
✅ CRC OK: P:\Photo\Из Сети\Бушменева\Новый год 2010\[vk] Новый_Год_2010\ae331420.jpg (5afb98cd)
OK: P:\Photo\Из Сети\Бушменева\Новый год 2010\[vk] Новый_Год_2010\b617f378.jpg
✅ CRC OK: P:\Photo\Из Сети\Бушменева\Новый год 2010\[vk] Новый_Год_2010\b617f378.jpg (efdfd0d4)
OK: P:\Photo\Из Сети\Бушменева\Новый год 2010\[vk] Новый_Год_2010\c5e3f540.jpg
✅ CRC OK: P:\Photo\Из Сети\Бушменева\Новый год 2010\[vk] Новый_Год_2010\c5e3f540.jpg (60ec6d71)
OK: P:\Photo\Из Сети\Бушменева\Новый год 2010\[vk] Новый_Год_2010\c8a530bd.jpg
✅ CRC OK: P:\Photo\Из Сети\Бушменева\Новый год 2010\[vk] Новый_Год_2010\c8a530bd.jpg (4551d15f)
OK: P:\Photo\Из Сети\Бушменева\Новый год 2010\[vk] Новый_Год_2010\f6e25d8e.jpg
✅ CRC OK: P:\Photo\Из Сети\Бушменева\Новый год 2010\[vk] Новый_Год_2010\f6e25d8e.jpg (13bb6c31)
OK: P:\Photo\Из Сети\Бушменева\Новый год 2010\[vk] Новый_Год_2010\faa6b523.jpg
✅ CRC OK: P:\Photo\Из Сети\Бушменева\Новый год 2010\[vk] Новый_Год_2010\faa6b523.jpg (992263ad)
OK: P:\Photo\Из Сети\Бушменева\Турция
OK: P:\Photo\Из Сети\Бушменева\Турция\[vk] Турция
OK: P:\Photo\Из Сети\Бушменева\Турция\[vk] Турция\0743f0b4.jpg
✅ CRC OK: P:\Photo\Из Сети\Бушменева\Турция\[vk] Турция\0743f0b4.jpg (02bc1ce3)
OK: P:\Photo\Из Сети\Бушменева\Турция\[vk] Турция\0cd1d44d.jpg
✅ CRC OK: P:\Photo\Из Сети\Бушменева\Турция\[vk] Турция\0cd1d44d.jpg (65a54e17)
OK: P:\Photo\Из Сети\Бушменева\Турция\[vk] Турция\2452fb10.jpg
✅ CRC OK: P:\Photo\Из Сети\Бушменева\Турция\[vk] Турция\2452fb10.jpg (9000bd71)
OK: P:\Photo\Из Сети\Бушменева\Турция\[vk] Турция\298fecc9.jpg
✅ CRC OK: P:\Photo\Из Сети\Бушменева\Турция\[vk] Турция\298fecc9.jpg (09c83e86)
OK: P:\Photo\Из Сети\Бушменева\Турция\[vk] Турция\29dd7b16.jpg
✅ CRC OK: P:\Photo\Из Сети\Бушменева\Турция\[vk] Турция\29dd7b16.jpg (efdbc983)
OK: P:\Photo\Из Сети\Бушменева\Турция\[vk] Турция\5165133e.jpg
✅ CRC OK: P:\Photo\Из Сети\Бушменева\Турция\[vk] Турция\5165133e.jpg (e3f9ef4e)
OK: P:\Photo\Из Сети\Бушменева\Турция\[vk] Турция\5479012e.jpg
✅ CRC OK: P:\Photo\Из Сети\Бушменева\Турция\[vk] Турция\5479012e.jpg (cb36ee14)
OK: P:\Photo\Из Сети\Бушменева\Турция\[vk] Турция\572af29a.jpg
✅ CRC OK: P:\Photo\Из Сети\Бушменева\Турция\[vk] Турция\572af29a.jpg (9bdb8f92)
OK: P:\Photo\Из Сети\Бушменева\Турция\[vk] Турция\6c4c3e06.jpg
✅ CRC OK: P:\Photo\Из Сети\Бушменева\Турция\[vk] Турция\6c4c3e06.jpg (984e124e)
OK: P:\Photo\Из Сети\Бушменева\Турция\[vk] Турция\6dcb8701.jpg
✅ CRC OK: P:\Photo\Из Сети\Бушменева\Турция\[vk] Турция\6dcb8701.jpg (bca0e21a)
OK: P:\Photo\Из Сети\Бушменева\Турция\[vk] Турция\6e3fa968.jpg
✅ CRC OK: P:\Photo\Из Сети\Бушменева\Турция\[vk] Турция\6e3fa968.jpg (dcc52810)
OK: P:\Photo\Из Сети\Бушменева\Турция\[vk] Турция\72b83176.jpg
✅ CRC OK: P:\Photo\Из Сети\Бушменева\Турция\[vk] Турция\72b83176.jpg (320c9cb6)
OK: P:\Photo\Из Сети\Бушменева\Турция\[vk] Турция\77d2c633.jpg
✅ CRC OK: P:\Photo\Из Сети\Бушменева\Турция\[vk] Турция\77d2c633.jpg (baee678a)
OK: P:\Photo\Из Сети\Бушменева\Турция\[vk] Турция\9442c728.jpg
✅ CRC OK: P:\Photo\Из Сети\Бушменева\Турция\[vk] Турция\9442c728.jpg (4791e06b)
OK: P:\Photo\Из Сети\Бушменева\Турция\[vk] Турция\945eeb4c.jpg
✅ CRC OK: P:\Photo\Из Сети\Бушменева\Турция\[vk] Турция\945eeb4c.jpg (3799d8a1)
OK: P:\Photo\Из Сети\Бушменева\Турция\[vk] Турция\976bd20d.jpg
✅ CRC OK: P:\Photo\Из Сети\Бушменева\Турция\[vk] Турция\976bd20d.jpg (4428cc40)
OK: P:\Photo\Из Сети\Бушменева\Турция\[vk] Турция\bb010033.jpg
✅ CRC OK: P:\Photo\Из Сети\Бушменева\Турция\[vk] Турция\bb010033.jpg (c9b9a766)
OK: P:\Photo\Из Сети\Бушменева\Турция\[vk] Турция\c13a3c5f.jpg
✅ CRC OK: P:\Photo\Из Сети\Бушменева\Турция\[vk] Турция\c13a3c5f.jpg (12ff14a1)
OK: P:\Photo\Из Сети\Бушменева\Турция\[vk] Турция\c20500b8.jpg
✅ CRC OK: P:\Photo\Из Сети\Бушменева\Турция\[vk] Турция\c20500b8.jpg (d0c51889)
OK: P:\Photo\Из Сети\Бушменева\Турция\[vk] Турция\cd180f84.jpg
✅ CRC OK: P:\Photo\Из Сети\Бушменева\Турция\[vk] Турция\cd180f84.jpg (8b5663dc)
OK: P:\Photo\Из Сети\Бушменева\Турция\[vk] Турция\de50dcbf.jpg
✅ CRC OK: P:\Photo\Из Сети\Бушменева\Турция\[vk] Турция\de50dcbf.jpg (5a6d9730)
OK: P:\Photo\Из Сети\Бушменева\Турция\[vk] Турция\f9fecaaf.jpg
✅ CRC OK: P:\Photo\Из Сети\Бушменева\Турция\[vk] Турция\f9fecaaf.jpg (38d32774)
OK: P:\Photo\Из Сети\Бушменева\Турция\[vk] Турция\fb7986f5.jpg
✅ CRC OK: P:\Photo\Из Сети\Бушменева\Турция\[vk] Турция\fb7986f5.jpg (4a182726)
OK: P:\Photo\Из Сети\Бушменева\Турция\[vk] Турция\fbd3aa92.jpg
✅ CRC OK: P:\Photo\Из Сети\Бушменева\Турция\[vk] Турция\fbd3aa92.jpg (4c66bd50)
OK: P:\Photo\Из Сети\Бушменева\Я и еще ктото
OK: P:\Photo\Из Сети\Бушменева\Я и еще ктото\[vk] Я_и_еще_кто-то
OK: P:\Photo\Из Сети\Бушменева\Я и еще ктото\[vk] Я_и_еще_кто-то\0670f9d0.jpg
✅ CRC OK: P:\Photo\Из Сети\Бушменева\Я и еще ктото\[vk] Я_и_еще_кто-то\0670f9d0.jpg (9f5e78a5)
OK: P:\Photo\Из Сети\Бушменева\Я и еще ктото\[vk] Я_и_еще_кто-то\1226139d.jpg
✅ CRC OK: P:\Photo\Из Сети\Бушменева\Я и еще ктото\[vk] Я_и_еще_кто-то\1226139d.jpg (0855bad4)
OK: P:\Photo\Из Сети\Бушменева\Я и еще ктото\[vk] Я_и_еще_кто-то\177d7314.jpg
✅ CRC OK: P:\Photo\Из Сети\Бушменева\Я и еще ктото\[vk] Я_и_еще_кто-то\177d7314.jpg (5f4d0d61)
OK: P:\Photo\Из Сети\Бушменева\Я и еще ктото\[vk] Я_и_еще_кто-то\1b6fb316.jpg
✅ CRC OK: P:\Photo\Из Сети\Бушменева\Я и еще ктото\[vk] Я_и_еще_кто-то\1b6fb316.jpg (a29af30c)
OK: P:\Photo\Из Сети\Бушменева\Я и еще ктото\[vk] Я_и_еще_кто-то\3da92670.jpg
✅ CRC OK: P:\Photo\Из Сети\Бушменева\Я и еще ктото\[vk] Я_и_еще_кто-то\3da92670.jpg (f4096a55)
OK: P:\Photo\Из Сети\Бушменева\Я и еще ктото\[vk] Я_и_еще_кто-то\3f12636f.jpg
✅ CRC OK: P:\Photo\Из Сети\Бушменева\Я и еще ктото\[vk] Я_и_еще_кто-то\3f12636f.jpg (84b7b9a6)
OK: P:\Photo\Из Сети\Бушменева\Я и еще ктото\[vk] Я_и_еще_кто-то\484f766f.jpg
✅ CRC OK: P:\Photo\Из Сети\Бушменева\Я и еще ктото\[vk] Я_и_еще_кто-то\484f766f.jpg (6f7f579d)
OK: P:\Photo\Из Сети\Бушменева\Я и еще ктото\[vk] Я_и_еще_кто-то\6ab901a2.jpg
✅ CRC OK: P:\Photo\Из Сети\Бушменева\Я и еще ктото\[vk] Я_и_еще_кто-то\6ab901a2.jpg (e90649a7)
OK: P:\Photo\Из Сети\Бушменева\Я и еще ктото\[vk] Я_и_еще_кто-то\6f3b53a3.jpg
✅ CRC OK: P:\Photo\Из Сети\Бушменева\Я и еще ктото\[vk] Я_и_еще_кто-то\6f3b53a3.jpg (cce5c594)
OK: P:\Photo\Из Сети\Бушменева\Я и еще ктото\[vk] Я_и_еще_кто-то\71438682.jpg
✅ CRC OK: P:\Photo\Из Сети\Бушменева\Я и еще ктото\[vk] Я_и_еще_кто-то\71438682.jpg (f2310e2b)
OK: P:\Photo\Из Сети\Бушменева\Я и еще ктото\[vk] Я_и_еще_кто-то\792473cb.jpg
✅ CRC OK: P:\Photo\Из Сети\Бушменева\Я и еще ктото\[vk] Я_и_еще_кто-то\792473cb.jpg (c8f575a8)
OK: P:\Photo\Из Сети\Бушменева\Я и еще ктото\[vk] Я_и_еще_кто-то\83725f53.jpg
✅ CRC OK: P:\Photo\Из Сети\Бушменева\Я и еще ктото\[vk] Я_и_еще_кто-то\83725f53.jpg (f0e309a8)
OK: P:\Photo\Из Сети\Бушменева\Я и еще ктото\[vk] Я_и_еще_кто-то\86397eaf.jpg
✅ CRC OK: P:\Photo\Из Сети\Бушменева\Я и еще ктото\[vk] Я_и_еще_кто-то\86397eaf.jpg (a69a7050)
OK: P:\Photo\Из Сети\Бушменева\Я и еще ктото\[vk] Я_и_еще_кто-то\8b6c8ba9.jpg
✅ CRC OK: P:\Photo\Из Сети\Бушменева\Я и еще ктото\[vk] Я_и_еще_кто-то\8b6c8ba9.jpg (4eb374e7)
OK: P:\Photo\Из Сети\Бушменева\Я и еще ктото\[vk] Я_и_еще_кто-то\8f343bc4.jpg
✅ CRC OK: P:\Photo\Из Сети\Бушменева\Я и еще ктото\[vk] Я_и_еще_кто-то\8f343bc4.jpg (2bbebd13)
OK: P:\Photo\Из Сети\Бушменева\Я и еще ктото\[vk] Я_и_еще_кто-то\998c86d7.jpg
✅ CRC OK: P:\Photo\Из Сети\Бушменева\Я и еще ктото\[vk] Я_и_еще_кто-то\998c86d7.jpg (922f01b8)
OK: P:\Photo\Из Сети\Бушменева\Я и еще ктото\[vk] Я_и_еще_кто-то\af7c33b2.jpg
✅ CRC OK: P:\Photo\Из Сети\Бушменева\Я и еще ктото\[vk] Я_и_еще_кто-то\af7c33b2.jpg (0e82f44d)
OK: P:\Photo\Из Сети\Бушменева\Я и еще ктото\[vk] Я_и_еще_кто-то\b537d80a.jpg
✅ CRC OK: P:\Photo\Из Сети\Бушменева\Я и еще ктото\[vk] Я_и_еще_кто-то\b537d80a.jpg (d93b8759)
OK: P:\Photo\Из Сети\Бушменева\Я и еще ктото\[vk] Я_и_еще_кто-то\b6663111.jpg
✅ CRC OK: P:\Photo\Из Сети\Бушменева\Я и еще ктото\[vk] Я_и_еще_кто-то\b6663111.jpg (7ef3394a)
OK: P:\Photo\Из Сети\Бушменева\Я и еще ктото\[vk] Я_и_еще_кто-то\bdcfa6fb.jpg
✅ CRC OK: P:\Photo\Из Сети\Бушменева\Я и еще ктото\[vk] Я_и_еще_кто-то\bdcfa6fb.jpg (8ef7e9ba)
OK: P:\Photo\Из Сети\Бушменева\Я и еще ктото\[vk] Я_и_еще_кто-то\d0dd5d92.jpg
✅ CRC OK: P:\Photo\Из Сети\Бушменева\Я и еще ктото\[vk] Я_и_еще_кто-то\d0dd5d92.jpg (d9e19e28)
OK: P:\Photo\Из Сети\Бушменева\Я и еще ктото\[vk] Я_и_еще_кто-то\d3ddf5da.jpg
✅ CRC OK: P:\Photo\Из Сети\Бушменева\Я и еще ктото\[vk] Я_и_еще_кто-то\d3ddf5da.jpg (e0605763)
OK: P:\Photo\Из Сети\Бушменева\Я и еще ктото\[vk] Я_и_еще_кто-то\d6b9bda5.jpg
✅ CRC OK: P:\Photo\Из Сети\Бушменева\Я и еще ктото\[vk] Я_и_еще_кто-то\d6b9bda5.jpg (aa960135)
OK: P:\Photo\Из Сети\Бушменева\Я и еще ктото\[vk] Я_и_еще_кто-то\db8fda5a.jpg
✅ CRC OK: P:\Photo\Из Сети\Бушменева\Я и еще ктото\[vk] Я_и_еще_кто-то\db8fda5a.jpg (1feccfad)
OK: P:\Photo\Из Сети\Бушменева\Я и еще ктото\[vk] Я_и_еще_кто-то\f37ecf1c.jpg
✅ CRC OK: P:\Photo\Из Сети\Бушменева\Я и еще ктото\[vk] Я_и_еще_кто-то\f37ecf1c.jpg (1b5a11e5)
OK: P:\Photo\Из Сети\Бушменева\Я и еще ктото\[vk] Я_и_еще_кто-то\fe6e26fa.jpg
✅ CRC OK: P:\Photo\Из Сети\Бушменева\Я и еще ктото\[vk] Я_и_еще_кто-то\fe6e26fa.jpg (22bf22cc)
OK: P:\Photo\Из Сети\Бушменева\ну почти па.jpg
✅ CRC OK: P:\Photo\Из Сети\Бушменева\ну почти па.jpg (47660144)
OK: P:\Photo\Из Сети\Инна
OK: P:\Photo\Из Сети\Инна\P4062963.jpg
✅ CRC OK: P:\Photo\Из Сети\Инна\P4062963.jpg (69278928)
OK: P:\Photo\Из Сети\Инна\P4062964.jpg
✅ CRC OK: P:\Photo\Из Сети\Инна\P4062964.jpg (e7093732)
OK: P:\Photo\Из Сети\Инна\P4062995.JPG
✅ CRC OK: P:\Photo\Из Сети\Инна\P4062995.JPG (90ea6330)
OK: P:\Photo\Из Сети\Инна\P4062998.jpg
✅ CRC OK: P:\Photo\Из Сети\Инна\P4062998.jpg (84066e10)
OK: P:\Photo\Из Сети\Инночка
OK: P:\Photo\Из Сети\Инночка\01.jpg
✅ CRC OK: P:\Photo\Из Сети\Инночка\01.jpg (5f3613ce)
OK: P:\Photo\Из Сети\Инночка\02.jpg
✅ CRC OK: P:\Photo\Из Сети\Инночка\02.jpg (52f0f042)
OK: P:\Photo\Из Сети\Инночка\03.jpg
✅ CRC OK: P:\Photo\Из Сети\Инночка\03.jpg (6052c700)
OK: P:\Photo\Из Сети\Инночка\04.jpg
✅ CRC OK: P:\Photo\Из Сети\Инночка\04.jpg (c5ac5ace)
OK: P:\Photo\Из Сети\Инночка\05.jpg
✅ CRC OK: P:\Photo\Из Сети\Инночка\05.jpg (1f1a3a7c)
OK: P:\Photo\Из Сети\Инночка\06.jpg
✅ CRC OK: P:\Photo\Из Сети\Инночка\06.jpg (138ce720)
OK: P:\Photo\Из Сети\Инночка\07.jpg
✅ CRC OK: P:\Photo\Из Сети\Инночка\07.jpg (d424c9f3)
OK: P:\Photo\Из Сети\Инночка\08.jpg
✅ CRC OK: P:\Photo\Из Сети\Инночка\08.jpg (145063fa)
OK: P:\Photo\Из Сети\Инночка\09.jpg
✅ CRC OK: P:\Photo\Из Сети\Инночка\09.jpg (f2d15332)
OK: P:\Photo\Из Сети\Инночка\10.jpg
✅ CRC OK: P:\Photo\Из Сети\Инночка\10.jpg (f3b0537d)
OK: P:\Photo\Из Сети\Инночка\100.jpg
✅ CRC OK: P:\Photo\Из Сети\Инночка\100.jpg (d5703d79)
OK: P:\Photo\Из Сети\Инночка\101.jpg
✅ CRC OK: P:\Photo\Из Сети\Инночка\101.jpg (eb44a2fb)
OK: P:\Photo\Из Сети\Инночка\102.jpg
✅ CRC OK: P:\Photo\Из Сети\Инночка\102.jpg (6a5af8b1)
OK: P:\Photo\Из Сети\Инночка\103.jpg
✅ CRC OK: P:\Photo\Из Сети\Инночка\103.jpg (8488d5eb)
OK: P:\Photo\Из Сети\Инночка\104.jpg
✅ CRC OK: P:\Photo\Из Сети\Инночка\104.jpg (102c64eb)
OK: P:\Photo\Из Сети\Инночка\105.jpg
✅ CRC OK: P:\Photo\Из Сети\Инночка\105.jpg (1b0e6b26)
OK: P:\Photo\Из Сети\Инночка\106.jpg
✅ CRC OK: P:\Photo\Из Сети\Инночка\106.jpg (e9b0b7f1)
OK: P:\Photo\Из Сети\Инночка\107.jpg
✅ CRC OK: P:\Photo\Из Сети\Инночка\107.jpg (917b9d41)
OK: P:\Photo\Из Сети\Инночка\108.jpg
✅ CRC OK: P:\Photo\Из Сети\Инночка\108.jpg (c940cafd)
OK: P:\Photo\Из Сети\Инночка\109.jpg
✅ CRC OK: P:\Photo\Из Сети\Инночка\109.jpg (27ddc52a)
OK: P:\Photo\Из Сети\Инночка\11.jpg
✅ CRC OK: P:\Photo\Из Сети\Инночка\11.jpg (31913594)
OK: P:\Photo\Из Сети\Инночка\110.jpg
✅ CRC OK: P:\Photo\Из Сети\Инночка\110.jpg (d85e9fe8)
OK: P:\Photo\Из Сети\Инночка\111.jpg
✅ CRC OK: P:\Photo\Из Сети\Инночка\111.jpg (e0ed7923)
OK: P:\Photo\Из Сети\Инночка\112.jpg
✅ CRC OK: P:\Photo\Из Сети\Инночка\112.jpg (2fda07d7)
OK: P:\Photo\Из Сети\Инночка\113.jpg
✅ CRC OK: P:\Photo\Из Сети\Инночка\113.jpg (2356e29e)
OK: P:\Photo\Из Сети\Инночка\115.jpg
✅ CRC OK: P:\Photo\Из Сети\Инночка\115.jpg (974731d4)
OK: P:\Photo\Из Сети\Инночка\116.jpg
✅ CRC OK: P:\Photo\Из Сети\Инночка\116.jpg (f2af7c89)
OK: P:\Photo\Из Сети\Инночка\117.jpg
✅ CRC OK: P:\Photo\Из Сети\Инночка\117.jpg (3bd4ad64)
OK: P:\Photo\Из Сети\Инночка\118.jpg
✅ CRC OK: P:\Photo\Из Сети\Инночка\118.jpg (bc2b5e75)
OK: P:\Photo\Из Сети\Инночка\119.jpg
✅ CRC OK: P:\Photo\Из Сети\Инночка\119.jpg (b67cd225)
OK: P:\Photo\Из Сети\Инночка\12.jpg
✅ CRC OK: P:\Photo\Из Сети\Инночка\12.jpg (0ea7bfe9)
OK: P:\Photo\Из Сети\Инночка\120.jpg
✅ CRC OK: P:\Photo\Из Сети\Инночка\120.jpg (41ce19ae)
OK: P:\Photo\Из Сети\Инночка\121.jpg
✅ CRC OK: P:\Photo\Из Сети\Инночка\121.jpg (c291d3bf)
OK: P:\Photo\Из Сети\Инночка\122.jpg
✅ CRC OK: P:\Photo\Из Сети\Инночка\122.jpg (750a1b2a)
OK: P:\Photo\Из Сети\Инночка\123.jpg
✅ CRC OK: P:\Photo\Из Сети\Инночка\123.jpg (e4ab3f46)
OK: P:\Photo\Из Сети\Инночка\124.jpg
✅ CRC OK: P:\Photo\Из Сети\Инночка\124.jpg (d68cdf24)
OK: P:\Photo\Из Сети\Инночка\125.jpg
✅ CRC OK: P:\Photo\Из Сети\Инночка\125.jpg (05c20fe7)
OK: P:\Photo\Из Сети\Инночка\126.jpg
✅ CRC OK: P:\Photo\Из Сети\Инночка\126.jpg (ce921660)
OK: P:\Photo\Из Сети\Инночка\127.jpg
✅ CRC OK: P:\Photo\Из Сети\Инночка\127.jpg (fd82e219)
OK: P:\Photo\Из Сети\Инночка\129.jpg
✅ CRC OK: P:\Photo\Из Сети\Инночка\129.jpg (a0cd778b)
OK: P:\Photo\Из Сети\Инночка\13.jpg
✅ CRC OK: P:\Photo\Из Сети\Инночка\13.jpg (e6b34d09)
OK: P:\Photo\Из Сети\Инночка\130.jpg
✅ CRC OK: P:\Photo\Из Сети\Инночка\130.jpg (fb0e17a3)
OK: P:\Photo\Из Сети\Инночка\131.jpg
✅ CRC OK: P:\Photo\Из Сети\Инночка\131.jpg (f090993a)
OK: P:\Photo\Из Сети\Инночка\132.jpg
✅ CRC OK: P:\Photo\Из Сети\Инночка\132.jpg (77e26129)
OK: P:\Photo\Из Сети\Инночка\133.jpg
✅ CRC OK: P:\Photo\Из Сети\Инночка\133.jpg (d7942f2c)
OK: P:\Photo\Из Сети\Инночка\134.jpg
✅ CRC OK: P:\Photo\Из Сети\Инночка\134.jpg (61dcf71e)
OK: P:\Photo\Из Сети\Инночка\135.jpg
✅ CRC OK: P:\Photo\Из Сети\Инночка\135.jpg (e25fa0eb)
OK: P:\Photo\Из Сети\Инночка\136.jpg
✅ CRC OK: P:\Photo\Из Сети\Инночка\136.jpg (09359813)
OK: P:\Photo\Из Сети\Инночка\137.jpg
✅ CRC OK: P:\Photo\Из Сети\Инночка\137.jpg (65d7c8a9)
OK: P:\Photo\Из Сети\Инночка\138.jpg
✅ CRC OK: P:\Photo\Из Сети\Инночка\138.jpg (02345c23)
OK: P:\Photo\Из Сети\Инночка\139.jpg
✅ CRC OK: P:\Photo\Из Сети\Инночка\139.jpg (6ec422be)
OK: P:\Photo\Из Сети\Инночка\14.jpg
✅ CRC OK: P:\Photo\Из Сети\Инночка\14.jpg (be0e17db)
OK: P:\Photo\Из Сети\Инночка\140.jpg
✅ CRC OK: P:\Photo\Из Сети\Инночка\140.jpg (4443cd2a)
OK: P:\Photo\Из Сети\Инночка\141.jpg
✅ CRC OK: P:\Photo\Из Сети\Инночка\141.jpg (02e00597)
OK: P:\Photo\Из Сети\Инночка\142.jpg
✅ CRC OK: P:\Photo\Из Сети\Инночка\142.jpg (076d20d1)
OK: P:\Photo\Из Сети\Инночка\143.jpg
✅ CRC OK: P:\Photo\Из Сети\Инночка\143.jpg (49a462b6)
OK: P:\Photo\Из Сети\Инночка\144.jpg
✅ CRC OK: P:\Photo\Из Сети\Инночка\144.jpg (e304c0d4)
OK: P:\Photo\Из Сети\Инночка\145.jpg
✅ CRC OK: P:\Photo\Из Сети\Инночка\145.jpg (28aea398)
OK: P:\Photo\Из Сети\Инночка\146.jpg
✅ CRC OK: P:\Photo\Из Сети\Инночка\146.jpg (3d51daea)
OK: P:\Photo\Из Сети\Инночка\147.jpg
✅ CRC OK: P:\Photo\Из Сети\Инночка\147.jpg (080e0abc)
OK: P:\Photo\Из Сети\Инночка\148.jpg
✅ CRC OK: P:\Photo\Из Сети\Инночка\148.jpg (d6d60e78)
OK: P:\Photo\Из Сети\Инночка\149.jpg
✅ CRC OK: P:\Photo\Из Сети\Инночка\149.jpg (228aaf54)
OK: P:\Photo\Из Сети\Инночка\15.jpg
✅ CRC OK: P:\Photo\Из Сети\Инночка\15.jpg (9357da49)
OK: P:\Photo\Из Сети\Инночка\150.jpg
✅ CRC OK: P:\Photo\Из Сети\Инночка\150.jpg (8658166d)
OK: P:\Photo\Из Сети\Инночка\151.jpg
✅ CRC OK: P:\Photo\Из Сети\Инночка\151.jpg (0c1555b4)
OK: P:\Photo\Из Сети\Инночка\152.jpg
✅ CRC OK: P:\Photo\Из Сети\Инночка\152.jpg (ae73882e)
OK: P:\Photo\Из Сети\Инночка\153.jpg
✅ CRC OK: P:\Photo\Из Сети\Инночка\153.jpg (9978ec9f)
OK: P:\Photo\Из Сети\Инночка\154.jpg
✅ CRC OK: P:\Photo\Из Сети\Инночка\154.jpg (d7a92b58)
OK: P:\Photo\Из Сети\Инночка\155.jpg
✅ CRC OK: P:\Photo\Из Сети\Инночка\155.jpg (a494d2f1)
OK: P:\Photo\Из Сети\Инночка\156.jpg
✅ CRC OK: P:\Photo\Из Сети\Инночка\156.jpg (4c0fb56f)
OK: P:\Photo\Из Сети\Инночка\157.jpg
✅ CRC OK: P:\Photo\Из Сети\Инночка\157.jpg (c4ca4d95)
OK: P:\Photo\Из Сети\Инночка\158.jpg
✅ CRC OK: P:\Photo\Из Сети\Инночка\158.jpg (7f04c9dc)
OK: P:\Photo\Из Сети\Инночка\159.jpg
✅ CRC OK: P:\Photo\Из Сети\Инночка\159.jpg (c74bd061)
OK: P:\Photo\Из Сети\Инночка\16.jpg
✅ CRC OK: P:\Photo\Из Сети\Инночка\16.jpg (e40ac3ac)
OK: P:\Photo\Из Сети\Инночка\160.jpg
✅ CRC OK: P:\Photo\Из Сети\Инночка\160.jpg (7b07b2ae)
OK: P:\Photo\Из Сети\Инночка\161.jpg
✅ CRC OK: P:\Photo\Из Сети\Инночка\161.jpg (0af183da)
OK: P:\Photo\Из Сети\Инночка\162.jpg
✅ CRC OK: P:\Photo\Из Сети\Инночка\162.jpg (94bde5b1)
OK: P:\Photo\Из Сети\Инночка\163.jpg
✅ CRC OK: P:\Photo\Из Сети\Инночка\163.jpg (9cc915c1)
OK: P:\Photo\Из Сети\Инночка\164.jpg
✅ CRC OK: P:\Photo\Из Сети\Инночка\164.jpg (3a2ce807)
OK: P:\Photo\Из Сети\Инночка\165.jpg
✅ CRC OK: P:\Photo\Из Сети\Инночка\165.jpg (defeb00b)
OK: P:\Photo\Из Сети\Инночка\166.jpg
✅ CRC OK: P:\Photo\Из Сети\Инночка\166.jpg (7275f839)
OK: P:\Photo\Из Сети\Инночка\167.jpg
✅ CRC OK: P:\Photo\Из Сети\Инночка\167.jpg (6ca6a21d)
OK: P:\Photo\Из Сети\Инночка\168.jpg
✅ CRC OK: P:\Photo\Из Сети\Инночка\168.jpg (ea327c7b)
OK: P:\Photo\Из Сети\Инночка\169.jpg
✅ CRC OK: P:\Photo\Из Сети\Инночка\169.jpg (d72fdee2)
OK: P:\Photo\Из Сети\Инночка\17.jpg
✅ CRC OK: P:\Photo\Из Сети\Инночка\17.jpg (261a0d5b)
OK: P:\Photo\Из Сети\Инночка\170.jpg
✅ CRC OK: P:\Photo\Из Сети\Инночка\170.jpg (4a3f7e64)
OK: P:\Photo\Из Сети\Инночка\1704866267012.jpeg
✅ CRC OK: P:\Photo\Из Сети\Инночка\1704866267012.jpeg (d05bcaf1)
OK: P:\Photo\Из Сети\Инночка\171.jpg
✅ CRC OK: P:\Photo\Из Сети\Инночка\171.jpg (a3fc0df1)
OK: P:\Photo\Из Сети\Инночка\1711259644828.jpeg
✅ CRC OK: P:\Photo\Из Сети\Инночка\1711259644828.jpeg (ce4f3cc6)
OK: P:\Photo\Из Сети\Инночка\172.jpg
✅ CRC OK: P:\Photo\Из Сети\Инночка\172.jpg (68824249)
OK: P:\Photo\Из Сети\Инночка\1723198247455.jpeg
✅ CRC OK: P:\Photo\Из Сети\Инночка\1723198247455.jpeg (bbe9ed48)
OK: P:\Photo\Из Сети\Инночка\173.jpg
✅ CRC OK: P:\Photo\Из Сети\Инночка\173.jpg (48b1358a)
OK: P:\Photo\Из Сети\Инночка\174.jpg
✅ CRC OK: P:\Photo\Из Сети\Инночка\174.jpg (925b1a66)
OK: P:\Photo\Из Сети\Инночка\1746686033082.jpeg
✅ CRC OK: P:\Photo\Из Сети\Инночка\1746686033082.jpeg (c479ce32)
OK: P:\Photo\Из Сети\Инночка\1746686033086.jpeg
✅ CRC OK: P:\Photo\Из Сети\Инночка\1746686033086.jpeg (22286b14)
OK: P:\Photo\Из Сети\Инночка\175.jpg
✅ CRC OK: P:\Photo\Из Сети\Инночка\175.jpg (122946b9)
OK: P:\Photo\Из Сети\Инночка\176.jpg
✅ CRC OK: P:\Photo\Из Сети\Инночка\176.jpg (f86a959a)
OK: P:\Photo\Из Сети\Инночка\177.jpg
✅ CRC OK: P:\Photo\Из Сети\Инночка\177.jpg (d01dca52)
OK: P:\Photo\Из Сети\Инночка\178.jpg
✅ CRC OK: P:\Photo\Из Сети\Инночка\178.jpg (2a314e1f)
OK: P:\Photo\Из Сети\Инночка\179.jpg
✅ CRC OK: P:\Photo\Из Сети\Инночка\179.jpg (4e35e5e1)
OK: P:\Photo\Из Сети\Инночка\18.jpg
✅ CRC OK: P:\Photo\Из Сети\Инночка\18.jpg (8e549949)
OK: P:\Photo\Из Сети\Инночка\180.jpg
✅ CRC OK: P:\Photo\Из Сети\Инночка\180.jpg (676476f4)
OK: P:\Photo\Из Сети\Инночка\181.jpg
✅ CRC OK: P:\Photo\Из Сети\Инночка\181.jpg (85e0ed1c)
OK: P:\Photo\Из Сети\Инночка\182.jpg
✅ CRC OK: P:\Photo\Из Сети\Инночка\182.jpg (a0207e51)
OK: P:\Photo\Из Сети\Инночка\183.jpg
✅ CRC OK: P:\Photo\Из Сети\Инночка\183.jpg (48430577)
OK: P:\Photo\Из Сети\Инночка\184.jpg
✅ CRC OK: P:\Photo\Из Сети\Инночка\184.jpg (c9188c9b)
OK: P:\Photo\Из Сети\Инночка\185.jpg
✅ CRC OK: P:\Photo\Из Сети\Инночка\185.jpg (cf77655f)
OK: P:\Photo\Из Сети\Инночка\186.jpg
✅ CRC OK: P:\Photo\Из Сети\Инночка\186.jpg (529abb88)
OK: P:\Photo\Из Сети\Инночка\187.jpg
✅ CRC OK: P:\Photo\Из Сети\Инночка\187.jpg (6b5b2cd7)
OK: P:\Photo\Из Сети\Инночка\188.jpg
✅ CRC OK: P:\Photo\Из Сети\Инночка\188.jpg (ce188e0b)
OK: P:\Photo\Из Сети\Инночка\19.jpg
✅ CRC OK: P:\Photo\Из Сети\Инночка\19.jpg (8e4a5c5c)
OK: P:\Photo\Из Сети\Инночка\190.jpg
✅ CRC OK: P:\Photo\Из Сети\Инночка\190.jpg (c84fb65e)
OK: P:\Photo\Из Сети\Инночка\191.jpg
✅ CRC OK: P:\Photo\Из Сети\Инночка\191.jpg (1776e932)
OK: P:\Photo\Из Сети\Инночка\192.jpg
✅ CRC OK: P:\Photo\Из Сети\Инночка\192.jpg (c842ae20)
OK: P:\Photo\Из Сети\Инночка\193.jpg
✅ CRC OK: P:\Photo\Из Сети\Инночка\193.jpg (be461bcb)
OK: P:\Photo\Из Сети\Инночка\194.jpg
✅ CRC OK: P:\Photo\Из Сети\Инночка\194.jpg (91909998)
OK: P:\Photo\Из Сети\Инночка\196.jpg
✅ CRC OK: P:\Photo\Из Сети\Инночка\196.jpg (2ebf9968)
OK: P:\Photo\Из Сети\Инночка\197.jpg
✅ CRC OK: P:\Photo\Из Сети\Инночка\197.jpg (2ba428a7)
OK: P:\Photo\Из Сети\Инночка\198.jpg
✅ CRC OK: P:\Photo\Из Сети\Инночка\198.jpg (e11b5bc3)
OK: P:\Photo\Из Сети\Инночка\199.jpg
✅ CRC OK: P:\Photo\Из Сети\Инночка\199.jpg (886d495e)
OK: P:\Photo\Из Сети\Инночка\20.jpg
✅ CRC OK: P:\Photo\Из Сети\Инночка\20.jpg (cb5f9e25)
OK: P:\Photo\Из Сети\Инночка\200.jpg
✅ CRC OK: P:\Photo\Из Сети\Инночка\200.jpg (260c7981)
OK: P:\Photo\Из Сети\Инночка\201.jpg
✅ CRC OK: P:\Photo\Из Сети\Инночка\201.jpg (b512c4a6)
OK: P:\Photo\Из Сети\Инночка\202.jpg
✅ CRC OK: P:\Photo\Из Сети\Инночка\202.jpg (1af41e2a)
OK: P:\Photo\Из Сети\Инночка\203.jpg
✅ CRC OK: P:\Photo\Из Сети\Инночка\203.jpg (f24b420f)
OK: P:\Photo\Из Сети\Инночка\204.jpg
✅ CRC OK: P:\Photo\Из Сети\Инночка\204.jpg (0fc11d97)
OK: P:\Photo\Из Сети\Инночка\205.jpg
✅ CRC OK: P:\Photo\Из Сети\Инночка\205.jpg (b4ab3a00)
OK: P:\Photo\Из Сети\Инночка\206.jpg
✅ CRC OK: P:\Photo\Из Сети\Инночка\206.jpg (a88554c7)
OK: P:\Photo\Из Сети\Инночка\207.jpg
✅ CRC OK: P:\Photo\Из Сети\Инночка\207.jpg (70b2aec0)
OK: P:\Photo\Из Сети\Инночка\208.jpg
✅ CRC OK: P:\Photo\Из Сети\Инночка\208.jpg (22a7bec2)
OK: P:\Photo\Из Сети\Инночка\209.jpg
✅ CRC OK: P:\Photo\Из Сети\Инночка\209.jpg (d5307c92)
OK: P:\Photo\Из Сети\Инночка\21.jpg
✅ CRC OK: P:\Photo\Из Сети\Инночка\21.jpg (211c0fbb)
OK: P:\Photo\Из Сети\Инночка\211.jpg
✅ CRC OK: P:\Photo\Из Сети\Инночка\211.jpg (931f9c5c)
OK: P:\Photo\Из Сети\Инночка\213.jpg
✅ CRC OK: P:\Photo\Из Сети\Инночка\213.jpg (4c6e2a9e)
OK: P:\Photo\Из Сети\Инночка\214.jpg
✅ CRC OK: P:\Photo\Из Сети\Инночка\214.jpg (a73ff322)
OK: P:\Photo\Из Сети\Инночка\215.jpg
✅ CRC OK: P:\Photo\Из Сети\Инночка\215.jpg (75f139b5)
OK: P:\Photo\Из Сети\Инночка\216.jpg
✅ CRC OK: P:\Photo\Из Сети\Инночка\216.jpg (27360944)
OK: P:\Photo\Из Сети\Инночка\217.jpg
✅ CRC OK: P:\Photo\Из Сети\Инночка\217.jpg (de9e9568)
OK: P:\Photo\Из Сети\Инночка\218.jpg
✅ CRC OK: P:\Photo\Из Сети\Инночка\218.jpg (01e538bf)
OK: P:\Photo\Из Сети\Инночка\219.jpg
✅ CRC OK: P:\Photo\Из Сети\Инночка\219.jpg (f8473363)
OK: P:\Photo\Из Сети\Инночка\22.jpg
✅ CRC OK: P:\Photo\Из Сети\Инночка\22.jpg (98e463c7)
OK: P:\Photo\Из Сети\Инночка\220.jpg
✅ CRC OK: P:\Photo\Из Сети\Инночка\220.jpg (26d328f0)
OK: P:\Photo\Из Сети\Инночка\221.jpg
✅ CRC OK: P:\Photo\Из Сети\Инночка\221.jpg (eb898fec)
OK: P:\Photo\Из Сети\Инночка\222.jpg
✅ CRC OK: P:\Photo\Из Сети\Инночка\222.jpg (903e9985)
OK: P:\Photo\Из Сети\Инночка\223.jpg
✅ CRC OK: P:\Photo\Из Сети\Инночка\223.jpg (9cb39f31)
OK: P:\Photo\Из Сети\Инночка\224.jpg
✅ CRC OK: P:\Photo\Из Сети\Инночка\224.jpg (5b01c7cc)
OK: P:\Photo\Из Сети\Инночка\227.jpg
✅ CRC OK: P:\Photo\Из Сети\Инночка\227.jpg (ed005784)
OK: P:\Photo\Из Сети\Инночка\229.jpg
✅ CRC OK: P:\Photo\Из Сети\Инночка\229.jpg (197bd48d)
OK: P:\Photo\Из Сети\Инночка\23.jpg
✅ CRC OK: P:\Photo\Из Сети\Инночка\23.jpg (2062c717)
OK: P:\Photo\Из Сети\Инночка\230.jpg
✅ CRC OK: P:\Photo\Из Сети\Инночка\230.jpg (8f31792f)
OK: P:\Photo\Из Сети\Инночка\231.jpg
✅ CRC OK: P:\Photo\Из Сети\Инночка\231.jpg (37af16af)
OK: P:\Photo\Из Сети\Инночка\232.jpg
✅ CRC OK: P:\Photo\Из Сети\Инночка\232.jpg (d5dc97dd)
OK: P:\Photo\Из Сети\Инночка\233.jpg
✅ CRC OK: P:\Photo\Из Сети\Инночка\233.jpg (55515deb)
OK: P:\Photo\Из Сети\Инночка\234.jpg
✅ CRC OK: P:\Photo\Из Сети\Инночка\234.jpg (c6412037)
OK: P:\Photo\Из Сети\Инночка\235.jpg
✅ CRC OK: P:\Photo\Из Сети\Инночка\235.jpg (0c5e44ba)
OK: P:\Photo\Из Сети\Инночка\236.jpg
✅ CRC OK: P:\Photo\Из Сети\Инночка\236.jpg (b2ad8b58)
OK: P:\Photo\Из Сети\Инночка\237.jpg
✅ CRC OK: P:\Photo\Из Сети\Инночка\237.jpg (06c415e2)
OK: P:\Photo\Из Сети\Инночка\238.jpg
✅ CRC OK: P:\Photo\Из Сети\Инночка\238.jpg (c4b4e8bb)
OK: P:\Photo\Из Сети\Инночка\239.jpg
✅ CRC OK: P:\Photo\Из Сети\Инночка\239.jpg (c01eed26)
OK: P:\Photo\Из Сети\Инночка\24.jpg
✅ CRC OK: P:\Photo\Из Сети\Инночка\24.jpg (b4e6b011)
OK: P:\Photo\Из Сети\Инночка\240.jpg
✅ CRC OK: P:\Photo\Из Сети\Инночка\240.jpg (31a53889)
OK: P:\Photo\Из Сети\Инночка\241.jpg
✅ CRC OK: P:\Photo\Из Сети\Инночка\241.jpg (262e3887)
OK: P:\Photo\Из Сети\Инночка\242.jpg
✅ CRC OK: P:\Photo\Из Сети\Инночка\242.jpg (11285a29)
OK: P:\Photo\Из Сети\Инночка\243.jpg
✅ CRC OK: P:\Photo\Из Сети\Инночка\243.jpg (bb92cf04)
OK: P:\Photo\Из Сети\Инночка\244.jpg
✅ CRC OK: P:\Photo\Из Сети\Инночка\244.jpg (f5e43d89)
OK: P:\Photo\Из Сети\Инночка\245.jpg
✅ CRC OK: P:\Photo\Из Сети\Инночка\245.jpg (36f46830)
OK: P:\Photo\Из Сети\Инночка\246.jpg
✅ CRC OK: P:\Photo\Из Сети\Инночка\246.jpg (c4da7c3f)
OK: P:\Photo\Из Сети\Инночка\247.jpg
✅ CRC OK: P:\Photo\Из Сети\Инночка\247.jpg (1b873d32)
OK: P:\Photo\Из Сети\Инночка\248.jpg
✅ CRC OK: P:\Photo\Из Сети\Инночка\248.jpg (2bdf02af)
OK: P:\Photo\Из Сети\Инночка\25.jpg
✅ CRC OK: P:\Photo\Из Сети\Инночка\25.jpg (df07ba41)
OK: P:\Photo\Из Сети\Инночка\250.jpg
✅ CRC OK: P:\Photo\Из Сети\Инночка\250.jpg (20b8c765)
OK: P:\Photo\Из Сети\Инночка\251.jpg
✅ CRC OK: P:\Photo\Из Сети\Инночка\251.jpg (9c858e3d)
OK: P:\Photo\Из Сети\Инночка\254.jpg
✅ CRC OK: P:\Photo\Из Сети\Инночка\254.jpg (d871835c)
OK: P:\Photo\Из Сети\Инночка\255.jpg
✅ CRC OK: P:\Photo\Из Сети\Инночка\255.jpg (b22e7cf1)
OK: P:\Photo\Из Сети\Инночка\256.jpg
✅ CRC OK: P:\Photo\Из Сети\Инночка\256.jpg (81b6f44f)
OK: P:\Photo\Из Сети\Инночка\257.jpg
✅ CRC OK: P:\Photo\Из Сети\Инночка\257.jpg (b4d1da71)
OK: P:\Photo\Из Сети\Инночка\258.jpg
✅ CRC OK: P:\Photo\Из Сети\Инночка\258.jpg (eb04cf0d)
OK: P:\Photo\Из Сети\Инночка\259.jpg
✅ CRC OK: P:\Photo\Из Сети\Инночка\259.jpg (0a1249a1)
OK: P:\Photo\Из Сети\Инночка\26.jpg
✅ CRC OK: P:\Photo\Из Сети\Инночка\26.jpg (22e54714)
OK: P:\Photo\Из Сети\Инночка\260.jpg
✅ CRC OK: P:\Photo\Из Сети\Инночка\260.jpg (45955dc9)
OK: P:\Photo\Из Сети\Инночка\261.jpg
✅ CRC OK: P:\Photo\Из Сети\Инночка\261.jpg (d7f3d503)
OK: P:\Photo\Из Сети\Инночка\262.jpg
✅ CRC OK: P:\Photo\Из Сети\Инночка\262.jpg (ced21979)
OK: P:\Photo\Из Сети\Инночка\264.jpg
✅ CRC OK: P:\Photo\Из Сети\Инночка\264.jpg (5b3e6efc)
OK: P:\Photo\Из Сети\Инночка\265.jpg
✅ CRC OK: P:\Photo\Из Сети\Инночка\265.jpg (a3fdde1f)
OK: P:\Photo\Из Сети\Инночка\266.jpg
✅ CRC OK: P:\Photo\Из Сети\Инночка\266.jpg (9d067a35)
OK: P:\Photo\Из Сети\Инночка\268.jpg
✅ CRC OK: P:\Photo\Из Сети\Инночка\268.jpg (072078f3)
OK: P:\Photo\Из Сети\Инночка\27.jpg
✅ CRC OK: P:\Photo\Из Сети\Инночка\27.jpg (f726c654)
OK: P:\Photo\Из Сети\Инночка\270.jpg
✅ CRC OK: P:\Photo\Из Сети\Инночка\270.jpg (b872bd70)
OK: P:\Photo\Из Сети\Инночка\272.jpg
✅ CRC OK: P:\Photo\Из Сети\Инночка\272.jpg (737ab7f8)
OK: P:\Photo\Из Сети\Инночка\273.jpg
✅ CRC OK: P:\Photo\Из Сети\Инночка\273.jpg (3ae2d030)
OK: P:\Photo\Из Сети\Инночка\275.jpg
✅ CRC OK: P:\Photo\Из Сети\Инночка\275.jpg (cbf9670c)
OK: P:\Photo\Из Сети\Инночка\278.jpg
✅ CRC OK: P:\Photo\Из Сети\Инночка\278.jpg (ff71dfaf)
OK: P:\Photo\Из Сети\Инночка\279.jpg
✅ CRC OK: P:\Photo\Из Сети\Инночка\279.jpg (ebb1a3c4)
OK: P:\Photo\Из Сети\Инночка\28.jpg
✅ CRC OK: P:\Photo\Из Сети\Инночка\28.jpg (04f82f94)
OK: P:\Photo\Из Сети\Инночка\280.jpg
✅ CRC OK: P:\Photo\Из Сети\Инночка\280.jpg (a9205745)
OK: P:\Photo\Из Сети\Инночка\281.jpg
✅ CRC OK: P:\Photo\Из Сети\Инночка\281.jpg (0b19def6)
OK: P:\Photo\Из Сети\Инночка\282.jpg
✅ CRC OK: P:\Photo\Из Сети\Инночка\282.jpg (306c6e18)
OK: P:\Photo\Из Сети\Инночка\283.jpg
✅ CRC OK: P:\Photo\Из Сети\Инночка\283.jpg (823b4852)
OK: P:\Photo\Из Сети\Инночка\284.jpg
✅ CRC OK: P:\Photo\Из Сети\Инночка\284.jpg (cb9519cb)
OK: P:\Photo\Из Сети\Инночка\285.jpg
✅ CRC OK: P:\Photo\Из Сети\Инночка\285.jpg (85fe3e65)
OK: P:\Photo\Из Сети\Инночка\286.jpg
✅ CRC OK: P:\Photo\Из Сети\Инночка\286.jpg (28aee164)
OK: P:\Photo\Из Сети\Инночка\287.jpg
✅ CRC OK: P:\Photo\Из Сети\Инночка\287.jpg (ecf6dd81)
OK: P:\Photo\Из Сети\Инночка\288.jpg
✅ CRC OK: P:\Photo\Из Сети\Инночка\288.jpg (c7d82380)
OK: P:\Photo\Из Сети\Инночка\289.jpg
✅ CRC OK: P:\Photo\Из Сети\Инночка\289.jpg (9fc286a8)
OK: P:\Photo\Из Сети\Инночка\29.jpg
✅ CRC OK: P:\Photo\Из Сети\Инночка\29.jpg (7a4b5890)
OK: P:\Photo\Из Сети\Инночка\290.jpg
✅ CRC OK: P:\Photo\Из Сети\Инночка\290.jpg (c2f0bf60)
OK: P:\Photo\Из Сети\Инночка\291.jpg
✅ CRC OK: P:\Photo\Из Сети\Инночка\291.jpg (e7eddbd0)
OK: P:\Photo\Из Сети\Инночка\292.jpg
✅ CRC OK: P:\Photo\Из Сети\Инночка\292.jpg (8c1e3fd7)
OK: P:\Photo\Из Сети\Инночка\293.jpg
✅ CRC OK: P:\Photo\Из Сети\Инночка\293.jpg (9a2e331f)
OK: P:\Photo\Из Сети\Инночка\294.jpg
✅ CRC OK: P:\Photo\Из Сети\Инночка\294.jpg (bfe4f073)
OK: P:\Photo\Из Сети\Инночка\295.jpg
✅ CRC OK: P:\Photo\Из Сети\Инночка\295.jpg (1bc345e5)
OK: P:\Photo\Из Сети\Инночка\296.jpg
✅ CRC OK: P:\Photo\Из Сети\Инночка\296.jpg (d4d8f3a7)
OK: P:\Photo\Из Сети\Инночка\297.jpg
✅ CRC OK: P:\Photo\Из Сети\Инночка\297.jpg (6608e54a)
OK: P:\Photo\Из Сети\Инночка\298.jpg
✅ CRC OK: P:\Photo\Из Сети\Инночка\298.jpg (3eafec76)
OK: P:\Photo\Из Сети\Инночка\299.jpg
✅ CRC OK: P:\Photo\Из Сети\Инночка\299.jpg (e2bb21a0)
OK: P:\Photo\Из Сети\Инночка\30.jpg
✅ CRC OK: P:\Photo\Из Сети\Инночка\30.jpg (8af2ee6c)
OK: P:\Photo\Из Сети\Инночка\300.jpg
✅ CRC OK: P:\Photo\Из Сети\Инночка\300.jpg (fcdaae69)
OK: P:\Photo\Из Сети\Инночка\301.jpg
✅ CRC OK: P:\Photo\Из Сети\Инночка\301.jpg (2ef42a9e)
OK: P:\Photo\Из Сети\Инночка\302.jpg
✅ CRC OK: P:\Photo\Из Сети\Инночка\302.jpg (a06ab7b1)
OK: P:\Photo\Из Сети\Инночка\304.jpg
✅ CRC OK: P:\Photo\Из Сети\Инночка\304.jpg (8f4b04f8)
OK: P:\Photo\Из Сети\Инночка\305.jpg
✅ CRC OK: P:\Photo\Из Сети\Инночка\305.jpg (06ca1fca)
OK: P:\Photo\Из Сети\Инночка\306.jpg
✅ CRC OK: P:\Photo\Из Сети\Инночка\306.jpg (7d9b3e8c)
OK: P:\Photo\Из Сети\Инночка\307.jpg
✅ CRC OK: P:\Photo\Из Сети\Инночка\307.jpg (1ac97b6f)
OK: P:\Photo\Из Сети\Инночка\308.jpg
✅ CRC OK: P:\Photo\Из Сети\Инночка\308.jpg (f543de14)
OK: P:\Photo\Из Сети\Инночка\309.jpg
✅ CRC OK: P:\Photo\Из Сети\Инночка\309.jpg (7f156b49)
OK: P:\Photo\Из Сети\Инночка\310.jpg
✅ CRC OK: P:\Photo\Из Сети\Инночка\310.jpg (8b68c4a7)
OK: P:\Photo\Из Сети\Инночка\311.jpg
✅ CRC OK: P:\Photo\Из Сети\Инночка\311.jpg (e5d8b4f5)
OK: P:\Photo\Из Сети\Инночка\312.jpg
✅ CRC OK: P:\Photo\Из Сети\Инночка\312.jpg (2a85265c)
OK: P:\Photo\Из Сети\Инночка\313.jpg
✅ CRC OK: P:\Photo\Из Сети\Инночка\313.jpg (1de65829)
OK: P:\Photo\Из Сети\Инночка\319.jpg
✅ CRC OK: P:\Photo\Из Сети\Инночка\319.jpg (4cd070e7)
OK: P:\Photo\Из Сети\Инночка\32.jpg
✅ CRC OK: P:\Photo\Из Сети\Инночка\32.jpg (7001a282)
OK: P:\Photo\Из Сети\Инночка\321.jpg
✅ CRC OK: P:\Photo\Из Сети\Инночка\321.jpg (1fd28d31)
OK: P:\Photo\Из Сети\Инночка\324.jpg
✅ CRC OK: P:\Photo\Из Сети\Инночка\324.jpg (e68d9a80)
OK: P:\Photo\Из Сети\Инночка\325.jpg
✅ CRC OK: P:\Photo\Из Сети\Инночка\325.jpg (fcdba684)
OK: P:\Photo\Из Сети\Инночка\326.jpg
✅ CRC OK: P:\Photo\Из Сети\Инночка\326.jpg (9928af35)
OK: P:\Photo\Из Сети\Инночка\327.jpg
✅ CRC OK: P:\Photo\Из Сети\Инночка\327.jpg (9f7d4e6e)
OK: P:\Photo\Из Сети\Инночка\33.jpg
✅ CRC OK: P:\Photo\Из Сети\Инночка\33.jpg (608ae71b)
OK: P:\Photo\Из Сети\Инночка\35.jpg
✅ CRC OK: P:\Photo\Из Сети\Инночка\35.jpg (9f23d585)
OK: P:\Photo\Из Сети\Инночка\36.jpg
✅ CRC OK: P:\Photo\Из Сети\Инночка\36.jpg (41e4ac09)
OK: P:\Photo\Из Сети\Инночка\37.jpg
✅ CRC OK: P:\Photo\Из Сети\Инночка\37.jpg (08eab0f2)
OK: P:\Photo\Из Сети\Инночка\38.jpg
✅ CRC OK: P:\Photo\Из Сети\Инночка\38.jpg (546cdd5b)
OK: P:\Photo\Из Сети\Инночка\39.jpg
✅ CRC OK: P:\Photo\Из Сети\Инночка\39.jpg (e0e097ac)
OK: P:\Photo\Из Сети\Инночка\40.jpg
✅ CRC OK: P:\Photo\Из Сети\Инночка\40.jpg (29893dae)
OK: P:\Photo\Из Сети\Инночка\42.jpg
✅ CRC OK: P:\Photo\Из Сети\Инночка\42.jpg (1144564a)
OK: P:\Photo\Из Сети\Инночка\43.jpg
✅ CRC OK: P:\Photo\Из Сети\Инночка\43.jpg (7db92200)
OK: P:\Photo\Из Сети\Инночка\44.jpg
✅ CRC OK: P:\Photo\Из Сети\Инночка\44.jpg (d27c138a)
OK: P:\Photo\Из Сети\Инночка\45.jpg
✅ CRC OK: P:\Photo\Из Сети\Инночка\45.jpg (ffd39816)
OK: P:\Photo\Из Сети\Инночка\46.jpg
✅ CRC OK: P:\Photo\Из Сети\Инночка\46.jpg (a7d6e3e5)
OK: P:\Photo\Из Сети\Инночка\47.jpg
✅ CRC OK: P:\Photo\Из Сети\Инночка\47.jpg (de4da586)
OK: P:\Photo\Из Сети\Инночка\48.jpg
✅ CRC OK: P:\Photo\Из Сети\Инночка\48.jpg (ce1fc29b)
OK: P:\Photo\Из Сети\Инночка\49.jpg
✅ CRC OK: P:\Photo\Из Сети\Инночка\49.jpg (8c8781a0)
OK: P:\Photo\Из Сети\Инночка\50.jpg
✅ CRC OK: P:\Photo\Из Сети\Инночка\50.jpg (99a49f7f)
OK: P:\Photo\Из Сети\Инночка\51.jpg
✅ CRC OK: P:\Photo\Из Сети\Инночка\51.jpg (b6c205ba)
OK: P:\Photo\Из Сети\Инночка\52.jpg
✅ CRC OK: P:\Photo\Из Сети\Инночка\52.jpg (a0f18483)
OK: P:\Photo\Из Сети\Инночка\53.jpg
✅ CRC OK: P:\Photo\Из Сети\Инночка\53.jpg (21cf972a)
OK: P:\Photo\Из Сети\Инночка\54.jpg
✅ CRC OK: P:\Photo\Из Сети\Инночка\54.jpg (df818fb3)
OK: P:\Photo\Из Сети\Инночка\55.jpg
✅ CRC OK: P:\Photo\Из Сети\Инночка\55.jpg (09e4cdc6)
OK: P:\Photo\Из Сети\Инночка\56.jpg
✅ CRC OK: P:\Photo\Из Сети\Инночка\56.jpg (c6271f70)
OK: P:\Photo\Из Сети\Инночка\57.jpg
✅ CRC OK: P:\Photo\Из Сети\Инночка\57.jpg (d3f86fb9)
OK: P:\Photo\Из Сети\Инночка\58.jpg
✅ CRC OK: P:\Photo\Из Сети\Инночка\58.jpg (95b4a31c)
OK: P:\Photo\Из Сети\Инночка\59.jpg
✅ CRC OK: P:\Photo\Из Сети\Инночка\59.jpg (08c93ebe)
OK: P:\Photo\Из Сети\Инночка\60.jpg
✅ CRC OK: P:\Photo\Из Сети\Инночка\60.jpg (b44aa4cc)
OK: P:\Photo\Из Сети\Инночка\61.jpg
✅ CRC OK: P:\Photo\Из Сети\Инночка\61.jpg (d4df8701)
OK: P:\Photo\Из Сети\Инночка\62.jpg
✅ CRC OK: P:\Photo\Из Сети\Инночка\62.jpg (9c961956)
OK: P:\Photo\Из Сети\Инночка\63.jpg
✅ CRC OK: P:\Photo\Из Сети\Инночка\63.jpg (96861aa4)
OK: P:\Photo\Из Сети\Инночка\64.jpg
✅ CRC OK: P:\Photo\Из Сети\Инночка\64.jpg (6d5dc631)
OK: P:\Photo\Из Сети\Инночка\65.jpg
✅ CRC OK: P:\Photo\Из Сети\Инночка\65.jpg (54789457)
OK: P:\Photo\Из Сети\Инночка\66.jpg
✅ CRC OK: P:\Photo\Из Сети\Инночка\66.jpg (2163ed81)
OK: P:\Photo\Из Сети\Инночка\67.jpg
✅ CRC OK: P:\Photo\Из Сети\Инночка\67.jpg (850a63c2)
OK: P:\Photo\Из Сети\Инночка\68.jpg
✅ CRC OK: P:\Photo\Из Сети\Инночка\68.jpg (33414338)
OK: P:\Photo\Из Сети\Инночка\69.jpg
✅ CRC OK: P:\Photo\Из Сети\Инночка\69.jpg (24d11c66)
OK: P:\Photo\Из Сети\Инночка\70.jpg
✅ CRC OK: P:\Photo\Из Сети\Инночка\70.jpg (cca53725)
OK: P:\Photo\Из Сети\Инночка\71.jpg
✅ CRC OK: P:\Photo\Из Сети\Инночка\71.jpg (8c848b2f)
OK: P:\Photo\Из Сети\Инночка\72.jpg
✅ CRC OK: P:\Photo\Из Сети\Инночка\72.jpg (6c9af785)
OK: P:\Photo\Из Сети\Инночка\74.jpg
✅ CRC OK: P:\Photo\Из Сети\Инночка\74.jpg (b58c91c1)
OK: P:\Photo\Из Сети\Инночка\75.jpg
✅ CRC OK: P:\Photo\Из Сети\Инночка\75.jpg (c1df9511)
OK: P:\Photo\Из Сети\Инночка\76.jpg
✅ CRC OK: P:\Photo\Из Сети\Инночка\76.jpg (670b63ff)
OK: P:\Photo\Из Сети\Инночка\77.jpg
✅ CRC OK: P:\Photo\Из Сети\Инночка\77.jpg (1c72b31a)
OK: P:\Photo\Из Сети\Инночка\78.jpg
✅ CRC OK: P:\Photo\Из Сети\Инночка\78.jpg (87b79e98)
OK: P:\Photo\Из Сети\Инночка\79.jpg
✅ CRC OK: P:\Photo\Из Сети\Инночка\79.jpg (0cbd141c)
OK: P:\Photo\Из Сети\Инночка\81.jpg
✅ CRC OK: P:\Photo\Из Сети\Инночка\81.jpg (baa40f3d)
OK: P:\Photo\Из Сети\Инночка\82.jpg
✅ CRC OK: P:\Photo\Из Сети\Инночка\82.jpg (959e0417)
OK: P:\Photo\Из Сети\Инночка\83.jpg
✅ CRC OK: P:\Photo\Из Сети\Инночка\83.jpg (fc5b6e2f)
OK: P:\Photo\Из Сети\Инночка\84.jpg
✅ CRC OK: P:\Photo\Из Сети\Инночка\84.jpg (f6ac4cd4)
OK: P:\Photo\Из Сети\Инночка\85.jpg
✅ CRC OK: P:\Photo\Из Сети\Инночка\85.jpg (5de51f6b)
OK: P:\Photo\Из Сети\Инночка\86.jpg
✅ CRC OK: P:\Photo\Из Сети\Инночка\86.jpg (c0c82436)
OK: P:\Photo\Из Сети\Инночка\87.jpg
✅ CRC OK: P:\Photo\Из Сети\Инночка\87.jpg (5676f2cd)
OK: P:\Photo\Из Сети\Инночка\90.jpg
✅ CRC OK: P:\Photo\Из Сети\Инночка\90.jpg (43636301)
OK: P:\Photo\Из Сети\Инночка\91.jpg
✅ CRC OK: P:\Photo\Из Сети\Инночка\91.jpg (31d722a1)
OK: P:\Photo\Из Сети\Инночка\92.jpg
✅ CRC OK: P:\Photo\Из Сети\Инночка\92.jpg (6afc4e54)
OK: P:\Photo\Из Сети\Инночка\93.jpg
✅ CRC OK: P:\Photo\Из Сети\Инночка\93.jpg (737744ac)
OK: P:\Photo\Из Сети\Инночка\95.jpg
✅ CRC OK: P:\Photo\Из Сети\Инночка\95.jpg (82ad9e13)
OK: P:\Photo\Из Сети\Инночка\96.jpg
✅ CRC OK: P:\Photo\Из Сети\Инночка\96.jpg (03b80889)
OK: P:\Photo\Из Сети\Инночка\97.jpg
✅ CRC OK: P:\Photo\Из Сети\Инночка\97.jpg (354aa594)
OK: P:\Photo\Из Сети\Инночка\98.jpg
✅ CRC OK: P:\Photo\Из Сети\Инночка\98.jpg (ae443729)
OK: P:\Photo\Из Сети\Инночка\99.jpg
✅ CRC OK: P:\Photo\Из Сети\Инночка\99.jpg (1898dbcb)
OK: P:\Photo\Из Сети\Ира
OK: P:\Photo\Из Сети\Ира\3SUwf9U9yAM.jpg
✅ CRC OK: P:\Photo\Из Сети\Ира\3SUwf9U9yAM.jpg (11ad559f)
OK: P:\Photo\Из Сети\Ира\6YKdYFMu_fI.jpg
✅ CRC OK: P:\Photo\Из Сети\Ира\6YKdYFMu_fI.jpg (11ecd292)
OK: P:\Photo\Из Сети\Ира\9-kQtmOVP_k.jpg
✅ CRC OK: P:\Photo\Из Сети\Ира\9-kQtmOVP_k.jpg (47604ebc)
OK: P:\Photo\Из Сети\Ира\GDSuFn930HY.jpg
✅ CRC OK: P:\Photo\Из Сети\Ира\GDSuFn930HY.jpg (9f9d7414)
OK: P:\Photo\Из Сети\Ира\JIoCpGfFYc0.jpg
✅ CRC OK: P:\Photo\Из Сети\Ира\JIoCpGfFYc0.jpg (908bdf17)
OK: P:\Photo\Из Сети\Ира\L_YhtsrrfcA.jpg
✅ CRC OK: P:\Photo\Из Сети\Ира\L_YhtsrrfcA.jpg (1cfe0c1a)
OK: P:\Photo\Из Сети\Ира\N8xrjrXS3uA.jpg
✅ CRC OK: P:\Photo\Из Сети\Ира\N8xrjrXS3uA.jpg (71198a2a)
OK: P:\Photo\Из Сети\Ира\NVpsWJ9FFaw.jpg
✅ CRC OK: P:\Photo\Из Сети\Ира\NVpsWJ9FFaw.jpg (00430754)
OK: P:\Photo\Из Сети\Ира\Q-2JORMTKnw.jpg
✅ CRC OK: P:\Photo\Из Сети\Ира\Q-2JORMTKnw.jpg (163e008c)
OK: P:\Photo\Из Сети\Ира\R3ajGrAcD7c.jpg
✅ CRC OK: P:\Photo\Из Сети\Ира\R3ajGrAcD7c.jpg (47d063c0)
OK: P:\Photo\Из Сети\Ира\SOEazUgw9ww.jpg
✅ CRC OK: P:\Photo\Из Сети\Ира\SOEazUgw9ww.jpg (877358b3)
OK: P:\Photo\Из Сети\Ира\System Specification
OK: P:\Photo\Из Сети\Ира\System Specification\4654654.jpg
✅ CRC OK: P:\Photo\Из Сети\Ира\System Specification\4654654.jpg (2e1e17d6)
OK: P:\Photo\Из Сети\Ира\System Specification\5646464646.jpg
✅ CRC OK: P:\Photo\Из Сети\Ира\System Specification\5646464646.jpg (3da7c5a9)
OK: P:\Photo\Из Сети\Ира\System Specification\646.jpg
✅ CRC OK: P:\Photo\Из Сети\Ира\System Specification\646.jpg (53b7f6d2)
OK: P:\Photo\Из Сети\Ира\System Specification\68798789.jpg
✅ CRC OK: P:\Photo\Из Сети\Ира\System Specification\68798789.jpg (ef1a8b94)
OK: P:\Photo\Из Сети\Ира\System Specification\Image0004.jpg
✅ CRC OK: P:\Photo\Из Сети\Ира\System Specification\Image0004.jpg (c474ac30)
OK: P:\Photo\Из Сети\Ира\System Specification\PDVD_008.jpg
✅ CRC OK: P:\Photo\Из Сети\Ира\System Specification\PDVD_008.jpg (992da1b9)
OK: P:\Photo\Из Сети\Ира\System Specification\PDVD_009.jpg
✅ CRC OK: P:\Photo\Из Сети\Ира\System Specification\PDVD_009.jpg (91dd44e6)
OK: P:\Photo\Из Сети\Ира\System Specification\PDVD_011.jpg
✅ CRC OK: P:\Photo\Из Сети\Ира\System Specification\PDVD_011.jpg (d41f5efb)
OK: P:\Photo\Из Сети\Ира\System Specification\PDVD_016.jpg
✅ CRC OK: P:\Photo\Из Сети\Ира\System Specification\PDVD_016.jpg (a10ac81f)
OK: P:\Photo\Из Сети\Ира\System Specification\PDVD_017.jpg
✅ CRC OK: P:\Photo\Из Сети\Ира\System Specification\PDVD_017.jpg (b0df59cf)
OK: P:\Photo\Из Сети\Ира\System Specification\PDVD_018.jpg
✅ CRC OK: P:\Photo\Из Сети\Ира\System Specification\PDVD_018.jpg (4cb09bdf)
OK: P:\Photo\Из Сети\Ира\System Specification\PDVD_019.jpg
✅ CRC OK: P:\Photo\Из Сети\Ира\System Specification\PDVD_019.jpg (f18f0843)
OK: P:\Photo\Из Сети\Ира\System Specification\PDVD_020.jpg
✅ CRC OK: P:\Photo\Из Сети\Ира\System Specification\PDVD_020.jpg (0b50ff78)
OK: P:\Photo\Из Сети\Ира\System Specification\PDVD_021.jpg
✅ CRC OK: P:\Photo\Из Сети\Ира\System Specification\PDVD_021.jpg (549cb4ca)
OK: P:\Photo\Из Сети\Ира\System Specification\PDVD_022.jpg
✅ CRC OK: P:\Photo\Из Сети\Ира\System Specification\PDVD_022.jpg (8be2e036)
OK: P:\Photo\Из Сети\Ира\System Specification\PDVD_023.jpg
✅ CRC OK: P:\Photo\Из Сети\Ира\System Specification\PDVD_023.jpg (94ac3308)
OK: P:\Photo\Из Сети\Ира\System Specification\PDVD_024.jpg
✅ CRC OK: P:\Photo\Из Сети\Ира\System Specification\PDVD_024.jpg (fa8d9318)
OK: P:\Photo\Из Сети\Ира\System Specification\PDVD_025.jpg
✅ CRC OK: P:\Photo\Из Сети\Ира\System Specification\PDVD_025.jpg (d511f6f5)
OK: P:\Photo\Из Сети\Ира\System Specification\PDVD_026.jpg
✅ CRC OK: P:\Photo\Из Сети\Ира\System Specification\PDVD_026.jpg (9000ab30)
OK: P:\Photo\Из Сети\Ира\System Specification\PDVD_027.jpg
✅ CRC OK: P:\Photo\Из Сети\Ира\System Specification\PDVD_027.jpg (93d50056)
OK: P:\Photo\Из Сети\Ира\System Specification\PDVD_050.jpg
✅ CRC OK: P:\Photo\Из Сети\Ира\System Specification\PDVD_050.jpg (f5299ca0)
OK: P:\Photo\Из Сети\Ира\System Specification\PDVD_051.jpg
✅ CRC OK: P:\Photo\Из Сети\Ира\System Specification\PDVD_051.jpg (5cafa640)
OK: P:\Photo\Из Сети\Ира\System Specification\PDVD_052.jpg
✅ CRC OK: P:\Photo\Из Сети\Ира\System Specification\PDVD_052.jpg (e9c5277b)
OK: P:\Photo\Из Сети\Ира\System Specification\PDVD_060.jpg
✅ CRC OK: P:\Photo\Из Сети\Ира\System Specification\PDVD_060.jpg (10c87893)
OK: P:\Photo\Из Сети\Ира\System Specification\PDVD_061.jpg
✅ CRC OK: P:\Photo\Из Сети\Ира\System Specification\PDVD_061.jpg (f2584e2e)
OK: P:\Photo\Из Сети\Ира\System Specification\PDVD_062.jpg
✅ CRC OK: P:\Photo\Из Сети\Ира\System Specification\PDVD_062.jpg (19fc516d)
OK: P:\Photo\Из Сети\Ира\System Specification\PDVD_063.jpg
✅ CRC OK: P:\Photo\Из Сети\Ира\System Specification\PDVD_063.jpg (e8ccf19b)
OK: P:\Photo\Из Сети\Ира\System Specification\PDVD_064.jpg
✅ CRC OK: P:\Photo\Из Сети\Ира\System Specification\PDVD_064.jpg (7e0caf65)
OK: P:\Photo\Из Сети\Ира\System Specification\aergre4g54.jpg
✅ CRC OK: P:\Photo\Из Сети\Ира\System Specification\aergre4g54.jpg (ecf8e663)
OK: P:\Photo\Из Сети\Ира\System Specification\dhger5.jpg
✅ CRC OK: P:\Photo\Из Сети\Ира\System Specification\dhger5.jpg (91f027ff)
OK: P:\Photo\Из Сети\Ира\System Specification\ergwerg6.jpg
✅ CRC OK: P:\Photo\Из Сети\Ира\System Specification\ergwerg6.jpg (0d785669)
OK: P:\Photo\Из Сети\Ира\System Specification\image 111111.jpg
✅ CRC OK: P:\Photo\Из Сети\Ира\System Specification\image 111111.jpg (0c5d79b8)
OK: P:\Photo\Из Сети\Ира\System Specification\shg5465.jpg
✅ CRC OK: P:\Photo\Из Сети\Ира\System Specification\shg5465.jpg (b87f5a30)
OK: P:\Photo\Из Сети\Ира\System Specification\w_219ee370.jpg
✅ CRC OK: P:\Photo\Из Сети\Ира\System Specification\w_219ee370.jpg (ce1e8ff6)
OK: P:\Photo\Из Сети\Ира\System Specification\w_9369509b.jpg
✅ CRC OK: P:\Photo\Из Сети\Ира\System Specification\w_9369509b.jpg (c2962f3c)
OK: P:\Photo\Из Сети\Ира\System Specification\w_ebecbf3a.jpg
✅ CRC OK: P:\Photo\Из Сети\Ира\System Specification\w_ebecbf3a.jpg (9b6929e3)
OK: P:\Photo\Из Сети\Ира\System Specification\x_02518b20.jpg
✅ CRC OK: P:\Photo\Из Сети\Ира\System Specification\x_02518b20.jpg (4adcd8ff)
OK: P:\Photo\Из Сети\Ира\System Specification\x_2e44a41f.jpg
✅ CRC OK: P:\Photo\Из Сети\Ира\System Specification\x_2e44a41f.jpg (a9fc5a7a)
OK: P:\Photo\Из Сети\Ира\System Specification\x_35b214e7.jpg
✅ CRC OK: P:\Photo\Из Сети\Ира\System Specification\x_35b214e7.jpg (d95a595d)
OK: P:\Photo\Из Сети\Ира\System Specification\x_4033a07f.jpg
✅ CRC OK: P:\Photo\Из Сети\Ира\System Specification\x_4033a07f.jpg (783238d7)
OK: P:\Photo\Из Сети\Ира\System Specification\x_421522d8.jpg
✅ CRC OK: P:\Photo\Из Сети\Ира\System Specification\x_421522d8.jpg (81299885)
OK: P:\Photo\Из Сети\Ира\System Specification\x_4b5d9346.jpg
✅ CRC OK: P:\Photo\Из Сети\Ира\System Specification\x_4b5d9346.jpg (0082fce1)
OK: P:\Photo\Из Сети\Ира\System Specification\x_5696e29d.jpg
✅ CRC OK: P:\Photo\Из Сети\Ира\System Specification\x_5696e29d.jpg (35eab9be)
OK: P:\Photo\Из Сети\Ира\System Specification\x_705cfe2b.jpg
✅ CRC OK: P:\Photo\Из Сети\Ира\System Specification\x_705cfe2b.jpg (9e7d8e86)
OK: P:\Photo\Из Сети\Ира\System Specification\x_77ca7572.jpg
✅ CRC OK: P:\Photo\Из Сети\Ира\System Specification\x_77ca7572.jpg (042a1893)
OK: P:\Photo\Из Сети\Ира\System Specification\x_7ae54ead.jpg
✅ CRC OK: P:\Photo\Из Сети\Ира\System Specification\x_7ae54ead.jpg (27f8f8ca)
OK: P:\Photo\Из Сети\Ира\System Specification\x_7b6b7507.jpg
✅ CRC OK: P:\Photo\Из Сети\Ира\System Specification\x_7b6b7507.jpg (79e69db7)
OK: P:\Photo\Из Сети\Ира\System Specification\x_808addbf.jpg
✅ CRC OK: P:\Photo\Из Сети\Ира\System Specification\x_808addbf.jpg (350b093a)
OK: P:\Photo\Из Сети\Ира\System Specification\x_82c989ef.jpg
✅ CRC OK: P:\Photo\Из Сети\Ира\System Specification\x_82c989ef.jpg (b1686b26)
OK: P:\Photo\Из Сети\Ира\System Specification\x_8fd89c2f.jpg
✅ CRC OK: P:\Photo\Из Сети\Ира\System Specification\x_8fd89c2f.jpg (8a5a3904)
OK: P:\Photo\Из Сети\Ира\System Specification\x_97c5d9ac.jpg
✅ CRC OK: P:\Photo\Из Сети\Ира\System Specification\x_97c5d9ac.jpg (f2c55b93)
OK: P:\Photo\Из Сети\Ира\System Specification\x_9a15b9a4.jpg
✅ CRC OK: P:\Photo\Из Сети\Ира\System Specification\x_9a15b9a4.jpg (d9d2fa43)
OK: P:\Photo\Из Сети\Ира\System Specification\x_a1274288.jpg
✅ CRC OK: P:\Photo\Из Сети\Ира\System Specification\x_a1274288.jpg (84680989)
OK: P:\Photo\Из Сети\Ира\System Specification\x_a12c63b7.jpg
✅ CRC OK: P:\Photo\Из Сети\Ира\System Specification\x_a12c63b7.jpg (a61dc734)
OK: P:\Photo\Из Сети\Ира\System Specification\x_cf846438.jpg
✅ CRC OK: P:\Photo\Из Сети\Ира\System Specification\x_cf846438.jpg (4882fbbe)
OK: P:\Photo\Из Сети\Ира\System Specification\x_d28290a7.jpg
✅ CRC OK: P:\Photo\Из Сети\Ира\System Specification\x_d28290a7.jpg (ef214a85)
OK: P:\Photo\Из Сети\Ира\System Specification\x_db4a3dab.jpg
✅ CRC OK: P:\Photo\Из Сети\Ира\System Specification\x_db4a3dab.jpg (de6a40c0)
OK: P:\Photo\Из Сети\Ира\System Specification\x_e03bf7f7.jpg
✅ CRC OK: P:\Photo\Из Сети\Ира\System Specification\x_e03bf7f7.jpg (44fa853c)
OK: P:\Photo\Из Сети\Ира\System Specification\y_1a8be43c.jpg
✅ CRC OK: P:\Photo\Из Сети\Ира\System Specification\y_1a8be43c.jpg (12d9fba7)
OK: P:\Photo\Из Сети\Ира\System Specification\y_1e354747.jpg
✅ CRC OK: P:\Photo\Из Сети\Ира\System Specification\y_1e354747.jpg (bcb87480)
OK: P:\Photo\Из Сети\Ира\System Specification\y_1e7254d6.jpg
✅ CRC OK: P:\Photo\Из Сети\Ира\System Specification\y_1e7254d6.jpg (a4c88699)
OK: P:\Photo\Из Сети\Ира\System Specification\y_39c3ff47.jpg
✅ CRC OK: P:\Photo\Из Сети\Ира\System Specification\y_39c3ff47.jpg (b2377d83)
OK: P:\Photo\Из Сети\Ира\System Specification\y_4855c38a.jpg
✅ CRC OK: P:\Photo\Из Сети\Ира\System Specification\y_4855c38a.jpg (160f815e)
OK: P:\Photo\Из Сети\Ира\System Specification\y_5519a792.jpg
✅ CRC OK: P:\Photo\Из Сети\Ира\System Specification\y_5519a792.jpg (2118d10b)
OK: P:\Photo\Из Сети\Ира\System Specification\y_7abddfad.jpg
✅ CRC OK: P:\Photo\Из Сети\Ира\System Specification\y_7abddfad.jpg (ca65d1ca)
OK: P:\Photo\Из Сети\Ира\System Specification\y_7acbcf65.jpg
✅ CRC OK: P:\Photo\Из Сети\Ира\System Specification\y_7acbcf65.jpg (9d3888f2)
OK: P:\Photo\Из Сети\Ира\System Specification\y_7d103b9c.jpg
✅ CRC OK: P:\Photo\Из Сети\Ира\System Specification\y_7d103b9c.jpg (5ca6c9d5)
OK: P:\Photo\Из Сети\Ира\System Specification\y_88397e99.jpg
✅ CRC OK: P:\Photo\Из Сети\Ира\System Specification\y_88397e99.jpg (d4068bd6)
OK: P:\Photo\Из Сети\Ира\System Specification\y_a4e182bf.jpg
✅ CRC OK: P:\Photo\Из Сети\Ира\System Specification\y_a4e182bf.jpg (60080bae)
OK: P:\Photo\Из Сети\Ира\System Specification\y_b35b1982.jpg
✅ CRC OK: P:\Photo\Из Сети\Ира\System Specification\y_b35b1982.jpg (34f56109)
OK: P:\Photo\Из Сети\Ира\System Specification\Море
OK: P:\Photo\Из Сети\Ира\System Specification\Новое
OK: P:\Photo\Из Сети\Ира\System Specification\Новое\8 мая 2010
OK: P:\Photo\Из Сети\Ира\System Specification\Новое\8 мая 2010\IMG_0012.jpg
✅ CRC OK: P:\Photo\Из Сети\Ира\System Specification\Новое\8 мая 2010\IMG_0012.jpg (6ee1661c)
OK: P:\Photo\Из Сети\Ира\System Specification\Новое\8 мая 2010\IMG_0013.jpg
✅ CRC OK: P:\Photo\Из Сети\Ира\System Specification\Новое\8 мая 2010\IMG_0013.jpg (8f85c56e)
OK: P:\Photo\Из Сети\Ира\System Specification\Новое\8 мая 2010\IMG_0034.jpg
✅ CRC OK: P:\Photo\Из Сети\Ира\System Specification\Новое\8 мая 2010\IMG_0034.jpg (59612028)
OK: P:\Photo\Из Сети\Ира\System Specification\Новое\8 мая 2010\IMG_0035.jpg
✅ CRC OK: P:\Photo\Из Сети\Ира\System Specification\Новое\8 мая 2010\IMG_0035.jpg (b7c611ba)
OK: P:\Photo\Из Сети\Ира\System Specification\Новое\8 мая 2010\IMG_0039.jpg
✅ CRC OK: P:\Photo\Из Сети\Ира\System Specification\Новое\8 мая 2010\IMG_0039.jpg (66faba3c)
OK: P:\Photo\Из Сети\Ира\System Specification\Новое\8 мая 2010\IMG_0040.jpg
✅ CRC OK: P:\Photo\Из Сети\Ира\System Specification\Новое\8 мая 2010\IMG_0040.jpg (25bf490e)
OK: P:\Photo\Из Сети\Ира\System Specification\Новое\8 мая 2010\IMG_0041.jpg
✅ CRC OK: P:\Photo\Из Сети\Ира\System Specification\Новое\8 мая 2010\IMG_0041.jpg (e316d0a2)
OK: P:\Photo\Из Сети\Ира\System Specification\Новое\8 мая 2010\IMG_0057.jpg
✅ CRC OK: P:\Photo\Из Сети\Ира\System Specification\Новое\8 мая 2010\IMG_0057.jpg (b4cb64db)
OK: P:\Photo\Из Сети\Ира\System Specification\Новое\8 мая 2010\IMG_0070.jpg
✅ CRC OK: P:\Photo\Из Сети\Ира\System Specification\Новое\8 мая 2010\IMG_0070.jpg (760206f9)
OK: P:\Photo\Из Сети\Ира\System Specification\Новое\8 мая 2010\IMG_0071.jpg
✅ CRC OK: P:\Photo\Из Сети\Ира\System Specification\Новое\8 мая 2010\IMG_0071.jpg (98daff86)
OK: P:\Photo\Из Сети\Ира\System Specification\Новое\8 мая 2010\IMG_0073.jpg
✅ CRC OK: P:\Photo\Из Сети\Ира\System Specification\Новое\8 мая 2010\IMG_0073.jpg (664d2069)
OK: P:\Photo\Из Сети\Ира\System Specification\Новое\9 мая 2010
OK: P:\Photo\Из Сети\Ира\System Specification\Новое\9 мая 2010\IMG_0093.jpg
✅ CRC OK: P:\Photo\Из Сети\Ира\System Specification\Новое\9 мая 2010\IMG_0093.jpg (f8312064)
OK: P:\Photo\Из Сети\Ира\System Specification\Новое\9 мая 2010\IMG_0094.jpg
✅ CRC OK: P:\Photo\Из Сети\Ира\System Specification\Новое\9 мая 2010\IMG_0094.jpg (fd704c6f)
OK: P:\Photo\Из Сети\Ира\System Specification\Новое\9 мая 2010\IMG_0095.jpg
✅ CRC OK: P:\Photo\Из Сети\Ира\System Specification\Новое\9 мая 2010\IMG_0095.jpg (6e5247bd)
OK: P:\Photo\Из Сети\Ира\System Specification\Новое\9 мая 2010\IMG_0097.jpg
✅ CRC OK: P:\Photo\Из Сети\Ира\System Specification\Новое\9 мая 2010\IMG_0097.jpg (388bb408)
OK: P:\Photo\Из Сети\Ира\System Specification\Новое\9 мая 2010\IMG_0105.jpg
✅ CRC OK: P:\Photo\Из Сети\Ира\System Specification\Новое\9 мая 2010\IMG_0105.jpg (ea6a8f2b)
OK: P:\Photo\Из Сети\Ира\System Specification\Новое\9 мая 2010\IMG_0106.jpg
✅ CRC OK: P:\Photo\Из Сети\Ира\System Specification\Новое\9 мая 2010\IMG_0106.jpg (bb2624b2)
OK: P:\Photo\Из Сети\Ира\System Specification\Новое\9 мая 2010\IMG_0107.jpg
✅ CRC OK: P:\Photo\Из Сети\Ира\System Specification\Новое\9 мая 2010\IMG_0107.jpg (3ee0e354)
OK: P:\Photo\Из Сети\Ира\System Specification\Новое\9 мая 2010\IMG_0111.jpg
✅ CRC OK: P:\Photo\Из Сети\Ира\System Specification\Новое\9 мая 2010\IMG_0111.jpg (17f8035b)
OK: P:\Photo\Из Сети\Ира\System Specification\Новое\9 мая 2010\IMG_0118.jpg
✅ CRC OK: P:\Photo\Из Сети\Ира\System Specification\Новое\9 мая 2010\IMG_0118.jpg (376cb49b)
OK: P:\Photo\Из Сети\Ира\System Specification\Новое\9 мая 2010\MVI_0108.avi
⚠️ CRC MISMATCH: P:\Photo\Из Сети\Ира\System Specification\Новое\9 мая 2010\MVI_0108.avi
  Original CRC32: f81ca3eb
  Current CRC32:  f5815790
OK: P:\Photo\Из Сети\Ира\System Specification\Новое\IMG_0004.JPG
✅ CRC OK: P:\Photo\Из Сети\Ира\System Specification\Новое\IMG_0004.JPG (017a97e5)
OK: P:\Photo\Из Сети\Ира\System Specification\Новое\IMG_0048.JPG
✅ CRC OK: P:\Photo\Из Сети\Ира\System Specification\Новое\IMG_0048.JPG (3698d482)
OK: P:\Photo\Из Сети\Ира\System Specification\Новое\IMG_0049.JPG
✅ CRC OK: P:\Photo\Из Сети\Ира\System Specification\Новое\IMG_0049.JPG (c47ca061)
OK: P:\Photo\Из Сети\Ира\System Specification\Новое\IMG_0056.jpg
✅ CRC OK: P:\Photo\Из Сети\Ира\System Specification\Новое\IMG_0056.jpg (f2e07b55)
OK: P:\Photo\Из Сети\Ира\System Specification\Новое\IMG_0058.JPG
✅ CRC OK: P:\Photo\Из Сети\Ира\System Specification\Новое\IMG_0058.JPG (5e2948bf)
OK: P:\Photo\Из Сети\Ира\System Specification\Новое\IMG_0380.JPG
✅ CRC OK: P:\Photo\Из Сети\Ира\System Specification\Новое\IMG_0380.JPG (b0a2bfc4)
OK: P:\Photo\Из Сети\Ира\System Specification\Новое\IMG_0430.JPG
✅ CRC OK: P:\Photo\Из Сети\Ира\System Specification\Новое\IMG_0430.JPG (b0209760)
OK: P:\Photo\Из Сети\Ира\System Specification\Новое\NEW Year2010
OK: P:\Photo\Из Сети\Ира\System Specification\Новое\NEW Year2010\Видео027.mp4
✅ CRC OK: P:\Photo\Из Сети\Ира\System Specification\Новое\NEW Year2010\Видео027.mp4 (ab41da83)
OK: P:\Photo\Из Сети\Ира\System Specification\Новое\NEW Year2010\Видео028.mp4
✅ CRC OK: P:\Photo\Из Сети\Ира\System Specification\Новое\NEW Year2010\Видео028.mp4 (039169e8)
OK: P:\Photo\Из Сети\Ира\System Specification\Новое\NEW Year2010\Видео029.mp4
✅ CRC OK: P:\Photo\Из Сети\Ира\System Specification\Новое\NEW Year2010\Видео029.mp4 (8e2bdd45)
OK: P:\Photo\Из Сети\Ира\System Specification\Новое\P7090002.JPG
✅ CRC OK: P:\Photo\Из Сети\Ира\System Specification\Новое\P7090002.JPG (dc0c91e2)
OK: P:\Photo\Из Сети\Ира\System Specification\Новое\SDC11339.JPG
✅ CRC OK: P:\Photo\Из Сети\Ира\System Specification\Новое\SDC11339.JPG (dcd7ffac)
OK: P:\Photo\Из Сети\Ира\System Specification\Новое\Spartaque
OK: P:\Photo\Из Сети\Ира\System Specification\Новое\Spartaque\SDC11589.JPG
✅ CRC OK: P:\Photo\Из Сети\Ира\System Specification\Новое\Spartaque\SDC11589.JPG (81ff7f46)
OK: P:\Photo\Из Сети\Ира\System Specification\Новое\Spartaque\SDC11629.JPG
✅ CRC OK: P:\Photo\Из Сети\Ира\System Specification\Новое\Spartaque\SDC11629.JPG (d1f1fe71)
OK: P:\Photo\Из Сети\Ира\System Specification\Новое\Spartaque\SDC11630.JPG
✅ CRC OK: P:\Photo\Из Сети\Ира\System Specification\Новое\Spartaque\SDC11630.JPG (c4839f89)
OK: P:\Photo\Из Сети\Ира\System Specification\Новое\Spartaque\SDC11631.JPG
✅ CRC OK: P:\Photo\Из Сети\Ира\System Specification\Новое\Spartaque\SDC11631.JPG (c4b08a8b)
OK: P:\Photo\Из Сети\Ира\System Specification\Новое\Spartaque\SDC11632.JPG
✅ CRC OK: P:\Photo\Из Сети\Ира\System Specification\Новое\Spartaque\SDC11632.JPG (eb80dada)
OK: P:\Photo\Из Сети\Ира\System Specification\Новое\Spartaque\SDC11633.JPG
✅ CRC OK: P:\Photo\Из Сети\Ира\System Specification\Новое\Spartaque\SDC11633.JPG (4fa50199)
OK: P:\Photo\Из Сети\Ира\System Specification\Новое\Spartaque\SDC11634.JPG
✅ CRC OK: P:\Photo\Из Сети\Ира\System Specification\Новое\Spartaque\SDC11634.JPG (c451ea82)
OK: P:\Photo\Из Сети\Ира\System Specification\Новое\Spartaque\SDC11638.JPG
✅ CRC OK: P:\Photo\Из Сети\Ира\System Specification\Новое\Spartaque\SDC11638.JPG (38dee306)
OK: P:\Photo\Из Сети\Ира\System Specification\Новое\Spartaque\SDC11641.JPG
✅ CRC OK: P:\Photo\Из Сети\Ира\System Specification\Новое\Spartaque\SDC11641.JPG (9882e43e)
OK: P:\Photo\Из Сети\Ира\System Specification\Новое\Spartaque\SDC11643.JPG
✅ CRC OK: P:\Photo\Из Сети\Ира\System Specification\Новое\Spartaque\SDC11643.JPG (2420c882)
OK: P:\Photo\Из Сети\Ира\System Specification\Новое\Spartaque\SDC11644.JPG
✅ CRC OK: P:\Photo\Из Сети\Ира\System Specification\Новое\Spartaque\SDC11644.JPG (878bfe5b)
OK: P:\Photo\Из Сети\Ира\System Specification\Новое\Spartaque\SDC11645.JPG
✅ CRC OK: P:\Photo\Из Сети\Ира\System Specification\Новое\Spartaque\SDC11645.JPG (78b4c1e1)
OK: P:\Photo\Из Сети\Ира\System Specification\Новое\Spartaque\SDC11646.JPG
✅ CRC OK: P:\Photo\Из Сети\Ира\System Specification\Новое\Spartaque\SDC11646.JPG (a6ae9974)
OK: P:\Photo\Из Сети\Ира\System Specification\Новое\Spartaque\SDC11693.JPG
✅ CRC OK: P:\Photo\Из Сети\Ира\System Specification\Новое\Spartaque\SDC11693.JPG (6893858b)
OK: P:\Photo\Из Сети\Ира\System Specification\Новое\Spartaque\SDC11695.JPG
✅ CRC OK: P:\Photo\Из Сети\Ира\System Specification\Новое\Spartaque\SDC11695.JPG (1b96641f)
OK: P:\Photo\Из Сети\Ира\System Specification\Новое\x_02ec9fc4.jpg
✅ CRC OK: P:\Photo\Из Сети\Ира\System Specification\Новое\x_02ec9fc4.jpg (61261ba9)
OK: P:\Photo\Из Сети\Ира\System Specification\Новое\На морЭ 2011
OK: P:\Photo\Из Сети\Ира\System Specification\Новое\На морЭ 2011\100CANON
OK: P:\Photo\Из Сети\Ира\System Specification\Новое\На морЭ 2011\100CANON\IMG_0001.JPG
✅ CRC OK: P:\Photo\Из Сети\Ира\System Specification\Новое\На морЭ 2011\100CANON\IMG_0001.JPG (a658dc75)
OK: P:\Photo\Из Сети\Ира\System Specification\Новое\На морЭ 2011\100CANON\IMG_0002.JPG
✅ CRC OK: P:\Photo\Из Сети\Ира\System Specification\Новое\На морЭ 2011\100CANON\IMG_0002.JPG (3c77fc3b)
OK: P:\Photo\Из Сети\Ира\System Specification\Новое\На морЭ 2011\100CANON\IMG_0027.JPG
✅ CRC OK: P:\Photo\Из Сети\Ира\System Specification\Новое\На морЭ 2011\100CANON\IMG_0027.JPG (4f99fe97)
OK: P:\Photo\Из Сети\Ира\System Specification\Новое\На морЭ 2011\100CANON\IMG_0028.JPG
✅ CRC OK: P:\Photo\Из Сети\Ира\System Specification\Новое\На морЭ 2011\100CANON\IMG_0028.JPG (8ba6a394)
OK: P:\Photo\Из Сети\Ира\System Specification\Новое\На морЭ 2011\100CANON\IMG_0031.JPG
✅ CRC OK: P:\Photo\Из Сети\Ира\System Specification\Новое\На морЭ 2011\100CANON\IMG_0031.JPG (bf994b55)
OK: P:\Photo\Из Сети\Ира\System Specification\Новое\На морЭ 2011\100CANON\IMG_0036.JPG
✅ CRC OK: P:\Photo\Из Сети\Ира\System Specification\Новое\На морЭ 2011\100CANON\IMG_0036.JPG (54f5fdd0)
OK: P:\Photo\Из Сети\Ира\System Specification\Новое\На морЭ 2011\100CANON\IMG_0038.JPG
✅ CRC OK: P:\Photo\Из Сети\Ира\System Specification\Новое\На морЭ 2011\100CANON\IMG_0038.JPG (de30e8d1)
OK: P:\Photo\Из Сети\Ира\System Specification\Новое\На морЭ 2011\100CANON\IMG_0042.JPG
✅ CRC OK: P:\Photo\Из Сети\Ира\System Specification\Новое\На морЭ 2011\100CANON\IMG_0042.JPG (f004870e)
OK: P:\Photo\Из Сети\Ира\System Specification\Новое\На морЭ 2011\100CANON\IMG_0047.JPG
✅ CRC OK: P:\Photo\Из Сети\Ира\System Specification\Новое\На морЭ 2011\100CANON\IMG_0047.JPG (cb3b5e7d)
OK: P:\Photo\Из Сети\Ира\System Specification\Новое\На морЭ 2011\100CANON\IMG_0048.JPG
✅ CRC OK: P:\Photo\Из Сети\Ира\System Specification\Новое\На морЭ 2011\100CANON\IMG_0048.JPG (7a2ec344)
OK: P:\Photo\Из Сети\Ира\System Specification\Новое\На морЭ 2011\100CANON\IMG_0049.JPG
✅ CRC OK: P:\Photo\Из Сети\Ира\System Specification\Новое\На морЭ 2011\100CANON\IMG_0049.JPG (b33f9e90)
OK: P:\Photo\Из Сети\Ира\System Specification\Новое\На морЭ 2011\100CANON\IMG_0050.JPG
✅ CRC OK: P:\Photo\Из Сети\Ира\System Specification\Новое\На морЭ 2011\100CANON\IMG_0050.JPG (cf68cd03)
OK: P:\Photo\Из Сети\Ира\System Specification\Новое\На морЭ 2011\100CANON\IMG_0051.JPG
✅ CRC OK: P:\Photo\Из Сети\Ира\System Specification\Новое\На морЭ 2011\100CANON\IMG_0051.JPG (08383c5c)
OK: P:\Photo\Из Сети\Ира\System Specification\Новое\На морЭ 2011\100CANON\IMG_0052.JPG
✅ CRC OK: P:\Photo\Из Сети\Ира\System Specification\Новое\На морЭ 2011\100CANON\IMG_0052.JPG (416ee56f)
OK: P:\Photo\Из Сети\Ира\System Specification\Новое\На морЭ 2011\100CANON\IMG_0053.JPG
✅ CRC OK: P:\Photo\Из Сети\Ира\System Specification\Новое\На морЭ 2011\100CANON\IMG_0053.JPG (f28c864a)
OK: P:\Photo\Из Сети\Ира\System Specification\Новое\На морЭ 2011\100CANON\IMG_0054.JPG
✅ CRC OK: P:\Photo\Из Сети\Ира\System Specification\Новое\На морЭ 2011\100CANON\IMG_0054.JPG (56bcd4e8)
OK: P:\Photo\Из Сети\Ира\System Specification\Новое\На морЭ 2011\100CANON\IMG_0055.JPG
✅ CRC OK: P:\Photo\Из Сети\Ира\System Specification\Новое\На морЭ 2011\100CANON\IMG_0055.JPG (2844083a)
OK: P:\Photo\Из Сети\Ира\System Specification\Новое\На морЭ 2011\100CANON\IMG_0056.JPG
✅ CRC OK: P:\Photo\Из Сети\Ира\System Specification\Новое\На морЭ 2011\100CANON\IMG_0056.JPG (e16e4899)
OK: P:\Photo\Из Сети\Ира\System Specification\Новое\На морЭ 2011\100CANON\IMG_0058.JPG
✅ CRC OK: P:\Photo\Из Сети\Ира\System Specification\Новое\На морЭ 2011\100CANON\IMG_0058.JPG (5ad74de6)
OK: P:\Photo\Из Сети\Ира\System Specification\Новое\На морЭ 2011\100CANON\IMG_0059.JPG
✅ CRC OK: P:\Photo\Из Сети\Ира\System Specification\Новое\На морЭ 2011\100CANON\IMG_0059.JPG (abadb1b0)
OK: P:\Photo\Из Сети\Ира\System Specification\Новое\На морЭ 2011\100CANON\IMG_0060.JPG
✅ CRC OK: P:\Photo\Из Сети\Ира\System Specification\Новое\На морЭ 2011\100CANON\IMG_0060.JPG (86b6b0f4)
OK: P:\Photo\Из Сети\Ира\System Specification\Новое\На морЭ 2011\100CANON\IMG_0093.JPG
✅ CRC OK: P:\Photo\Из Сети\Ира\System Specification\Новое\На морЭ 2011\100CANON\IMG_0093.JPG (ab624382)
OK: P:\Photo\Из Сети\Ира\System Specification\Новое\На морЭ 2011\101CANON
OK: P:\Photo\Из Сети\Ира\System Specification\Новое\На морЭ 2011\101CANON\IMG_0104.JPG
✅ CRC OK: P:\Photo\Из Сети\Ира\System Specification\Новое\На морЭ 2011\101CANON\IMG_0104.JPG (21316a17)
OK: P:\Photo\Из Сети\Ира\System Specification\Новое\На морЭ 2011\101CANON\IMG_0105.JPG
✅ CRC OK: P:\Photo\Из Сети\Ира\System Specification\Новое\На морЭ 2011\101CANON\IMG_0105.JPG (ebaf9914)
OK: P:\Photo\Из Сети\Ира\System Specification\Новое\На морЭ 2011\101CANON\IMG_0113.JPG
✅ CRC OK: P:\Photo\Из Сети\Ира\System Specification\Новое\На морЭ 2011\101CANON\IMG_0113.JPG (58db116d)
OK: P:\Photo\Из Сети\Ира\System Specification\Новое\На морЭ 2011\101CANON\IMG_0115.JPG
✅ CRC OK: P:\Photo\Из Сети\Ира\System Specification\Новое\На морЭ 2011\101CANON\IMG_0115.JPG (2cff572c)
OK: P:\Photo\Из Сети\Ира\System Specification\Новое\На морЭ 2011\101CANON\IMG_0125.JPG
✅ CRC OK: P:\Photo\Из Сети\Ира\System Specification\Новое\На морЭ 2011\101CANON\IMG_0125.JPG (8571087e)
OK: P:\Photo\Из Сети\Ира\System Specification\Новое\На морЭ 2011\101CANON\IMG_0126.JPG
✅ CRC OK: P:\Photo\Из Сети\Ира\System Specification\Новое\На морЭ 2011\101CANON\IMG_0126.JPG (7c3658fd)
OK: P:\Photo\Из Сети\Ира\System Specification\Новое\На морЭ 2011\101CANON\IMG_0166.JPG
✅ CRC OK: P:\Photo\Из Сети\Ира\System Specification\Новое\На морЭ 2011\101CANON\IMG_0166.JPG (877f9b9e)
OK: P:\Photo\Из Сети\Ира\System Specification\Новое\На морЭ 2011\101CANON\IMG_0168.JPG
✅ CRC OK: P:\Photo\Из Сети\Ира\System Specification\Новое\На морЭ 2011\101CANON\IMG_0168.JPG (c8d52d21)
OK: P:\Photo\Из Сети\Ира\System Specification\Новое\На морЭ 2011\101CANON\IMG_0170.JPG
✅ CRC OK: P:\Photo\Из Сети\Ира\System Specification\Новое\На морЭ 2011\101CANON\IMG_0170.JPG (a958946e)
OK: P:\Photo\Из Сети\Ира\System Specification\Новое\На морЭ 2011\101CANON\IMG_0180.JPG
✅ CRC OK: P:\Photo\Из Сети\Ира\System Specification\Новое\На морЭ 2011\101CANON\IMG_0180.JPG (471d351c)
OK: P:\Photo\Из Сети\Ира\System Specification\Новое\На морЭ 2011\101CANON\IMG_0181.JPG
✅ CRC OK: P:\Photo\Из Сети\Ира\System Specification\Новое\На морЭ 2011\101CANON\IMG_0181.JPG (d8ad01f5)
OK: P:\Photo\Из Сети\Ира\System Specification\Новое\На морЭ 2011\101CANON\IMG_0196.JPG
✅ CRC OK: P:\Photo\Из Сети\Ира\System Specification\Новое\На морЭ 2011\101CANON\IMG_0196.JPG (b25ce9f7)
OK: P:\Photo\Из Сети\Ира\System Specification\Новое\На морЭ 2011\101CANON\IMG_0198.JPG
✅ CRC OK: P:\Photo\Из Сети\Ира\System Specification\Новое\На морЭ 2011\101CANON\IMG_0198.JPG (39b17fed)
OK: P:\Photo\Из Сети\Ира\System Specification\Новое\На морЭ 2011\102CANON
OK: P:\Photo\Из Сети\Ира\System Specification\Новое\На морЭ 2011\102CANON\IMG_0201.JPG
✅ CRC OK: P:\Photo\Из Сети\Ира\System Specification\Новое\На морЭ 2011\102CANON\IMG_0201.JPG (caf1b830)
OK: P:\Photo\Из Сети\Ира\System Specification\Новое\На морЭ 2011\102CANON\IMG_0202.JPG
✅ CRC OK: P:\Photo\Из Сети\Ира\System Specification\Новое\На морЭ 2011\102CANON\IMG_0202.JPG (3e421af6)
OK: P:\Photo\Из Сети\Ира\System Specification\Новое\На морЭ 2011\102CANON\IMG_0207.JPG
✅ CRC OK: P:\Photo\Из Сети\Ира\System Specification\Новое\На морЭ 2011\102CANON\IMG_0207.JPG (707a947c)
OK: P:\Photo\Из Сети\Ира\System Specification\Новое\На морЭ 2011\102CANON\IMG_0216.JPG
✅ CRC OK: P:\Photo\Из Сети\Ира\System Specification\Новое\На морЭ 2011\102CANON\IMG_0216.JPG (82043284)
OK: P:\Photo\Из Сети\Ира\System Specification\Новое\На морЭ 2011\102CANON\IMG_0263.JPG
✅ CRC OK: P:\Photo\Из Сети\Ира\System Specification\Новое\На морЭ 2011\102CANON\IMG_0263.JPG (7294daa2)
OK: P:\Photo\Из Сети\Ира\System Specification\Новое\На морЭ 2011\102CANON\IMG_0277.JPG
✅ CRC OK: P:\Photo\Из Сети\Ира\System Specification\Новое\На морЭ 2011\102CANON\IMG_0277.JPG (83980805)
OK: P:\Photo\Из Сети\Ира\System Specification\Новое\На морЭ 2011\102CANON\IMG_0278.JPG
✅ CRC OK: P:\Photo\Из Сети\Ира\System Specification\Новое\На морЭ 2011\102CANON\IMG_0278.JPG (081d8721)
OK: P:\Photo\Из Сети\Ира\System Specification\Новое\На морЭ 2011\102CANON\IMG_0280.JPG
✅ CRC OK: P:\Photo\Из Сети\Ира\System Specification\Новое\На морЭ 2011\102CANON\IMG_0280.JPG (de09ad16)
OK: P:\Photo\Из Сети\Ира\System Specification\Новое\На морЭ 2011\102CANON\IMG_0281 1.jpg
✅ CRC OK: P:\Photo\Из Сети\Ира\System Specification\Новое\На морЭ 2011\102CANON\IMG_0281 1.jpg (d81bd779)
OK: P:\Photo\Из Сети\Ира\System Specification\Новое\На морЭ 2011\102CANON\IMG_0281.JPG
✅ CRC OK: P:\Photo\Из Сети\Ира\System Specification\Новое\На морЭ 2011\102CANON\IMG_0281.JPG (d5285d19)
OK: P:\Photo\Из Сети\Ира\System Specification\Новое\На морЭ 2011\102CANON\IMG_0284.JPG
✅ CRC OK: P:\Photo\Из Сети\Ира\System Specification\Новое\На морЭ 2011\102CANON\IMG_0284.JPG (f538878e)
OK: P:\Photo\Из Сети\Ира\System Specification\Новое\На морЭ 2011\102CANON\IMG_0285.JPG
✅ CRC OK: P:\Photo\Из Сети\Ира\System Specification\Новое\На морЭ 2011\102CANON\IMG_0285.JPG (b34dec5d)
OK: P:\Photo\Из Сети\Ира\System Specification\Новое\На морЭ 2011\102CANON\IMG_0286.JPG
✅ CRC OK: P:\Photo\Из Сети\Ира\System Specification\Новое\На морЭ 2011\102CANON\IMG_0286.JPG (93a2e829)
OK: P:\Photo\Из Сети\Ира\System Specification\Новое\На морЭ 2011\102CANON\IMG_0288.JPG
✅ CRC OK: P:\Photo\Из Сети\Ира\System Specification\Новое\На морЭ 2011\102CANON\IMG_0288.JPG (63a7470a)
OK: P:\Photo\Из Сети\Ира\System Specification\Новое\На морЭ 2011\102CANON\IMG_0289.JPG
✅ CRC OK: P:\Photo\Из Сети\Ира\System Specification\Новое\На морЭ 2011\102CANON\IMG_0289.JPG (064e2224)
OK: P:\Photo\Из Сети\Ира\System Specification\Новое\На морЭ 2011\102CANON\IMG_0290.JPG
✅ CRC OK: P:\Photo\Из Сети\Ира\System Specification\Новое\На морЭ 2011\102CANON\IMG_0290.JPG (417a5134)
OK: P:\Photo\Из Сети\Ира\System Specification\Новое\На морЭ 2011\102CANON\IMG_0291.JPG
✅ CRC OK: P:\Photo\Из Сети\Ира\System Specification\Новое\На морЭ 2011\102CANON\IMG_0291.JPG (f1084f2c)
OK: P:\Photo\Из Сети\Ира\System Specification\Новое\На морЭ 2011\102CANON\IMG_0292.JPG
✅ CRC OK: P:\Photo\Из Сети\Ира\System Specification\Новое\На морЭ 2011\102CANON\IMG_0292.JPG (bb459d14)
OK: P:\Photo\Из Сети\Ира\System Specification\Новое\На морЭ 2011\102CANON\IMG_0293.JPG
✅ CRC OK: P:\Photo\Из Сети\Ира\System Specification\Новое\На морЭ 2011\102CANON\IMG_0293.JPG (ac65a66e)
OK: P:\Photo\Из Сети\Ира\System Specification\Новое\На морЭ 2011\102CANON\IMG_0294.JPG
✅ CRC OK: P:\Photo\Из Сети\Ира\System Specification\Новое\На морЭ 2011\102CANON\IMG_0294.JPG (1559ea90)
OK: P:\Photo\Из Сети\Ира\System Specification\Новое\На морЭ 2011\102CANON\IMG_0295.JPG
✅ CRC OK: P:\Photo\Из Сети\Ира\System Specification\Новое\На морЭ 2011\102CANON\IMG_0295.JPG (fdf13596)
OK: P:\Photo\Из Сети\Ира\System Specification\Новое\На морЭ 2011\102CANON\IMG_0296.JPG
✅ CRC OK: P:\Photo\Из Сети\Ира\System Specification\Новое\На морЭ 2011\102CANON\IMG_0296.JPG (5bd7d717)
OK: P:\Photo\Из Сети\Ира\System Specification\Новое\На морЭ 2011\102CANON\IMG_0297.JPG
✅ CRC OK: P:\Photo\Из Сети\Ира\System Specification\Новое\На морЭ 2011\102CANON\IMG_0297.JPG (b8fff6ae)
OK: P:\Photo\Из Сети\Ира\System Specification\Новое\На морЭ 2011\102CANON\IMG_0298.JPG
✅ CRC OK: P:\Photo\Из Сети\Ира\System Specification\Новое\На морЭ 2011\102CANON\IMG_0298.JPG (a7991a81)
OK: P:\Photo\Из Сети\Ира\System Specification\Новое\На морЭ 2011\102CANON\IMG_0299.JPG
✅ CRC OK: P:\Photo\Из Сети\Ира\System Specification\Новое\На морЭ 2011\102CANON\IMG_0299.JPG (bff8f6f1)
OK: P:\Photo\Из Сети\Ира\System Specification\Новое\На морЭ 2011\102CANON\IMG_0300.JPG
✅ CRC OK: P:\Photo\Из Сети\Ира\System Specification\Новое\На морЭ 2011\102CANON\IMG_0300.JPG (28517113)
OK: P:\Photo\Из Сети\Ира\System Specification\Новое\На морЭ 2011\102CANON\MVI_0232.THM
✅ CRC OK: P:\Photo\Из Сети\Ира\System Specification\Новое\На морЭ 2011\102CANON\MVI_0232.THM (1f399a57)
OK: P:\Photo\Из Сети\Ира\System Specification\Новое\На морЭ 2011\103CANON
OK: P:\Photo\Из Сети\Ира\System Specification\Новое\На морЭ 2011\103CANON\IMG_0302.JPG
✅ CRC OK: P:\Photo\Из Сети\Ира\System Specification\Новое\На морЭ 2011\103CANON\IMG_0302.JPG (6fbdbd49)
OK: P:\Photo\Из Сети\Ира\System Specification\Новое\На морЭ 2011\103CANON\IMG_0328.JPG
✅ CRC OK: P:\Photo\Из Сети\Ира\System Specification\Новое\На морЭ 2011\103CANON\IMG_0328.JPG (2d02721b)
OK: P:\Photo\Из Сети\Ира\System Specification\Новое\На морЭ 2011\103CANON\IMG_0329.JPG
✅ CRC OK: P:\Photo\Из Сети\Ира\System Specification\Новое\На морЭ 2011\103CANON\IMG_0329.JPG (e89a961d)
OK: P:\Photo\Из Сети\Ира\System Specification\Новое\На морЭ 2011\103CANON\IMG_0330.JPG
✅ CRC OK: P:\Photo\Из Сети\Ира\System Specification\Новое\На морЭ 2011\103CANON\IMG_0330.JPG (5807a342)
OK: P:\Photo\Из Сети\Ира\System Specification\Новое\На морЭ 2011\103CANON\IMG_0384.JPG
✅ CRC OK: P:\Photo\Из Сети\Ира\System Specification\Новое\На морЭ 2011\103CANON\IMG_0384.JPG (1b70d182)
OK: P:\Photo\Из Сети\Ира\System Specification\Новое\На морЭ 2011\103CANON\IMG_0385.JPG
✅ CRC OK: P:\Photo\Из Сети\Ира\System Specification\Новое\На морЭ 2011\103CANON\IMG_0385.JPG (9f7e6466)
OK: P:\Photo\Из Сети\Ира\System Specification\Новое\На морЭ 2011\103CANON\IMG_0386.JPG
✅ CRC OK: P:\Photo\Из Сети\Ира\System Specification\Новое\На морЭ 2011\103CANON\IMG_0386.JPG (ba162bde)
OK: P:\Photo\Из Сети\Ира\System Specification\Новое\На морЭ 2011\103CANON\IMG_0388.JPG
✅ CRC OK: P:\Photo\Из Сети\Ира\System Specification\Новое\На морЭ 2011\103CANON\IMG_0388.JPG (64fc8a75)
OK: P:\Photo\Из Сети\Ира\System Specification\Новое\На морЭ 2011\103CANON\IMG_0389.JPG
✅ CRC OK: P:\Photo\Из Сети\Ира\System Specification\Новое\На морЭ 2011\103CANON\IMG_0389.JPG (1ff19372)
OK: P:\Photo\Из Сети\Ира\System Specification\Новое\На морЭ 2011\104CANON
OK: P:\Photo\Из Сети\Ира\System Specification\Новое\На морЭ 2011\104CANON\IMG_0404.JPG
✅ CRC OK: P:\Photo\Из Сети\Ира\System Specification\Новое\На морЭ 2011\104CANON\IMG_0404.JPG (d80a2320)
OK: P:\Photo\Из Сети\Ира\System Specification\Новое\На морЭ 2011\104CANON\IMG_0405.JPG
✅ CRC OK: P:\Photo\Из Сети\Ира\System Specification\Новое\На морЭ 2011\104CANON\IMG_0405.JPG (eab56b1b)
OK: P:\Photo\Из Сети\Ира\System Specification\Новое\На морЭ 2011\104CANON\IMG_0406.JPG
✅ CRC OK: P:\Photo\Из Сети\Ира\System Specification\Новое\На морЭ 2011\104CANON\IMG_0406.JPG (3d6bb339)
OK: P:\Photo\Из Сети\Ира\System Specification\Новое\На морЭ 2011\104CANON\IMG_0407.JPG
✅ CRC OK: P:\Photo\Из Сети\Ира\System Specification\Новое\На морЭ 2011\104CANON\IMG_0407.JPG (73d4a5af)
OK: P:\Photo\Из Сети\Ира\System Specification\Новое\На морЭ 2011\104CANON\IMG_0408.JPG
✅ CRC OK: P:\Photo\Из Сети\Ира\System Specification\Новое\На морЭ 2011\104CANON\IMG_0408.JPG (ec23def2)
OK: P:\Photo\Из Сети\Ира\System Specification\Новое\На морЭ 2011\104CANON\IMG_0409.JPG
✅ CRC OK: P:\Photo\Из Сети\Ира\System Specification\Новое\На морЭ 2011\104CANON\IMG_0409.JPG (ea11b5a8)
OK: P:\Photo\Из Сети\Ира\System Specification\Новое\На морЭ 2011\104CANON\IMG_0410.JPG
✅ CRC OK: P:\Photo\Из Сети\Ира\System Specification\Новое\На морЭ 2011\104CANON\IMG_0410.JPG (604911f0)
OK: P:\Photo\Из Сети\Ира\System Specification\Новое\На морЭ 2011\104CANON\IMG_0411.JPG
✅ CRC OK: P:\Photo\Из Сети\Ира\System Specification\Новое\На морЭ 2011\104CANON\IMG_0411.JPG (3643e291)
OK: P:\Photo\Из Сети\Ира\System Specification\Новое\На морЭ 2011\104CANON\IMG_0443.JPG
✅ CRC OK: P:\Photo\Из Сети\Ира\System Specification\Новое\На морЭ 2011\104CANON\IMG_0443.JPG (d9ab2809)
OK: P:\Photo\Из Сети\Ира\System Specification\Новое\На морЭ 2011\104CANON\IMG_0444.JPG
✅ CRC OK: P:\Photo\Из Сети\Ира\System Specification\Новое\На морЭ 2011\104CANON\IMG_0444.JPG (beb70e73)
OK: P:\Photo\Из Сети\Ира\System Specification\Новое\На морЭ 2011\104CANON\IMG_0455.JPG
✅ CRC OK: P:\Photo\Из Сети\Ира\System Specification\Новое\На морЭ 2011\104CANON\IMG_0455.JPG (b7a671d8)
OK: P:\Photo\Из Сети\Ира\System Specification\Новое\На морЭ 2011\104CANON\IMG_0458.JPG
✅ CRC OK: P:\Photo\Из Сети\Ира\System Specification\Новое\На морЭ 2011\104CANON\IMG_0458.JPG (749011a1)
OK: P:\Photo\Из Сети\Ира\System Specification\Новое\На морЭ 2011\104CANON\IMG_0459.JPG
✅ CRC OK: P:\Photo\Из Сети\Ира\System Specification\Новое\На морЭ 2011\104CANON\IMG_0459.JPG (b5b9c5e7)
OK: P:\Photo\Из Сети\Ира\System Specification\Новое\На морЭ 2011\104CANON\IMG_0460.JPG
✅ CRC OK: P:\Photo\Из Сети\Ира\System Specification\Новое\На морЭ 2011\104CANON\IMG_0460.JPG (6954703e)
OK: P:\Photo\Из Сети\Ира\System Specification\Новое\На морЭ 2011\104CANON\IMG_0461.JPG
✅ CRC OK: P:\Photo\Из Сети\Ира\System Specification\Новое\На морЭ 2011\104CANON\IMG_0461.JPG (4e291483)
OK: P:\Photo\Из Сети\Ира\System Specification\Новое\На морЭ 2011\104CANON\IMG_0462.JPG
✅ CRC OK: P:\Photo\Из Сети\Ира\System Specification\Новое\На морЭ 2011\104CANON\IMG_0462.JPG (8e74e6ee)
OK: P:\Photo\Из Сети\Ира\System Specification\Новое\На морЭ 2011\104CANON\IMG_0463.JPG
✅ CRC OK: P:\Photo\Из Сети\Ира\System Specification\Новое\На морЭ 2011\104CANON\IMG_0463.JPG (13192507)
OK: P:\Photo\Из Сети\Ира\System Specification\Новое\На морЭ 2011\104CANON\IMG_0464.JPG
✅ CRC OK: P:\Photo\Из Сети\Ира\System Specification\Новое\На морЭ 2011\104CANON\IMG_0464.JPG (edad7911)
OK: P:\Photo\Из Сети\Ира\System Specification\Новое\На морЭ 2011\105CANON
OK: P:\Photo\Из Сети\Ира\System Specification\Новое\На морЭ 2011\105CANON\1.jpg
✅ CRC OK: P:\Photo\Из Сети\Ира\System Specification\Новое\На морЭ 2011\105CANON\1.jpg (ddc9c52b)
OK: P:\Photo\Из Сети\Ира\System Specification\Новое\На морЭ 2011\105CANON\IMG_0016.JPG
✅ CRC OK: P:\Photo\Из Сети\Ира\System Specification\Новое\На морЭ 2011\105CANON\IMG_0016.JPG (6e0601e2)
OK: P:\Photo\Из Сети\Ира\System Specification\Новое\На морЭ 2011\105CANON\IMG_0017.JPG
✅ CRC OK: P:\Photo\Из Сети\Ира\System Specification\Новое\На морЭ 2011\105CANON\IMG_0017.JPG (60c78d12)
OK: P:\Photo\Из Сети\Ира\System Specification\Новое\На морЭ 2011\105CANON\IMG_0018.JPG
✅ CRC OK: P:\Photo\Из Сети\Ира\System Specification\Новое\На морЭ 2011\105CANON\IMG_0018.JPG (578931a2)
OK: P:\Photo\Из Сети\Ира\System Specification\Новое\На морЭ 2011\105CANON\IMG_0030.JPG
✅ CRC OK: P:\Photo\Из Сети\Ира\System Specification\Новое\На морЭ 2011\105CANON\IMG_0030.JPG (5e92bd46)
OK: P:\Photo\Из Сети\Ира\System Specification\Новое\На морЭ 2011\105CANON\IMG_0044.JPG
✅ CRC OK: P:\Photo\Из Сети\Ира\System Specification\Новое\На морЭ 2011\105CANON\IMG_0044.JPG (c42bc66c)
OK: P:\Photo\Из Сети\Ира\System Specification\Новое\На морЭ 2011\105CANON\IMG_0061.JPG
✅ CRC OK: P:\Photo\Из Сети\Ира\System Specification\Новое\На морЭ 2011\105CANON\IMG_0061.JPG (90294c11)
OK: P:\Photo\Из Сети\Ира\System Specification\Новое\На морЭ 2011\105CANON\IMG_0074.JPG
✅ CRC OK: P:\Photo\Из Сети\Ира\System Specification\Новое\На морЭ 2011\105CANON\IMG_0074.JPG (a9ae654b)
OK: P:\Photo\Из Сети\Ира\System Specification\Новое\На морЭ 2011\105CANON\IMG_0076.JPG
✅ CRC OK: P:\Photo\Из Сети\Ира\System Specification\Новое\На морЭ 2011\105CANON\IMG_0076.JPG (2143fea2)
OK: P:\Photo\Из Сети\Ира\System Specification\Новое\На морЭ 2011\105CANON\IMG_0077.JPG
✅ CRC OK: P:\Photo\Из Сети\Ира\System Specification\Новое\На морЭ 2011\105CANON\IMG_0077.JPG (3c323038)
OK: P:\Photo\Из Сети\Ира\System Specification\Новое\На морЭ 2011\105CANON\IMG_0078.JPG
✅ CRC OK: P:\Photo\Из Сети\Ира\System Specification\Новое\На морЭ 2011\105CANON\IMG_0078.JPG (13168ca1)
OK: P:\Photo\Из Сети\Ира\System Specification\Новое\На морЭ 2011\105CANON\IMG_0079.JPG
✅ CRC OK: P:\Photo\Из Сети\Ира\System Specification\Новое\На морЭ 2011\105CANON\IMG_0079.JPG (ba33b879)
OK: P:\Photo\Из Сети\Ира\System Specification\Новое\На морЭ 2011\105CANON\IMG_0107.JPG
✅ CRC OK: P:\Photo\Из Сети\Ира\System Specification\Новое\На морЭ 2011\105CANON\IMG_0107.JPG (f8764b34)
OK: P:\Photo\Из Сети\Ира\System Specification\Новое\На морЭ 2011\105CANON\IMG_0132.JPG
✅ CRC OK: P:\Photo\Из Сети\Ира\System Specification\Новое\На морЭ 2011\105CANON\IMG_0132.JPG (83cf80e9)
OK: P:\Photo\Из Сети\Ира\System Specification\Новое\На морЭ 2011\105CANON\IMG_0135.JPG
✅ CRC OK: P:\Photo\Из Сети\Ира\System Specification\Новое\На морЭ 2011\105CANON\IMG_0135.JPG (ba470c38)
OK: P:\Photo\Из Сети\Ира\System Specification\Новое\На морЭ 2011\105CANON\я.jpg
✅ CRC OK: P:\Photo\Из Сети\Ира\System Specification\Новое\На морЭ 2011\105CANON\я.jpg (5835bc79)
OK: P:\Photo\Из Сети\Ира\System Specification\Новое\Рыбный косяк. Азовское море. Кирилловка 2014. Федотова коса.mp4
✅ CRC OK: P:\Photo\Из Сети\Ира\System Specification\Новое\Рыбный косяк. Азовское море. Кирилловка 2014. Федотова коса.mp4 (91caed25)
OK: P:\Photo\Из Сети\Ира\System Specification\Новое\Стелла1.wmv
✅ CRC OK: P:\Photo\Из Сети\Ира\System Specification\Новое\Стелла1.wmv (963e2d4b)
OK: P:\Photo\Из Сети\Ира\System Specification\Новое\Чугуев109.jpg
✅ CRC OK: P:\Photo\Из Сети\Ира\System Specification\Новое\Чугуев109.jpg (cbe730f8)
OK: P:\Photo\Из Сети\Ира\System Specification\Новое\плазма
OK: P:\Photo\Из Сети\Ира\System Specification\Новое\плазма\IMGP0958.JPG
✅ CRC OK: P:\Photo\Из Сети\Ира\System Specification\Новое\плазма\IMGP0958.JPG (7d409aae)
OK: P:\Photo\Из Сети\Ира\System Specification\Новое\плазма\IMGP0959.JPG
✅ CRC OK: P:\Photo\Из Сети\Ира\System Specification\Новое\плазма\IMGP0959.JPG (341006e8)
OK: P:\Photo\Из Сети\Ира\System Specification\Новое\плазма\IMGP0974.JPG
✅ CRC OK: P:\Photo\Из Сети\Ира\System Specification\Новое\плазма\IMGP0974.JPG (50bd3011)
OK: P:\Photo\Из Сети\Ира\System Specification\Новое\плазма\IMGP0977.JPG
✅ CRC OK: P:\Photo\Из Сети\Ира\System Specification\Новое\плазма\IMGP0977.JPG (bb52b1af)
OK: P:\Photo\Из Сети\Ира\System Specification\Новое\плазма\IMGP0979.JPG
✅ CRC OK: P:\Photo\Из Сети\Ира\System Specification\Новое\плазма\IMGP0979.JPG (979f403b)
OK: P:\Photo\Из Сети\Ира\System Specification\Новое\плазма\IMGP0982.JPG
✅ CRC OK: P:\Photo\Из Сети\Ира\System Specification\Новое\плазма\IMGP0982.JPG (6ad66d15)
OK: P:\Photo\Из Сети\Ира\System Specification\Новое\плазма\IMGP0988.JPG
✅ CRC OK: P:\Photo\Из Сети\Ира\System Specification\Новое\плазма\IMGP0988.JPG (ef207da7)
OK: P:\Photo\Из Сети\Ира\System Specification\Новое\плазма\IMGP0989.JPG
✅ CRC OK: P:\Photo\Из Сети\Ира\System Specification\Новое\плазма\IMGP0989.JPG (296bd001)
OK: P:\Photo\Из Сети\Ира\System Specification\Новое\плазма\IMGP0990.JPG
✅ CRC OK: P:\Photo\Из Сети\Ира\System Specification\Новое\плазма\IMGP0990.JPG (636067ac)
OK: P:\Photo\Из Сети\Ира\System Specification\Новое\плазма\IMGP0991.JPG
✅ CRC OK: P:\Photo\Из Сети\Ира\System Specification\Новое\плазма\IMGP0991.JPG (fcf87a85)
OK: P:\Photo\Из Сети\Ира\System Specification\Новое\плазма\IMGP0992.JPG
✅ CRC OK: P:\Photo\Из Сети\Ира\System Specification\Новое\плазма\IMGP0992.JPG (3271172d)
OK: P:\Photo\Из Сети\Ира\System Specification\Новое\плазма\IMGP0996.JPG
✅ CRC OK: P:\Photo\Из Сети\Ира\System Specification\Новое\плазма\IMGP0996.JPG (98c540da)
OK: P:\Photo\Из Сети\Ира\System Specification\Новое\плазма\IMGP0997.JPG
✅ CRC OK: P:\Photo\Из Сети\Ира\System Specification\Новое\плазма\IMGP0997.JPG (81118639)
OK: P:\Photo\Из Сети\Ира\System Specification\Новое\плазма\IMGP1001.JPG
✅ CRC OK: P:\Photo\Из Сети\Ира\System Specification\Новое\плазма\IMGP1001.JPG (7bba6474)
OK: P:\Photo\Из Сети\Ира\System Specification\Новое\плазма\IMGP1003.JPG
✅ CRC OK: P:\Photo\Из Сети\Ира\System Specification\Новое\плазма\IMGP1003.JPG (7e5b769f)
OK: P:\Photo\Из Сети\Ира\System Specification\Новое\плазма\IMGP1011.JPG
✅ CRC OK: P:\Photo\Из Сети\Ира\System Specification\Новое\плазма\IMGP1011.JPG (b8388a2a)
OK: P:\Photo\Из Сети\Ира\System Specification\Новое\плазма\IMGP1012.JPG
✅ CRC OK: P:\Photo\Из Сети\Ира\System Specification\Новое\плазма\IMGP1012.JPG (fd8b3af0)
OK: P:\Photo\Из Сети\Ира\System Specification\Новое\плазма\IMGP1013.JPG
✅ CRC OK: P:\Photo\Из Сети\Ира\System Specification\Новое\плазма\IMGP1013.JPG (9d15ea3f)
OK: P:\Photo\Из Сети\Ира\System Specification\Новое\плазма\IMGP1017.JPG
✅ CRC OK: P:\Photo\Из Сети\Ира\System Specification\Новое\плазма\IMGP1017.JPG (3b7a04a3)
OK: P:\Photo\Из Сети\Ира\System Specification\Новое\плазма\IMGP1018.JPG
✅ CRC OK: P:\Photo\Из Сети\Ира\System Specification\Новое\плазма\IMGP1018.JPG (c55a3d0e)
OK: P:\Photo\Из Сети\Ира\System Specification\Новое\плазма\IMGP1020.JPG
✅ CRC OK: P:\Photo\Из Сети\Ира\System Specification\Новое\плазма\IMGP1020.JPG (f1792b59)
OK: P:\Photo\Из Сети\Ира\System Specification\Новое\плазма\IMGP1021.JPG
✅ CRC OK: P:\Photo\Из Сети\Ира\System Specification\Новое\плазма\IMGP1021.JPG (77e00534)
OK: P:\Photo\Из Сети\Ира\System Specification\Новое\плазма\IMGP1022.JPG
✅ CRC OK: P:\Photo\Из Сети\Ира\System Specification\Новое\плазма\IMGP1022.JPG (1c17dff3)
OK: P:\Photo\Из Сети\Ира\System Specification\Новое\плазма\IMGP1025.JPG
✅ CRC OK: P:\Photo\Из Сети\Ира\System Specification\Новое\плазма\IMGP1025.JPG (cb56ee8c)
OK: P:\Photo\Из Сети\Ира\System Specification\Новое\плазма\IMGP1028.JPG
✅ CRC OK: P:\Photo\Из Сети\Ира\System Specification\Новое\плазма\IMGP1028.JPG (65d49940)
OK: P:\Photo\Из Сети\Ира\System Specification\Новое\плазма\IMGP1033.JPG
✅ CRC OK: P:\Photo\Из Сети\Ира\System Specification\Новое\плазма\IMGP1033.JPG (3b243191)
OK: P:\Photo\Из Сети\Ира\System Specification\Новое\плазма\IMGP1035.JPG
✅ CRC OK: P:\Photo\Из Сети\Ира\System Specification\Новое\плазма\IMGP1035.JPG (140de04c)
OK: P:\Photo\Из Сети\Ира\System Specification\Новое\плазма\IMGP1036.JPG
✅ CRC OK: P:\Photo\Из Сети\Ира\System Specification\Новое\плазма\IMGP1036.JPG (132aef74)
OK: P:\Photo\Из Сети\Ира\System Specification\Новое\плазма\IMGP1037.JPG
✅ CRC OK: P:\Photo\Из Сети\Ира\System Specification\Новое\плазма\IMGP1037.JPG (2db8a3a3)
OK: P:\Photo\Из Сети\Ира\System Specification\Новое\плазма\IMGP1038.JPG
✅ CRC OK: P:\Photo\Из Сети\Ира\System Specification\Новое\плазма\IMGP1038.JPG (23b1875e)
OK: P:\Photo\Из Сети\Ира\System Specification\Новое\плазма\IMGP1039.JPG
✅ CRC OK: P:\Photo\Из Сети\Ира\System Specification\Новое\плазма\IMGP1039.JPG (b72ab76b)
OK: P:\Photo\Из Сети\Ира\System Specification\Новое\плазма\IMGP1041.JPG
✅ CRC OK: P:\Photo\Из Сети\Ира\System Specification\Новое\плазма\IMGP1041.JPG (03dcbc4d)
OK: P:\Photo\Из Сети\Ира\System Specification\Новое\плазма\IMGP1064.JPG
✅ CRC OK: P:\Photo\Из Сети\Ира\System Specification\Новое\плазма\IMGP1064.JPG (7766a24a)
OK: P:\Photo\Из Сети\Ира\System Specification\Новое\плазма\IMGP1067.JPG
✅ CRC OK: P:\Photo\Из Сети\Ира\System Specification\Новое\плазма\IMGP1067.JPG (85ee5acb)
OK: P:\Photo\Из Сети\Ира\System Specification\Новое\плазма\IMGP1068.JPG
✅ CRC OK: P:\Photo\Из Сети\Ира\System Specification\Новое\плазма\IMGP1068.JPG (ef72f874)
OK: P:\Photo\Из Сети\Ира\System Specification\Новое\плазма\IMGP1069.JPG
✅ CRC OK: P:\Photo\Из Сети\Ира\System Specification\Новое\плазма\IMGP1069.JPG (7eb8b175)
OK: P:\Photo\Из Сети\Ира\System Specification\Новое\плазма\S6300056.JPG
✅ CRC OK: P:\Photo\Из Сети\Ира\System Specification\Новое\плазма\S6300056.JPG (9c104c1c)
OK: P:\Photo\Из Сети\Ира\System Specification\Новое\плазма\S6300057.JPG
✅ CRC OK: P:\Photo\Из Сети\Ира\System Specification\Новое\плазма\S6300057.JPG (64d9465a)
OK: P:\Photo\Из Сети\Ира\System Specification\Новое\плазма\S6300nnnnnnnnnn039 (21).JPG
✅ CRC OK: P:\Photo\Из Сети\Ира\System Specification\Новое\плазма\S6300nnnnnnnnnn039 (21).JPG (9c3afe76)
OK: P:\Photo\Из Сети\Ира\System Specification\Новое\плазма\S6300nnnnnnnnnn039 (29).JPG
✅ CRC OK: P:\Photo\Из Сети\Ира\System Specification\Новое\плазма\S6300nnnnnnnnnn039 (29).JPG (e98ee95b)
OK: P:\Photo\Из Сети\Ира\System Specification\Новое\плазма\S6300nnnnnnnnnn039 (30).JPG
✅ CRC OK: P:\Photo\Из Сети\Ира\System Specification\Новое\плазма\S6300nnnnnnnnnn039 (30).JPG (15f48d05)
OK: P:\Photo\Из Сети\Ира\System Specification\Новое\плазма\S6300nnnnnnnnnn039 (31).JPG
✅ CRC OK: P:\Photo\Из Сети\Ира\System Specification\Новое\плазма\S6300nnnnnnnnnn039 (31).JPG (73a4f168)
OK: P:\Photo\Из Сети\Ира\System Specification\Новое\плазма\S6300nnnnnnnnnn039 (32).JPG
✅ CRC OK: P:\Photo\Из Сети\Ира\System Specification\Новое\плазма\S6300nnnnnnnnnn039 (32).JPG (3555518c)
OK: P:\Photo\Из Сети\Ира\System Specification\Новое\плазма\S6300nnnnnnnnnn039 (33).JPG
✅ CRC OK: P:\Photo\Из Сети\Ира\System Specification\Новое\плазма\S6300nnnnnnnnnn039 (33).JPG (2feffd18)
OK: P:\Photo\Из Сети\Ира\System Specification\Новое\плазма\S6300nnnnnnnnnn039 (34).JPG
✅ CRC OK: P:\Photo\Из Сети\Ира\System Specification\Новое\плазма\S6300nnnnnnnnnn039 (34).JPG (8b142e83)
OK: P:\Photo\Из Сети\Ира\System Specification\Новое\плазма\S6300nnnnnnnnnn039 (40).JPG
✅ CRC OK: P:\Photo\Из Сети\Ира\System Specification\Новое\плазма\S6300nnnnnnnnnn039 (40).JPG (e1a844f2)
OK: P:\Photo\Из Сети\Ира\System Specification\Новое\плазма\S6300nnnnnnnnnn039 (41).JPG
✅ CRC OK: P:\Photo\Из Сети\Ира\System Specification\Новое\плазма\S6300nnnnnnnnnn039 (41).JPG (43a0b7f3)
OK: P:\Photo\Из Сети\Ира\System Specification\Новое\плазма\S6300nnnnnnnnnn039 (58).JPG
✅ CRC OK: P:\Photo\Из Сети\Ира\System Specification\Новое\плазма\S6300nnnnnnnnnn039 (58).JPG (d51daef6)
OK: P:\Photo\Из Сети\Ира\System Specification\Новое\плазма\S6300nnnnnnnnnn039 (59).JPG
✅ CRC OK: P:\Photo\Из Сети\Ира\System Specification\Новое\плазма\S6300nnnnnnnnnn039 (59).JPG (50fef9c5)
OK: P:\Photo\Из Сети\Ира\System Specification\Новое\плазма\S6300nnnnnnnnnn039 (68).JPG
✅ CRC OK: P:\Photo\Из Сети\Ира\System Specification\Новое\плазма\S6300nnnnnnnnnn039 (68).JPG (24ecfea3)
OK: P:\Photo\Из Сети\Ира\System Specification\Новое\плазма\S6300nnnnnnnnnn039 (71).JPG
✅ CRC OK: P:\Photo\Из Сети\Ира\System Specification\Новое\плазма\S6300nnnnnnnnnn039 (71).JPG (98d2c159)
OK: P:\Photo\Из Сети\Ира\System Specification\Новое\плазма\S6300nnnnnnnnnn039 (8).JPG
✅ CRC OK: P:\Photo\Из Сети\Ира\System Specification\Новое\плазма\S6300nnnnnnnnnn039 (8).JPG (47b63471)
OK: P:\Photo\Из Сети\Ира\System Specification\Новое\плазма\Стелла1.wmv
✅ CRC OK: P:\Photo\Из Сети\Ира\System Specification\Новое\плазма\Стелла1.wmv (963e2d4b)
OK: P:\Photo\Из Сети\Ира\System Specification\Новое\плазма\плазма.jpg
✅ CRC OK: P:\Photo\Из Сети\Ира\System Specification\Новое\плазма\плазма.jpg (b0650f97)
OK: P:\Photo\Из Сети\Ира\System Specification\вввававааа.jpg
✅ CRC OK: P:\Photo\Из Сети\Ира\System Specification\вввававааа.jpg (530b6de2)
OK: P:\Photo\Из Сети\Ира\System Specification\ир.jpg
✅ CRC OK: P:\Photo\Из Сети\Ира\System Specification\ир.jpg (3ce571d0)
OK: P:\Photo\Из Сети\Ира\TDjy8qWkFFc.jpg
✅ CRC OK: P:\Photo\Из Сети\Ира\TDjy8qWkFFc.jpg (0219794b)
OK: P:\Photo\Из Сети\Ира\[vk] 9_мая
OK: P:\Photo\Из Сети\Ира\[vk] 9_мая\73CfS2wCw4Q.jpg
✅ CRC OK: P:\Photo\Из Сети\Ира\[vk] 9_мая\73CfS2wCw4Q.jpg (9f0b1cd2)
OK: P:\Photo\Из Сети\Ира\[vk] 9_мая\7v4n3TIqUR0.jpg
✅ CRC OK: P:\Photo\Из Сети\Ира\[vk] 9_мая\7v4n3TIqUR0.jpg (f9c86a9d)
OK: P:\Photo\Из Сети\Ира\[vk] 9_мая\8hv6yPX4-Pc.jpg
✅ CRC OK: P:\Photo\Из Сети\Ира\[vk] 9_мая\8hv6yPX4-Pc.jpg (a1ce8cba)
OK: P:\Photo\Из Сети\Ира\[vk] 9_мая\9K5uqzCfwLU.jpg
✅ CRC OK: P:\Photo\Из Сети\Ира\[vk] 9_мая\9K5uqzCfwLU.jpg (f323e29b)
OK: P:\Photo\Из Сети\Ира\[vk] 9_мая\9vIi5kSlb-Y.jpg
✅ CRC OK: P:\Photo\Из Сети\Ира\[vk] 9_мая\9vIi5kSlb-Y.jpg (a52f2f8a)
OK: P:\Photo\Из Сети\Ира\[vk] 9_мая\Ae_eTAmsBZs.jpg
✅ CRC OK: P:\Photo\Из Сети\Ира\[vk] 9_мая\Ae_eTAmsBZs.jpg (fcd54ab8)
OK: P:\Photo\Из Сети\Ира\[vk] 9_мая\BLYpG7tEFv4.jpg
✅ CRC OK: P:\Photo\Из Сети\Ира\[vk] 9_мая\BLYpG7tEFv4.jpg (e6638040)
OK: P:\Photo\Из Сети\Ира\[vk] 9_мая\BjJJZ-pytVY.jpg
✅ CRC OK: P:\Photo\Из Сети\Ира\[vk] 9_мая\BjJJZ-pytVY.jpg (a9cc9be5)
OK: P:\Photo\Из Сети\Ира\[vk] 9_мая\D2uvtbWvmKQ.jpg
✅ CRC OK: P:\Photo\Из Сети\Ира\[vk] 9_мая\D2uvtbWvmKQ.jpg (b6595a3c)
OK: P:\Photo\Из Сети\Ира\[vk] 9_мая\E--6YpfOiB8.jpg
✅ CRC OK: P:\Photo\Из Сети\Ира\[vk] 9_мая\E--6YpfOiB8.jpg (0339df5a)
OK: P:\Photo\Из Сети\Ира\[vk] 9_мая\I0HNraKCDjs.jpg
✅ CRC OK: P:\Photo\Из Сети\Ира\[vk] 9_мая\I0HNraKCDjs.jpg (8dce22f4)
OK: P:\Photo\Из Сети\Ира\[vk] 9_мая\I4gaSKNVJM8.jpg
✅ CRC OK: P:\Photo\Из Сети\Ира\[vk] 9_мая\I4gaSKNVJM8.jpg (bbd48ae8)
OK: P:\Photo\Из Сети\Ира\[vk] 9_мая\J8pZz7zhUoA.jpg
✅ CRC OK: P:\Photo\Из Сети\Ира\[vk] 9_мая\J8pZz7zhUoA.jpg (dd95b547)
OK: P:\Photo\Из Сети\Ира\[vk] 9_мая\L6TGt1Gvp4g.jpg
✅ CRC OK: P:\Photo\Из Сети\Ира\[vk] 9_мая\L6TGt1Gvp4g.jpg (4de7c92d)
OK: P:\Photo\Из Сети\Ира\[vk] 9_мая\LCY7AkHPbYk.jpg
✅ CRC OK: P:\Photo\Из Сети\Ира\[vk] 9_мая\LCY7AkHPbYk.jpg (b573ccd9)
OK: P:\Photo\Из Сети\Ира\[vk] 9_мая\Nij5WKf65xU.jpg
✅ CRC OK: P:\Photo\Из Сети\Ира\[vk] 9_мая\Nij5WKf65xU.jpg (ada2d446)
OK: P:\Photo\Из Сети\Ира\[vk] 9_мая\Oaf4QGN6IUQ.jpg
✅ CRC OK: P:\Photo\Из Сети\Ира\[vk] 9_мая\Oaf4QGN6IUQ.jpg (bcefa1ff)
OK: P:\Photo\Из Сети\Ира\[vk] 9_мая\PO2V2IUXPDI.jpg
✅ CRC OK: P:\Photo\Из Сети\Ира\[vk] 9_мая\PO2V2IUXPDI.jpg (3502ccf8)
OK: P:\Photo\Из Сети\Ира\[vk] 9_мая\PjU4xUePHn4.jpg
✅ CRC OK: P:\Photo\Из Сети\Ира\[vk] 9_мая\PjU4xUePHn4.jpg (04633c6f)
OK: P:\Photo\Из Сети\Ира\[vk] 9_мая\QKB923hc6vA.jpg
✅ CRC OK: P:\Photo\Из Сети\Ира\[vk] 9_мая\QKB923hc6vA.jpg (f2f43c9b)
OK: P:\Photo\Из Сети\Ира\[vk] 9_мая\RN7zb-RxxkY.jpg
✅ CRC OK: P:\Photo\Из Сети\Ира\[vk] 9_мая\RN7zb-RxxkY.jpg (9a093f18)
OK: P:\Photo\Из Сети\Ира\[vk] 9_мая\SVNU2XDgi8Y.jpg
✅ CRC OK: P:\Photo\Из Сети\Ира\[vk] 9_мая\SVNU2XDgi8Y.jpg (2d3bdd39)
OK: P:\Photo\Из Сети\Ира\[vk] 9_мая\SsB2uHto3C4.jpg
✅ CRC OK: P:\Photo\Из Сети\Ира\[vk] 9_мая\SsB2uHto3C4.jpg (2710cdb6)
OK: P:\Photo\Из Сети\Ира\[vk] 9_мая\SybfYvo57Bg.jpg
✅ CRC OK: P:\Photo\Из Сети\Ира\[vk] 9_мая\SybfYvo57Bg.jpg (1022bef6)
OK: P:\Photo\Из Сети\Ира\[vk] 9_мая\VtWD7LKuqnM.jpg
✅ CRC OK: P:\Photo\Из Сети\Ира\[vk] 9_мая\VtWD7LKuqnM.jpg (ed8dd80d)
OK: P:\Photo\Из Сети\Ира\[vk] 9_мая\WzEVoH7v20A.jpg
✅ CRC OK: P:\Photo\Из Сети\Ира\[vk] 9_мая\WzEVoH7v20A.jpg (a5002ea9)
OK: P:\Photo\Из Сети\Ира\[vk] 9_мая\ZUc3KiQM220.jpg
✅ CRC OK: P:\Photo\Из Сети\Ира\[vk] 9_мая\ZUc3KiQM220.jpg (7d0afc70)
OK: P:\Photo\Из Сети\Ира\[vk] 9_мая\ZzX0pTNq0o0.jpg
✅ CRC OK: P:\Photo\Из Сети\Ира\[vk] 9_мая\ZzX0pTNq0o0.jpg (42ae27a4)
OK: P:\Photo\Из Сети\Ира\[vk] 9_мая\au8igsIU640.jpg
✅ CRC OK: P:\Photo\Из Сети\Ира\[vk] 9_мая\au8igsIU640.jpg (5f2737bc)
OK: P:\Photo\Из Сети\Ира\[vk] 9_мая\c_SlXDE6Vzk.jpg
✅ CRC OK: P:\Photo\Из Сети\Ира\[vk] 9_мая\c_SlXDE6Vzk.jpg (52ad3daf)
OK: P:\Photo\Из Сети\Ира\[vk] 9_мая\dOOXn4Rc4lc.jpg
✅ CRC OK: P:\Photo\Из Сети\Ира\[vk] 9_мая\dOOXn4Rc4lc.jpg (a0448ee2)
OK: P:\Photo\Из Сети\Ира\[vk] 9_мая\dzT_p5OfYck.jpg
✅ CRC OK: P:\Photo\Из Сети\Ира\[vk] 9_мая\dzT_p5OfYck.jpg (631435c7)
OK: P:\Photo\Из Сети\Ира\[vk] 9_мая\ehDJw2yHRKU.jpg
✅ CRC OK: P:\Photo\Из Сети\Ира\[vk] 9_мая\ehDJw2yHRKU.jpg (0c49bc0f)
OK: P:\Photo\Из Сети\Ира\[vk] 9_мая\erKwMliGHAs.jpg
✅ CRC OK: P:\Photo\Из Сети\Ира\[vk] 9_мая\erKwMliGHAs.jpg (2c1c807a)
OK: P:\Photo\Из Сети\Ира\[vk] 9_мая\fQsJeoM5WW8.jpg
✅ CRC OK: P:\Photo\Из Сети\Ира\[vk] 9_мая\fQsJeoM5WW8.jpg (19500ab0)
OK: P:\Photo\Из Сети\Ира\[vk] 9_мая\gWYv-o9WDI4.jpg
✅ CRC OK: P:\Photo\Из Сети\Ира\[vk] 9_мая\gWYv-o9WDI4.jpg (3a05d224)
OK: P:\Photo\Из Сети\Ира\[vk] 9_мая\gjI4Qa_PWBw.jpg
✅ CRC OK: P:\Photo\Из Сети\Ира\[vk] 9_мая\gjI4Qa_PWBw.jpg (63833391)
OK: P:\Photo\Из Сети\Ира\[vk] 9_мая\hiZ8GS-QJNI.jpg
✅ CRC OK: P:\Photo\Из Сети\Ира\[vk] 9_мая\hiZ8GS-QJNI.jpg (339267b4)
OK: P:\Photo\Из Сети\Ира\[vk] 9_мая\hkngbs9yClM.jpg
✅ CRC OK: P:\Photo\Из Сети\Ира\[vk] 9_мая\hkngbs9yClM.jpg (7cc3d67c)
OK: P:\Photo\Из Сети\Ира\[vk] 9_мая\kjtJn_Z6eRs.jpg
✅ CRC OK: P:\Photo\Из Сети\Ира\[vk] 9_мая\kjtJn_Z6eRs.jpg (88d07208)
OK: P:\Photo\Из Сети\Ира\[vk] 9_мая\lB_yc54W-oU.jpg
✅ CRC OK: P:\Photo\Из Сети\Ира\[vk] 9_мая\lB_yc54W-oU.jpg (e2f37a89)
OK: P:\Photo\Из Сети\Ира\[vk] 9_мая\ngDkyYpOUVU.jpg
✅ CRC OK: P:\Photo\Из Сети\Ира\[vk] 9_мая\ngDkyYpOUVU.jpg (959b5457)
OK: P:\Photo\Из Сети\Ира\[vk] 9_мая\psXomLszw4M.jpg
✅ CRC OK: P:\Photo\Из Сети\Ира\[vk] 9_мая\psXomLszw4M.jpg (cb107488)
OK: P:\Photo\Из Сети\Ира\[vk] 9_мая\qCwlnFrp4xs.jpg
✅ CRC OK: P:\Photo\Из Сети\Ира\[vk] 9_мая\qCwlnFrp4xs.jpg (7ecb91ee)
OK: P:\Photo\Из Сети\Ира\[vk] 9_мая\qRC8_xCpvx0.jpg
✅ CRC OK: P:\Photo\Из Сети\Ира\[vk] 9_мая\qRC8_xCpvx0.jpg (6e07ecd5)
OK: P:\Photo\Из Сети\Ира\[vk] 9_мая\t6kqkAOcxSc.jpg
✅ CRC OK: P:\Photo\Из Сети\Ира\[vk] 9_мая\t6kqkAOcxSc.jpg (9355d76e)
OK: P:\Photo\Из Сети\Ира\[vk] 9_мая\tskgYGe9-7o.jpg
✅ CRC OK: P:\Photo\Из Сети\Ира\[vk] 9_мая\tskgYGe9-7o.jpg (26241c56)
OK: P:\Photo\Из Сети\Ира\[vk] 9_мая\uX_xP6ASvRc.jpg
✅ CRC OK: P:\Photo\Из Сети\Ира\[vk] 9_мая\uX_xP6ASvRc.jpg (067377ff)
OK: P:\Photo\Из Сети\Ира\[vk] 9_мая\vOBiAwnov_E.jpg
✅ CRC OK: P:\Photo\Из Сети\Ира\[vk] 9_мая\vOBiAwnov_E.jpg (2e5347a8)
OK: P:\Photo\Из Сети\Ира\[vk] 9_мая\vwQ-wEwZNs4.jpg
✅ CRC OK: P:\Photo\Из Сети\Ира\[vk] 9_мая\vwQ-wEwZNs4.jpg (84bd27e5)
OK: P:\Photo\Из Сети\Ира\[vk] 9_мая\vx0dkCbbRIg.jpg
✅ CRC OK: P:\Photo\Из Сети\Ира\[vk] 9_мая\vx0dkCbbRIg.jpg (e9e1ce4b)
OK: P:\Photo\Из Сети\Ира\[vk] 9_мая\w0bXedNQh1w.jpg
✅ CRC OK: P:\Photo\Из Сети\Ира\[vk] 9_мая\w0bXedNQh1w.jpg (1a467df4)
OK: P:\Photo\Из Сети\Ира\[vk] 9_мая\wPleiyJZ_Ww.jpg
✅ CRC OK: P:\Photo\Из Сети\Ира\[vk] 9_мая\wPleiyJZ_Ww.jpg (5d19ad48)
OK: P:\Photo\Из Сети\Ира\[vk] 9_мая\x2Tsv63etIE.jpg
✅ CRC OK: P:\Photo\Из Сети\Ира\[vk] 9_мая\x2Tsv63etIE.jpg (c25cf125)
OK: P:\Photo\Из Сети\Ира\[vk] 9_мая\yRogbk9nMz8.jpg
✅ CRC OK: P:\Photo\Из Сети\Ира\[vk] 9_мая\yRogbk9nMz8.jpg (e8f141fa)
OK: P:\Photo\Из Сети\Ира\[vk] 9_мая\zJc8UbGRptk.jpg
✅ CRC OK: P:\Photo\Из Сети\Ира\[vk] 9_мая\zJc8UbGRptk.jpg (1527be37)
OK: P:\Photo\Из Сети\Ира\[vk] Чураско_бар_2302
OK: P:\Photo\Из Сети\Ира\[vk] Чураско_бар_2302\KNkMogTDNsQ.jpg
✅ CRC OK: P:\Photo\Из Сети\Ира\[vk] Чураско_бар_2302\KNkMogTDNsQ.jpg (f25c8db2)
OK: P:\Photo\Из Сети\Ира\[vk] Чураско_бар_2302\OAfvg3CEUys.jpg
✅ CRC OK: P:\Photo\Из Сети\Ира\[vk] Чураско_бар_2302\OAfvg3CEUys.jpg (12d67b95)
OK: P:\Photo\Из Сети\Ира\[vk] Чураско_бар_2302\UkqrBkIPRZo.jpg
✅ CRC OK: P:\Photo\Из Сети\Ира\[vk] Чураско_бар_2302\UkqrBkIPRZo.jpg (06e5104a)
OK: P:\Photo\Из Сети\Ира\[vk] Чураско_бар_2302\e10UmFmsCgk.jpg
✅ CRC OK: P:\Photo\Из Сети\Ира\[vk] Чураско_бар_2302\e10UmFmsCgk.jpg (3f7453ce)
OK: P:\Photo\Из Сети\Ира\[vk] Чураско_бар_2302\e3R0LR4_Gtc.jpg
✅ CRC OK: P:\Photo\Из Сети\Ира\[vk] Чураско_бар_2302\e3R0LR4_Gtc.jpg (849b3217)
OK: P:\Photo\Из Сети\Ира\[vk] Чураско_бар_2302\sMZtEhDl_AM.jpg
✅ CRC OK: P:\Photo\Из Сети\Ира\[vk] Чураско_бар_2302\sMZtEhDl_AM.jpg (5845df34)
OK: P:\Photo\Из Сети\Ира\[vk] альбом
OK: P:\Photo\Из Сети\Ира\[vk] альбом\529FPeeFbZE.jpg
✅ CRC OK: P:\Photo\Из Сети\Ира\[vk] альбом\529FPeeFbZE.jpg (a356fac2)
OK: P:\Photo\Из Сети\Ира\[vk] альбом\8UKGukBVQi4.jpg
✅ CRC OK: P:\Photo\Из Сети\Ира\[vk] альбом\8UKGukBVQi4.jpg (0a1ae482)
OK: P:\Photo\Из Сети\Ира\[vk] альбом\BYiAEs92Zz4.jpg
✅ CRC OK: P:\Photo\Из Сети\Ира\[vk] альбом\BYiAEs92Zz4.jpg (e3de1e90)
OK: P:\Photo\Из Сети\Ира\[vk] альбом\HxO-R4mNU84.jpg
✅ CRC OK: P:\Photo\Из Сети\Ира\[vk] альбом\HxO-R4mNU84.jpg (0597aeab)
OK: P:\Photo\Из Сети\Ира\[vk] альбом\QksxvgVYb0c.jpg
✅ CRC OK: P:\Photo\Из Сети\Ира\[vk] альбом\QksxvgVYb0c.jpg (0b6c2aac)
OK: P:\Photo\Из Сети\Ира\[vk] альбом\RbuYnVkiq0Q.jpg
✅ CRC OK: P:\Photo\Из Сети\Ира\[vk] альбом\RbuYnVkiq0Q.jpg (be5e9130)
OK: P:\Photo\Из Сети\Ира\[vk] альбом\UPfuuaXYeBI.jpg
✅ CRC OK: P:\Photo\Из Сети\Ира\[vk] альбом\UPfuuaXYeBI.jpg (9019db05)
OK: P:\Photo\Из Сети\Ира\[vk] альбом\Zu0Y9SEid7w.jpg
✅ CRC OK: P:\Photo\Из Сети\Ира\[vk] альбом\Zu0Y9SEid7w.jpg (396498e9)
OK: P:\Photo\Из Сети\Ира\[vk] альбом\fON4PE8zUA4.jpg
✅ CRC OK: P:\Photo\Из Сети\Ира\[vk] альбом\fON4PE8zUA4.jpg (8626e07b)
OK: P:\Photo\Из Сети\Ира\[vk] альбом\qU245AdTXn0.jpg
✅ CRC OK: P:\Photo\Из Сети\Ира\[vk] альбом\qU245AdTXn0.jpg (95ad4a79)
OK: P:\Photo\Из Сети\Ира\[vk] альбом\x_512423d7.jpg
✅ CRC OK: P:\Photo\Из Сети\Ира\[vk] альбом\x_512423d7.jpg (8f615b3b)
OK: P:\Photo\Из Сети\Ира\[vk] альбом\y_4e9a14c2.jpg
✅ CRC OK: P:\Photo\Из Сети\Ира\[vk] альбом\y_4e9a14c2.jpg (d0235fb7)
OK: P:\Photo\Из Сети\Ира\[vk] альбом\z_0218d1fa.jpg
✅ CRC OK: P:\Photo\Из Сети\Ира\[vk] альбом\z_0218d1fa.jpg (735be428)
OK: P:\Photo\Из Сети\Ира\[vk] альбом\z_2beb67b4.jpg
✅ CRC OK: P:\Photo\Из Сети\Ира\[vk] альбом\z_2beb67b4.jpg (f54d9ba0)
OK: P:\Photo\Из Сети\Ира\[vk] альбом\z_3000a158.jpg
✅ CRC OK: P:\Photo\Из Сети\Ира\[vk] альбом\z_3000a158.jpg (8625fe19)
OK: P:\Photo\Из Сети\Ира\[vk] альбом\z_34244567.jpg
✅ CRC OK: P:\Photo\Из Сети\Ира\[vk] альбом\z_34244567.jpg (f50cd335)
OK: P:\Photo\Из Сети\Ира\[vk] альбом\z_34ab2c45.jpg
✅ CRC OK: P:\Photo\Из Сети\Ира\[vk] альбом\z_34ab2c45.jpg (40f97ea0)
OK: P:\Photo\Из Сети\Ира\[vk] альбом\z_37110c21.jpg
✅ CRC OK: P:\Photo\Из Сети\Ира\[vk] альбом\z_37110c21.jpg (5b4ecea5)
OK: P:\Photo\Из Сети\Ира\[vk] альбом\z_73eed0ae.jpg
✅ CRC OK: P:\Photo\Из Сети\Ира\[vk] альбом\z_73eed0ae.jpg (71d2811c)
OK: P:\Photo\Из Сети\Ира\[vk] альбом\z_7b014160.jpg
✅ CRC OK: P:\Photo\Из Сети\Ира\[vk] альбом\z_7b014160.jpg (0e5a72a4)
OK: P:\Photo\Из Сети\Ира\[vk] альбом\z_847b75ee.jpg
✅ CRC OK: P:\Photo\Из Сети\Ира\[vk] альбом\z_847b75ee.jpg (4e90d6d1)
OK: P:\Photo\Из Сети\Ира\[vk] альбом\z_892ebc0b.jpg
✅ CRC OK: P:\Photo\Из Сети\Ира\[vk] альбом\z_892ebc0b.jpg (9a9cd318)
OK: P:\Photo\Из Сети\Ира\[vk] альбом\z_cc9bae9b.jpg
✅ CRC OK: P:\Photo\Из Сети\Ира\[vk] альбом\z_cc9bae9b.jpg (141ee370)
OK: P:\Photo\Из Сети\Ира\[vk] альбом\z_fc1e2b02.jpg
✅ CRC OK: P:\Photo\Из Сети\Ира\[vk] альбом\z_fc1e2b02.jpg (f5c7900c)
OK: P:\Photo\Из Сети\Ира\[vk] альбом\znkiAOgo934.jpg
✅ CRC OK: P:\Photo\Из Сети\Ира\[vk] альбом\znkiAOgo934.jpg (81f9b2e5)
OK: P:\Photo\Из Сети\Ира\[vk] выпускной
OK: P:\Photo\Из Сети\Ира\[vk] выпускной\5q0cCwCmhKk.jpg
✅ CRC OK: P:\Photo\Из Сети\Ира\[vk] выпускной\5q0cCwCmhKk.jpg (f54b98a6)
OK: P:\Photo\Из Сети\Ира\[vk] выпускной\9hULIp5qI6Q.jpg
✅ CRC OK: P:\Photo\Из Сети\Ира\[vk] выпускной\9hULIp5qI6Q.jpg (c670bd7a)
OK: P:\Photo\Из Сети\Ира\[vk] выпускной\AGbr0geHRyo.jpg
✅ CRC OK: P:\Photo\Из Сети\Ира\[vk] выпускной\AGbr0geHRyo.jpg (6e0dd30a)
OK: P:\Photo\Из Сети\Ира\[vk] выпускной\Cmk0L7LaBXM.jpg
✅ CRC OK: P:\Photo\Из Сети\Ира\[vk] выпускной\Cmk0L7LaBXM.jpg (10f557e7)
OK: P:\Photo\Из Сети\Ира\[vk] выпускной\TZPtJ5J9uuw.jpg
✅ CRC OK: P:\Photo\Из Сети\Ира\[vk] выпускной\TZPtJ5J9uuw.jpg (f56b7901)
OK: P:\Photo\Из Сети\Ира\[vk] выпускной\Zz_XM-n0O_Q.jpg
✅ CRC OK: P:\Photo\Из Сети\Ира\[vk] выпускной\Zz_XM-n0O_Q.jpg (4e0e968f)
OK: P:\Photo\Из Сети\Ира\[vk] выпускной\bgXW4mdHlyA.jpg
✅ CRC OK: P:\Photo\Из Сети\Ира\[vk] выпускной\bgXW4mdHlyA.jpg (a7849ac1)
OK: P:\Photo\Из Сети\Ира\[vk] выпускной\iI5-G2tiq5E.jpg
✅ CRC OK: P:\Photo\Из Сети\Ира\[vk] выпускной\iI5-G2tiq5E.jpg (5f6d8adb)
OK: P:\Photo\Из Сети\Ира\[vk] выпускной\ouAQLW8X5Po.jpg
✅ CRC OK: P:\Photo\Из Сети\Ира\[vk] выпускной\ouAQLW8X5Po.jpg (e9dd9086)
OK: P:\Photo\Из Сети\Ира\[vk] выпускной\rvAN7wMHvtM.jpg
✅ CRC OK: P:\Photo\Из Сети\Ира\[vk] выпускной\rvAN7wMHvtM.jpg (a0f00be9)
OK: P:\Photo\Из Сети\Ира\[vk] гульки
OK: P:\Photo\Из Сети\Ира\[vk] гульки\1Joh7yPq6FM.jpg
✅ CRC OK: P:\Photo\Из Сети\Ира\[vk] гульки\1Joh7yPq6FM.jpg (ba3a457f)
OK: P:\Photo\Из Сети\Ира\[vk] гульки\2BiKvKMd3uM.jpg
✅ CRC OK: P:\Photo\Из Сети\Ира\[vk] гульки\2BiKvKMd3uM.jpg (ccb0e539)
OK: P:\Photo\Из Сети\Ира\[vk] гульки\47A3xsldKUU.jpg
✅ CRC OK: P:\Photo\Из Сети\Ира\[vk] гульки\47A3xsldKUU.jpg (dde373fb)
OK: P:\Photo\Из Сети\Ира\[vk] гульки\4iL4gjwmvGk.jpg
✅ CRC OK: P:\Photo\Из Сети\Ира\[vk] гульки\4iL4gjwmvGk.jpg (bcfb63bf)
OK: P:\Photo\Из Сети\Ира\[vk] гульки\4vd84ulOge8.jpg
✅ CRC OK: P:\Photo\Из Сети\Ира\[vk] гульки\4vd84ulOge8.jpg (0c86e499)
OK: P:\Photo\Из Сети\Ира\[vk] гульки\5edou9MUYG8.jpg
✅ CRC OK: P:\Photo\Из Сети\Ира\[vk] гульки\5edou9MUYG8.jpg (410debda)
OK: P:\Photo\Из Сети\Ира\[vk] гульки\8ZK6ugqfJPo.jpg
✅ CRC OK: P:\Photo\Из Сети\Ира\[vk] гульки\8ZK6ugqfJPo.jpg (844e4f8d)
OK: P:\Photo\Из Сети\Ира\[vk] гульки\AJbY26ytZgA.jpg
✅ CRC OK: P:\Photo\Из Сети\Ира\[vk] гульки\AJbY26ytZgA.jpg (261c60a8)
OK: P:\Photo\Из Сети\Ира\[vk] гульки\L7ZNII9A_aY.jpg
✅ CRC OK: P:\Photo\Из Сети\Ира\[vk] гульки\L7ZNII9A_aY.jpg (1af160ec)
OK: P:\Photo\Из Сети\Ира\[vk] гульки\OqgR6564Vu8.jpg
✅ CRC OK: P:\Photo\Из Сети\Ира\[vk] гульки\OqgR6564Vu8.jpg (b6c09e6f)
OK: P:\Photo\Из Сети\Ира\[vk] гульки\PcTzTUE319o.jpg
✅ CRC OK: P:\Photo\Из Сети\Ира\[vk] гульки\PcTzTUE319o.jpg (71e82ebe)
OK: P:\Photo\Из Сети\Ира\[vk] гульки\QRKFM2PJwDU.jpg
✅ CRC OK: P:\Photo\Из Сети\Ира\[vk] гульки\QRKFM2PJwDU.jpg (f676bca9)
OK: P:\Photo\Из Сети\Ира\[vk] гульки\Qq4xLbIJUvk.jpg
✅ CRC OK: P:\Photo\Из Сети\Ира\[vk] гульки\Qq4xLbIJUvk.jpg (f723c1e6)
OK: P:\Photo\Из Сети\Ира\[vk] гульки\R-0Iqddvd84.jpg
✅ CRC OK: P:\Photo\Из Сети\Ира\[vk] гульки\R-0Iqddvd84.jpg (d9b9a47d)
OK: P:\Photo\Из Сети\Ира\[vk] гульки\U43k2TfY2BA.jpg
✅ CRC OK: P:\Photo\Из Сети\Ира\[vk] гульки\U43k2TfY2BA.jpg (eb084894)
OK: P:\Photo\Из Сети\Ира\[vk] гульки\Y5YDavDN6Pc.jpg
✅ CRC OK: P:\Photo\Из Сети\Ира\[vk] гульки\Y5YDavDN6Pc.jpg (3d57929b)
OK: P:\Photo\Из Сети\Ира\[vk] гульки\_4YFIX4P4Gs.jpg
✅ CRC OK: P:\Photo\Из Сети\Ира\[vk] гульки\_4YFIX4P4Gs.jpg (95c16cc8)
OK: P:\Photo\Из Сети\Ира\[vk] гульки\czlZG3ANI6g.jpg
✅ CRC OK: P:\Photo\Из Сети\Ира\[vk] гульки\czlZG3ANI6g.jpg (f6331bc9)
OK: P:\Photo\Из Сети\Ира\[vk] гульки\dVR7heLI0U8.jpg
✅ CRC OK: P:\Photo\Из Сети\Ира\[vk] гульки\dVR7heLI0U8.jpg (92eb3d00)
OK: P:\Photo\Из Сети\Ира\[vk] гульки\eEhloN2Zres.jpg
✅ CRC OK: P:\Photo\Из Сети\Ира\[vk] гульки\eEhloN2Zres.jpg (1da1d9e8)
OK: P:\Photo\Из Сети\Ира\[vk] гульки\gwny8z2NOAE.jpg
✅ CRC OK: P:\Photo\Из Сети\Ира\[vk] гульки\gwny8z2NOAE.jpg (e967b39e)
OK: P:\Photo\Из Сети\Ира\[vk] гульки\id4eWewH1Js.jpg
✅ CRC OK: P:\Photo\Из Сети\Ира\[vk] гульки\id4eWewH1Js.jpg (26110826)
OK: P:\Photo\Из Сети\Ира\[vk] гульки\lD3roU-pyR8.jpg
✅ CRC OK: P:\Photo\Из Сети\Ира\[vk] гульки\lD3roU-pyR8.jpg (bc9ef870)
OK: P:\Photo\Из Сети\Ира\[vk] гульки\mL6w1lN-l_Q.jpg
✅ CRC OK: P:\Photo\Из Сети\Ира\[vk] гульки\mL6w1lN-l_Q.jpg (f584e043)
OK: P:\Photo\Из Сети\Ира\[vk] гульки\nw5a6VdJdW4.jpg
✅ CRC OK: P:\Photo\Из Сети\Ира\[vk] гульки\nw5a6VdJdW4.jpg (2e5d530f)
OK: P:\Photo\Из Сети\Ира\[vk] гульки\p8tFv8X2A5s.jpg
✅ CRC OK: P:\Photo\Из Сети\Ира\[vk] гульки\p8tFv8X2A5s.jpg (33e45af9)
OK: P:\Photo\Из Сети\Ира\[vk] гульки\pN6kf_8R9Xg.jpg
✅ CRC OK: P:\Photo\Из Сети\Ира\[vk] гульки\pN6kf_8R9Xg.jpg (473d563b)
OK: P:\Photo\Из Сети\Ира\[vk] гульки\swZaU6dF04I.jpg
✅ CRC OK: P:\Photo\Из Сети\Ира\[vk] гульки\swZaU6dF04I.jpg (0c079143)
OK: P:\Photo\Из Сети\Ира\[vk] гульки\t0bowEzSREo.jpg
✅ CRC OK: P:\Photo\Из Сети\Ира\[vk] гульки\t0bowEzSREo.jpg (811e2074)
OK: P:\Photo\Из Сети\Ира\[vk] крестины
OK: P:\Photo\Из Сети\Ира\[vk] крестины\1ZYLzzFz01Y.jpg
✅ CRC OK: P:\Photo\Из Сети\Ира\[vk] крестины\1ZYLzzFz01Y.jpg (b6a3bed8)
OK: P:\Photo\Из Сети\Ира\[vk] крестины\5Gi8YufcJBA.jpg
✅ CRC OK: P:\Photo\Из Сети\Ира\[vk] крестины\5Gi8YufcJBA.jpg (1313aea5)
OK: P:\Photo\Из Сети\Ира\[vk] крестины\AqAD7b7xoeg.jpg
✅ CRC OK: P:\Photo\Из Сети\Ира\[vk] крестины\AqAD7b7xoeg.jpg (ec8731ac)
OK: P:\Photo\Из Сети\Ира\[vk] крестины\B0gF-3EDcBw.jpg
✅ CRC OK: P:\Photo\Из Сети\Ира\[vk] крестины\B0gF-3EDcBw.jpg (d3553cf7)
OK: P:\Photo\Из Сети\Ира\[vk] крестины\CNzcIWtjXdw.jpg
✅ CRC OK: P:\Photo\Из Сети\Ира\[vk] крестины\CNzcIWtjXdw.jpg (5a3f4f68)
OK: P:\Photo\Из Сети\Ира\[vk] крестины\GjHtlKDrsZU.jpg
✅ CRC OK: P:\Photo\Из Сети\Ира\[vk] крестины\GjHtlKDrsZU.jpg (7bdc1b2b)
OK: P:\Photo\Из Сети\Ира\[vk] крестины\H6mwuKk_aCk.jpg
✅ CRC OK: P:\Photo\Из Сети\Ира\[vk] крестины\H6mwuKk_aCk.jpg (7da077b7)
OK: P:\Photo\Из Сети\Ира\[vk] крестины\HnTS44lPa1Y.jpg
✅ CRC OK: P:\Photo\Из Сети\Ира\[vk] крестины\HnTS44lPa1Y.jpg (208bf9d6)
OK: P:\Photo\Из Сети\Ира\[vk] крестины\M6pLJlbcRNY.jpg
✅ CRC OK: P:\Photo\Из Сети\Ира\[vk] крестины\M6pLJlbcRNY.jpg (32450a68)
OK: P:\Photo\Из Сети\Ира\[vk] крестины\MKyjefAqtiw.jpg
✅ CRC OK: P:\Photo\Из Сети\Ира\[vk] крестины\MKyjefAqtiw.jpg (f3c1e410)
OK: P:\Photo\Из Сети\Ира\[vk] крестины\NUuFKjHP0Y0.jpg
✅ CRC OK: P:\Photo\Из Сети\Ира\[vk] крестины\NUuFKjHP0Y0.jpg (3eaf68e5)
OK: P:\Photo\Из Сети\Ира\[vk] крестины\O7lokjhrCko.jpg
✅ CRC OK: P:\Photo\Из Сети\Ира\[vk] крестины\O7lokjhrCko.jpg (e2b04271)
OK: P:\Photo\Из Сети\Ира\[vk] крестины\PR1aRUGrnBI.jpg
✅ CRC OK: P:\Photo\Из Сети\Ира\[vk] крестины\PR1aRUGrnBI.jpg (b50d0630)
OK: P:\Photo\Из Сети\Ира\[vk] крестины\PrRgBZB9h5M.jpg
✅ CRC OK: P:\Photo\Из Сети\Ира\[vk] крестины\PrRgBZB9h5M.jpg (ad98e253)
OK: P:\Photo\Из Сети\Ира\[vk] крестины\Sh4BStYN_j4.jpg
✅ CRC OK: P:\Photo\Из Сети\Ира\[vk] крестины\Sh4BStYN_j4.jpg (4a086539)
OK: P:\Photo\Из Сети\Ира\[vk] крестины\UbnqvtWuhVg.jpg
✅ CRC OK: P:\Photo\Из Сети\Ира\[vk] крестины\UbnqvtWuhVg.jpg (194ab8f0)
OK: P:\Photo\Из Сети\Ира\[vk] крестины\VhPAosJQBgM.jpg
✅ CRC OK: P:\Photo\Из Сети\Ира\[vk] крестины\VhPAosJQBgM.jpg (039abe72)
OK: P:\Photo\Из Сети\Ира\[vk] крестины\XKaBwHyNNzk.jpg
✅ CRC OK: P:\Photo\Из Сети\Ира\[vk] крестины\XKaBwHyNNzk.jpg (38ec83dc)
OK: P:\Photo\Из Сети\Ира\[vk] крестины\XL06IdW1aSo.jpg
✅ CRC OK: P:\Photo\Из Сети\Ира\[vk] крестины\XL06IdW1aSo.jpg (e69a9e09)
OK: P:\Photo\Из Сети\Ира\[vk] крестины\Xq2-DsgbmTk.jpg
✅ CRC OK: P:\Photo\Из Сети\Ира\[vk] крестины\Xq2-DsgbmTk.jpg (5dc328f3)
OK: P:\Photo\Из Сети\Ира\[vk] крестины\ZWpY8JM7Rnk.jpg
✅ CRC OK: P:\Photo\Из Сети\Ира\[vk] крестины\ZWpY8JM7Rnk.jpg (2544eaa1)
OK: P:\Photo\Из Сети\Ира\[vk] крестины\aT5jtyy0xvQ.jpg
✅ CRC OK: P:\Photo\Из Сети\Ира\[vk] крестины\aT5jtyy0xvQ.jpg (35df72c2)
OK: P:\Photo\Из Сети\Ира\[vk] крестины\bD_iF-RxzHQ.jpg
✅ CRC OK: P:\Photo\Из Сети\Ира\[vk] крестины\bD_iF-RxzHQ.jpg (30c30462)
OK: P:\Photo\Из Сети\Ира\[vk] крестины\bI4ELXH4kQo.jpg
✅ CRC OK: P:\Photo\Из Сети\Ира\[vk] крестины\bI4ELXH4kQo.jpg (06531e57)
OK: P:\Photo\Из Сети\Ира\[vk] крестины\bSrJp7E0EKc.jpg
✅ CRC OK: P:\Photo\Из Сети\Ира\[vk] крестины\bSrJp7E0EKc.jpg (4b03719d)
OK: P:\Photo\Из Сети\Ира\[vk] крестины\gMKC23vJESo.jpg
✅ CRC OK: P:\Photo\Из Сети\Ира\[vk] крестины\gMKC23vJESo.jpg (fd98a950)
OK: P:\Photo\Из Сети\Ира\[vk] крестины\hUq2ctLHM5Y.jpg
✅ CRC OK: P:\Photo\Из Сети\Ира\[vk] крестины\hUq2ctLHM5Y.jpg (d49c2a31)
OK: P:\Photo\Из Сети\Ира\[vk] крестины\m6-qkCSQTZ0.jpg
✅ CRC OK: P:\Photo\Из Сети\Ира\[vk] крестины\m6-qkCSQTZ0.jpg (caf83b78)
OK: P:\Photo\Из Сети\Ира\[vk] крестины\mHSd61nNPvs.jpg
✅ CRC OK: P:\Photo\Из Сети\Ира\[vk] крестины\mHSd61nNPvs.jpg (c46ad848)
OK: P:\Photo\Из Сети\Ира\[vk] крестины\mSlZ1u4Ldao.jpg
✅ CRC OK: P:\Photo\Из Сети\Ира\[vk] крестины\mSlZ1u4Ldao.jpg (9ab8c467)
OK: P:\Photo\Из Сети\Ира\[vk] крестины\mw9rLeOQo6g.jpg
✅ CRC OK: P:\Photo\Из Сети\Ира\[vk] крестины\mw9rLeOQo6g.jpg (32cf07f7)
OK: P:\Photo\Из Сети\Ира\[vk] крестины\qOSa1BflmMI.jpg
✅ CRC OK: P:\Photo\Из Сети\Ира\[vk] крестины\qOSa1BflmMI.jpg (39f8129c)
OK: P:\Photo\Из Сети\Ира\[vk] крестины\qeYmxOp6NeQ.jpg
✅ CRC OK: P:\Photo\Из Сети\Ира\[vk] крестины\qeYmxOp6NeQ.jpg (dfdb3444)
OK: P:\Photo\Из Сети\Ира\[vk] крестины\rtuune7eSNI.jpg
✅ CRC OK: P:\Photo\Из Сети\Ира\[vk] крестины\rtuune7eSNI.jpg (72d41029)
OK: P:\Photo\Из Сети\Ира\[vk] крестины\t929PqnCvpQ.jpg
✅ CRC OK: P:\Photo\Из Сети\Ира\[vk] крестины\t929PqnCvpQ.jpg (adb3f2bb)
OK: P:\Photo\Из Сети\Ира\[vk] крестины\u7UacGtIAAo.jpg
✅ CRC OK: P:\Photo\Из Сети\Ира\[vk] крестины\u7UacGtIAAo.jpg (0a849c68)
OK: P:\Photo\Из Сети\Ира\[vk] крестины\u7u3YmFDdLg.jpg
✅ CRC OK: P:\Photo\Из Сети\Ира\[vk] крестины\u7u3YmFDdLg.jpg (9b1d925e)
OK: P:\Photo\Из Сети\Ира\[vk] крестины\vtd_grzavW4.jpg
✅ CRC OK: P:\Photo\Из Сети\Ира\[vk] крестины\vtd_grzavW4.jpg (3c00c82a)
OK: P:\Photo\Из Сети\Ира\[vk] крестины\w_6mKHaRr1E.jpg
✅ CRC OK: P:\Photo\Из Сети\Ира\[vk] крестины\w_6mKHaRr1E.jpg (6619a2ed)
OK: P:\Photo\Из Сети\Ира\[vk] крестины\wfSUV1mjAgI.jpg
✅ CRC OK: P:\Photo\Из Сети\Ира\[vk] крестины\wfSUV1mjAgI.jpg (49fc6e08)
OK: P:\Photo\Из Сети\Ира\[vk] крестины\x-xkRRsBe04.jpg
✅ CRC OK: P:\Photo\Из Сети\Ира\[vk] крестины\x-xkRRsBe04.jpg (2e6f2b16)
OK: P:\Photo\Из Сети\Ира\[vk] крестины\xHLbEZrB48U.jpg
✅ CRC OK: P:\Photo\Из Сети\Ира\[vk] крестины\xHLbEZrB48U.jpg (8d242a18)
OK: P:\Photo\Из Сети\Ира\[vk] крестины\xQ5auYiAmwY.jpg
✅ CRC OK: P:\Photo\Из Сети\Ира\[vk] крестины\xQ5auYiAmwY.jpg (50d053c2)
OK: P:\Photo\Из Сети\Ира\[vk] крестины\z17H093LZZA.jpg
✅ CRC OK: P:\Photo\Из Сети\Ира\[vk] крестины\z17H093LZZA.jpg (6ae9430b)
OK: P:\Photo\Из Сети\Ира\[vk] рыбный_косяк(кирилл_2014)
OK: P:\Photo\Из Сети\Ира\[vk] рыбный_косяк(кирилл_2014)\-HJ_KKDaWuE.jpg
✅ CRC OK: P:\Photo\Из Сети\Ира\[vk] рыбный_косяк(кирилл_2014)\-HJ_KKDaWuE.jpg (a37716ea)
OK: P:\Photo\Из Сети\Ира\[vk] рыбный_косяк(кирилл_2014)\-dwV_uDgMAc.jpg
✅ CRC OK: P:\Photo\Из Сети\Ира\[vk] рыбный_косяк(кирилл_2014)\-dwV_uDgMAc.jpg (a049e8c9)
OK: P:\Photo\Из Сети\Ира\[vk] рыбный_косяк(кирилл_2014)\0CuUmJN5oJ8.jpg
✅ CRC OK: P:\Photo\Из Сети\Ира\[vk] рыбный_косяк(кирилл_2014)\0CuUmJN5oJ8.jpg (44e87ee5)
OK: P:\Photo\Из Сети\Ира\[vk] рыбный_косяк(кирилл_2014)\1HWDyoRlr34.jpg
✅ CRC OK: P:\Photo\Из Сети\Ира\[vk] рыбный_косяк(кирилл_2014)\1HWDyoRlr34.jpg (1e8dc698)
OK: P:\Photo\Из Сети\Ира\[vk] рыбный_косяк(кирилл_2014)\1oJ4U8MKob0.jpg
✅ CRC OK: P:\Photo\Из Сети\Ира\[vk] рыбный_косяк(кирилл_2014)\1oJ4U8MKob0.jpg (340156b0)
OK: P:\Photo\Из Сети\Ира\[vk] рыбный_косяк(кирилл_2014)\2hkO4u088_E.jpg
✅ CRC OK: P:\Photo\Из Сети\Ира\[vk] рыбный_косяк(кирилл_2014)\2hkO4u088_E.jpg (c4dc79af)
OK: P:\Photo\Из Сети\Ира\[vk] рыбный_косяк(кирилл_2014)\5JOvAgN5_dc.jpg
✅ CRC OK: P:\Photo\Из Сети\Ира\[vk] рыбный_косяк(кирилл_2014)\5JOvAgN5_dc.jpg (c6f92ae7)
OK: P:\Photo\Из Сети\Ира\[vk] рыбный_косяк(кирилл_2014)\6yV0I_OhFfI.jpg
✅ CRC OK: P:\Photo\Из Сети\Ира\[vk] рыбный_косяк(кирилл_2014)\6yV0I_OhFfI.jpg (5476c246)
OK: P:\Photo\Из Сети\Ира\[vk] рыбный_косяк(кирилл_2014)\7Haw9PCMdPc.jpg
✅ CRC OK: P:\Photo\Из Сети\Ира\[vk] рыбный_косяк(кирилл_2014)\7Haw9PCMdPc.jpg (f112236b)
OK: P:\Photo\Из Сети\Ира\[vk] рыбный_косяк(кирилл_2014)\7vxjb7E_gYc.jpg
✅ CRC OK: P:\Photo\Из Сети\Ира\[vk] рыбный_косяк(кирилл_2014)\7vxjb7E_gYc.jpg (f5ab2b6b)
OK: P:\Photo\Из Сети\Ира\[vk] рыбный_косяк(кирилл_2014)\8-JXDx-KVLs.jpg
✅ CRC OK: P:\Photo\Из Сети\Ира\[vk] рыбный_косяк(кирилл_2014)\8-JXDx-KVLs.jpg (5da00bfe)
OK: P:\Photo\Из Сети\Ира\[vk] рыбный_косяк(кирилл_2014)\9OtJoEZdypQ.jpg
✅ CRC OK: P:\Photo\Из Сети\Ира\[vk] рыбный_косяк(кирилл_2014)\9OtJoEZdypQ.jpg (5021db4c)
OK: P:\Photo\Из Сети\Ира\[vk] рыбный_косяк(кирилл_2014)\9s15CTSknbQ.jpg
✅ CRC OK: P:\Photo\Из Сети\Ира\[vk] рыбный_косяк(кирилл_2014)\9s15CTSknbQ.jpg (b795ecfe)
OK: P:\Photo\Из Сети\Ира\[vk] рыбный_косяк(кирилл_2014)\AZ-cai-Flf8.jpg
✅ CRC OK: P:\Photo\Из Сети\Ира\[vk] рыбный_косяк(кирилл_2014)\AZ-cai-Flf8.jpg (a681d234)
OK: P:\Photo\Из Сети\Ира\[vk] рыбный_косяк(кирилл_2014)\Al1K-9CPTL0.jpg
✅ CRC OK: P:\Photo\Из Сети\Ира\[vk] рыбный_косяк(кирилл_2014)\Al1K-9CPTL0.jpg (46db29fa)
OK: P:\Photo\Из Сети\Ира\[vk] рыбный_косяк(кирилл_2014)\AnvgNu4PEp4.jpg
✅ CRC OK: P:\Photo\Из Сети\Ира\[vk] рыбный_косяк(кирилл_2014)\AnvgNu4PEp4.jpg (e3bb8d2f)
OK: P:\Photo\Из Сети\Ира\[vk] рыбный_косяк(кирилл_2014)\B4_Px-pYcaM.jpg
✅ CRC OK: P:\Photo\Из Сети\Ира\[vk] рыбный_косяк(кирилл_2014)\B4_Px-pYcaM.jpg (5d4f1eba)
OK: P:\Photo\Из Сети\Ира\[vk] рыбный_косяк(кирилл_2014)\BOXBbWZLbmA.jpg
✅ CRC OK: P:\Photo\Из Сети\Ира\[vk] рыбный_косяк(кирилл_2014)\BOXBbWZLbmA.jpg (ae417736)
OK: P:\Photo\Из Сети\Ира\[vk] рыбный_косяк(кирилл_2014)\BTeHOcRVGJo.jpg
✅ CRC OK: P:\Photo\Из Сети\Ира\[vk] рыбный_косяк(кирилл_2014)\BTeHOcRVGJo.jpg (c11e93f7)
OK: P:\Photo\Из Сети\Ира\[vk] рыбный_косяк(кирилл_2014)\DsVFl0OHUt4.jpg
✅ CRC OK: P:\Photo\Из Сети\Ира\[vk] рыбный_косяк(кирилл_2014)\DsVFl0OHUt4.jpg (4ede0e81)
OK: P:\Photo\Из Сети\Ира\[vk] рыбный_косяк(кирилл_2014)\F7jPgMZf2zY.jpg
✅ CRC OK: P:\Photo\Из Сети\Ира\[vk] рыбный_косяк(кирилл_2014)\F7jPgMZf2zY.jpg (9bb69535)
OK: P:\Photo\Из Сети\Ира\[vk] рыбный_косяк(кирилл_2014)\GZBQuRmsT3M.jpg
✅ CRC OK: P:\Photo\Из Сети\Ира\[vk] рыбный_косяк(кирилл_2014)\GZBQuRmsT3M.jpg (7e418b37)
OK: P:\Photo\Из Сети\Ира\[vk] рыбный_косяк(кирилл_2014)\G_6T6VMSe4Q.jpg
✅ CRC OK: P:\Photo\Из Сети\Ира\[vk] рыбный_косяк(кирилл_2014)\G_6T6VMSe4Q.jpg (bd583772)
OK: P:\Photo\Из Сети\Ира\[vk] рыбный_косяк(кирилл_2014)\Gc_c2lWpObA.jpg
✅ CRC OK: P:\Photo\Из Сети\Ира\[vk] рыбный_косяк(кирилл_2014)\Gc_c2lWpObA.jpg (1ccea197)
OK: P:\Photo\Из Сети\Ира\[vk] рыбный_косяк(кирилл_2014)\HJW-UOXCi8o.jpg
✅ CRC OK: P:\Photo\Из Сети\Ира\[vk] рыбный_косяк(кирилл_2014)\HJW-UOXCi8o.jpg (176bcf8b)
OK: P:\Photo\Из Сети\Ира\[vk] рыбный_косяк(кирилл_2014)\IdaCOOl268k.jpg
✅ CRC OK: P:\Photo\Из Сети\Ира\[vk] рыбный_косяк(кирилл_2014)\IdaCOOl268k.jpg (91fcf5ca)
OK: P:\Photo\Из Сети\Ира\[vk] рыбный_косяк(кирилл_2014)\IyFbHqWTGig.jpg
✅ CRC OK: P:\Photo\Из Сети\Ира\[vk] рыбный_косяк(кирилл_2014)\IyFbHqWTGig.jpg (acbd94d0)
OK: P:\Photo\Из Сети\Ира\[vk] рыбный_косяк(кирилл_2014)\JP8sj78Gb1k.jpg
✅ CRC OK: P:\Photo\Из Сети\Ира\[vk] рыбный_косяк(кирилл_2014)\JP8sj78Gb1k.jpg (05d98057)
OK: P:\Photo\Из Сети\Ира\[vk] рыбный_косяк(кирилл_2014)\LFqHD-lt2Cg.jpg
✅ CRC OK: P:\Photo\Из Сети\Ира\[vk] рыбный_косяк(кирилл_2014)\LFqHD-lt2Cg.jpg (ef0754df)
OK: P:\Photo\Из Сети\Ира\[vk] рыбный_косяк(кирилл_2014)\M4Ns5sc0YSw.jpg
✅ CRC OK: P:\Photo\Из Сети\Ира\[vk] рыбный_косяк(кирилл_2014)\M4Ns5sc0YSw.jpg (0cafe6b1)
OK: P:\Photo\Из Сети\Ира\[vk] рыбный_косяк(кирилл_2014)\MSXCBUUVxzI.jpg
✅ CRC OK: P:\Photo\Из Сети\Ира\[vk] рыбный_косяк(кирилл_2014)\MSXCBUUVxzI.jpg (93651c1d)
OK: P:\Photo\Из Сети\Ира\[vk] рыбный_косяк(кирилл_2014)\MswruglyJso.jpg
✅ CRC OK: P:\Photo\Из Сети\Ира\[vk] рыбный_косяк(кирилл_2014)\MswruglyJso.jpg (54694fe9)
OK: P:\Photo\Из Сети\Ира\[vk] рыбный_косяк(кирилл_2014)\Mxx46BVz0Uk.jpg
✅ CRC OK: P:\Photo\Из Сети\Ира\[vk] рыбный_косяк(кирилл_2014)\Mxx46BVz0Uk.jpg (0c892754)
OK: P:\Photo\Из Сети\Ира\[vk] рыбный_косяк(кирилл_2014)\N08FNFWL7w8.jpg
✅ CRC OK: P:\Photo\Из Сети\Ира\[vk] рыбный_косяк(кирилл_2014)\N08FNFWL7w8.jpg (c936fd4c)
OK: P:\Photo\Из Сети\Ира\[vk] рыбный_косяк(кирилл_2014)\NFtQHPwp5HA.jpg
✅ CRC OK: P:\Photo\Из Сети\Ира\[vk] рыбный_косяк(кирилл_2014)\NFtQHPwp5HA.jpg (6b5e7970)
OK: P:\Photo\Из Сети\Ира\[vk] рыбный_косяк(кирилл_2014)\NX_zFoPT7Oo.jpg
✅ CRC OK: P:\Photo\Из Сети\Ира\[vk] рыбный_косяк(кирилл_2014)\NX_zFoPT7Oo.jpg (cf0963b4)
OK: P:\Photo\Из Сети\Ира\[vk] рыбный_косяк(кирилл_2014)\OyVpGIDdl4U.jpg
✅ CRC OK: P:\Photo\Из Сети\Ира\[vk] рыбный_косяк(кирилл_2014)\OyVpGIDdl4U.jpg (096ad875)
OK: P:\Photo\Из Сети\Ира\[vk] рыбный_косяк(кирилл_2014)\QSgbfrcmfyA.jpg
✅ CRC OK: P:\Photo\Из Сети\Ира\[vk] рыбный_косяк(кирилл_2014)\QSgbfrcmfyA.jpg (7b28101a)
OK: P:\Photo\Из Сети\Ира\[vk] рыбный_косяк(кирилл_2014)\RKTViTKK4s0.jpg
✅ CRC OK: P:\Photo\Из Сети\Ира\[vk] рыбный_косяк(кирилл_2014)\RKTViTKK4s0.jpg (1b9282f5)
OK: P:\Photo\Из Сети\Ира\[vk] рыбный_косяк(кирилл_2014)\RZAPadlJ0LE.jpg
✅ CRC OK: P:\Photo\Из Сети\Ира\[vk] рыбный_косяк(кирилл_2014)\RZAPadlJ0LE.jpg (434591dd)
OK: P:\Photo\Из Сети\Ира\[vk] рыбный_косяк(кирилл_2014)\R_f1-eBXr6U.jpg
✅ CRC OK: P:\Photo\Из Сети\Ира\[vk] рыбный_косяк(кирилл_2014)\R_f1-eBXr6U.jpg (bcebb688)
OK: P:\Photo\Из Сети\Ира\[vk] рыбный_косяк(кирилл_2014)\SEHQzybqXMY.jpg
✅ CRC OK: P:\Photo\Из Сети\Ира\[vk] рыбный_косяк(кирилл_2014)\SEHQzybqXMY.jpg (c224b404)
OK: P:\Photo\Из Сети\Ира\[vk] рыбный_косяк(кирилл_2014)\SP67k0cJHEY.jpg
✅ CRC OK: P:\Photo\Из Сети\Ира\[vk] рыбный_косяк(кирилл_2014)\SP67k0cJHEY.jpg (48de508a)
OK: P:\Photo\Из Сети\Ира\[vk] рыбный_косяк(кирилл_2014)\TYqyIb6HaqM.jpg
✅ CRC OK: P:\Photo\Из Сети\Ира\[vk] рыбный_косяк(кирилл_2014)\TYqyIb6HaqM.jpg (b348ba75)
OK: P:\Photo\Из Сети\Ира\[vk] рыбный_косяк(кирилл_2014)\Tn19eMUIBPc.jpg
✅ CRC OK: P:\Photo\Из Сети\Ира\[vk] рыбный_косяк(кирилл_2014)\Tn19eMUIBPc.jpg (5f7753b7)
OK: P:\Photo\Из Сети\Ира\[vk] рыбный_косяк(кирилл_2014)\XAUG7ufkink.jpg
✅ CRC OK: P:\Photo\Из Сети\Ира\[vk] рыбный_косяк(кирилл_2014)\XAUG7ufkink.jpg (13076d35)
OK: P:\Photo\Из Сети\Ира\[vk] рыбный_косяк(кирилл_2014)\Y9ogC0T4_g4.jpg
✅ CRC OK: P:\Photo\Из Сети\Ира\[vk] рыбный_косяк(кирилл_2014)\Y9ogC0T4_g4.jpg (a4af3454)
OK: P:\Photo\Из Сети\Ира\[vk] рыбный_косяк(кирилл_2014)\ZGFCMlGZd5g.jpg
✅ CRC OK: P:\Photo\Из Сети\Ира\[vk] рыбный_косяк(кирилл_2014)\ZGFCMlGZd5g.jpg (9e352659)
OK: P:\Photo\Из Сети\Ира\[vk] рыбный_косяк(кирилл_2014)\_7tRKtLm8EQ.jpg
✅ CRC OK: P:\Photo\Из Сети\Ира\[vk] рыбный_косяк(кирилл_2014)\_7tRKtLm8EQ.jpg (29e4860e)
OK: P:\Photo\Из Сети\Ира\[vk] рыбный_косяк(кирилл_2014)\_fvGVzACIms.jpg
✅ CRC OK: P:\Photo\Из Сети\Ира\[vk] рыбный_косяк(кирилл_2014)\_fvGVzACIms.jpg (568fd93b)
OK: P:\Photo\Из Сети\Ира\[vk] рыбный_косяк(кирилл_2014)\_vXGoCPz35g.jpg
✅ CRC OK: P:\Photo\Из Сети\Ира\[vk] рыбный_косяк(кирилл_2014)\_vXGoCPz35g.jpg (09678213)
OK: P:\Photo\Из Сети\Ира\[vk] рыбный_косяк(кирилл_2014)\acn2nSltGdo.jpg
✅ CRC OK: P:\Photo\Из Сети\Ира\[vk] рыбный_косяк(кирилл_2014)\acn2nSltGdo.jpg (1120583c)
OK: P:\Photo\Из Сети\Ира\[vk] рыбный_косяк(кирилл_2014)\aynVYaMAGaE.jpg
✅ CRC OK: P:\Photo\Из Сети\Ира\[vk] рыбный_косяк(кирилл_2014)\aynVYaMAGaE.jpg (2834cb30)
OK: P:\Photo\Из Сети\Ира\[vk] рыбный_косяк(кирилл_2014)\b70EmuqcY-U.jpg
✅ CRC OK: P:\Photo\Из Сети\Ира\[vk] рыбный_косяк(кирилл_2014)\b70EmuqcY-U.jpg (283d91f0)
OK: P:\Photo\Из Сети\Ира\[vk] рыбный_косяк(кирилл_2014)\bdrbOehdomo.jpg
✅ CRC OK: P:\Photo\Из Сети\Ира\[vk] рыбный_косяк(кирилл_2014)\bdrbOehdomo.jpg (957e5b65)
OK: P:\Photo\Из Сети\Ира\[vk] рыбный_косяк(кирилл_2014)\eI1Opa2-RAU.jpg
✅ CRC OK: P:\Photo\Из Сети\Ира\[vk] рыбный_косяк(кирилл_2014)\eI1Opa2-RAU.jpg (4d2cfaec)
OK: P:\Photo\Из Сети\Ира\[vk] рыбный_косяк(кирилл_2014)\g7E0sqLiaX0.jpg
✅ CRC OK: P:\Photo\Из Сети\Ира\[vk] рыбный_косяк(кирилл_2014)\g7E0sqLiaX0.jpg (192164b4)
OK: P:\Photo\Из Сети\Ира\[vk] рыбный_косяк(кирилл_2014)\hDrAKhAGW-c.jpg
✅ CRC OK: P:\Photo\Из Сети\Ира\[vk] рыбный_косяк(кирилл_2014)\hDrAKhAGW-c.jpg (6d0bb643)
OK: P:\Photo\Из Сети\Ира\[vk] рыбный_косяк(кирилл_2014)\ilSFv2YDA8Y.jpg
✅ CRC OK: P:\Photo\Из Сети\Ира\[vk] рыбный_косяк(кирилл_2014)\ilSFv2YDA8Y.jpg (f34b92f4)
OK: P:\Photo\Из Сети\Ира\[vk] рыбный_косяк(кирилл_2014)\imSdLsuJGsM.jpg
✅ CRC OK: P:\Photo\Из Сети\Ира\[vk] рыбный_косяк(кирилл_2014)\imSdLsuJGsM.jpg (95732253)
OK: P:\Photo\Из Сети\Ира\[vk] рыбный_косяк(кирилл_2014)\j7Xk61t_0rM.jpg
✅ CRC OK: P:\Photo\Из Сети\Ира\[vk] рыбный_косяк(кирилл_2014)\j7Xk61t_0rM.jpg (fd641e55)
OK: P:\Photo\Из Сети\Ира\[vk] рыбный_косяк(кирилл_2014)\jXAsPzEJhwU.jpg
✅ CRC OK: P:\Photo\Из Сети\Ира\[vk] рыбный_косяк(кирилл_2014)\jXAsPzEJhwU.jpg (c05c685f)
OK: P:\Photo\Из Сети\Ира\[vk] рыбный_косяк(кирилл_2014)\k-fUM9PF39w.jpg
✅ CRC OK: P:\Photo\Из Сети\Ира\[vk] рыбный_косяк(кирилл_2014)\k-fUM9PF39w.jpg (e556b0f3)
OK: P:\Photo\Из Сети\Ира\[vk] рыбный_косяк(кирилл_2014)\lUZU4wwNjtE.jpg
✅ CRC OK: P:\Photo\Из Сети\Ира\[vk] рыбный_косяк(кирилл_2014)\lUZU4wwNjtE.jpg (36b1f734)
OK: P:\Photo\Из Сети\Ира\[vk] рыбный_косяк(кирилл_2014)\naCn4g2CnXE.jpg
✅ CRC OK: P:\Photo\Из Сети\Ира\[vk] рыбный_косяк(кирилл_2014)\naCn4g2CnXE.jpg (81981a5b)
OK: P:\Photo\Из Сети\Ира\[vk] рыбный_косяк(кирилл_2014)\o-54fTxnREM.jpg
✅ CRC OK: P:\Photo\Из Сети\Ира\[vk] рыбный_косяк(кирилл_2014)\o-54fTxnREM.jpg (6d6f92bf)
OK: P:\Photo\Из Сети\Ира\[vk] рыбный_косяк(кирилл_2014)\oeX67dLkgak.jpg
✅ CRC OK: P:\Photo\Из Сети\Ира\[vk] рыбный_косяк(кирилл_2014)\oeX67dLkgak.jpg (abda3841)
OK: P:\Photo\Из Сети\Ира\[vk] рыбный_косяк(кирилл_2014)\rVXq0BBQluE.jpg
✅ CRC OK: P:\Photo\Из Сети\Ира\[vk] рыбный_косяк(кирилл_2014)\rVXq0BBQluE.jpg (4be77e60)
OK: P:\Photo\Из Сети\Ира\[vk] рыбный_косяк(кирилл_2014)\rdp7ncTkWf0.jpg
✅ CRC OK: P:\Photo\Из Сети\Ира\[vk] рыбный_косяк(кирилл_2014)\rdp7ncTkWf0.jpg (c4081edf)
OK: P:\Photo\Из Сети\Ира\[vk] рыбный_косяк(кирилл_2014)\s0c3MmS1P1E.jpg
✅ CRC OK: P:\Photo\Из Сети\Ира\[vk] рыбный_косяк(кирилл_2014)\s0c3MmS1P1E.jpg (fea99ddf)
OK: P:\Photo\Из Сети\Ира\[vk] рыбный_косяк(кирилл_2014)\sXU2iyuqll4.jpg
✅ CRC OK: P:\Photo\Из Сети\Ира\[vk] рыбный_косяк(кирилл_2014)\sXU2iyuqll4.jpg (36599e5d)
OK: P:\Photo\Из Сети\Ира\[vk] рыбный_косяк(кирилл_2014)\tSfNP3-UVxk.jpg
✅ CRC OK: P:\Photo\Из Сети\Ира\[vk] рыбный_косяк(кирилл_2014)\tSfNP3-UVxk.jpg (44ed0415)
OK: P:\Photo\Из Сети\Ира\[vk] рыбный_косяк(кирилл_2014)\tU9ou5Bnn9s.jpg
✅ CRC OK: P:\Photo\Из Сети\Ира\[vk] рыбный_косяк(кирилл_2014)\tU9ou5Bnn9s.jpg (c8cf8ca0)
OK: P:\Photo\Из Сети\Ира\[vk] рыбный_косяк(кирилл_2014)\uZoz1zJqwOU.jpg
✅ CRC OK: P:\Photo\Из Сети\Ира\[vk] рыбный_косяк(кирилл_2014)\uZoz1zJqwOU.jpg (8939da13)
OK: P:\Photo\Из Сети\Ира\[vk] рыбный_косяк(кирилл_2014)\vJhT1OQW0Bg.jpg
✅ CRC OK: P:\Photo\Из Сети\Ира\[vk] рыбный_косяк(кирилл_2014)\vJhT1OQW0Bg.jpg (b2eb84d9)
OK: P:\Photo\Из Сети\Ира\[vk] рыбный_косяк(кирилл_2014)\vfarSOw1keg.jpg
✅ CRC OK: P:\Photo\Из Сети\Ира\[vk] рыбный_косяк(кирилл_2014)\vfarSOw1keg.jpg (7acd4368)
OK: P:\Photo\Из Сети\Ира\[vk] рыбный_косяк(кирилл_2014)\vvAm8Xrf7D0.jpg
✅ CRC OK: P:\Photo\Из Сети\Ира\[vk] рыбный_косяк(кирилл_2014)\vvAm8Xrf7D0.jpg (c5d9f0d2)
OK: P:\Photo\Из Сети\Ира\[vk] рыбный_косяк(кирилл_2014)\wtBeKpXD3vI.jpg
✅ CRC OK: P:\Photo\Из Сети\Ира\[vk] рыбный_косяк(кирилл_2014)\wtBeKpXD3vI.jpg (a753d9ff)
OK: P:\Photo\Из Сети\Ира\[vk] рыбный_косяк(кирилл_2014)\z1fdyZPobPU.jpg
✅ CRC OK: P:\Photo\Из Сети\Ира\[vk] рыбный_косяк(кирилл_2014)\z1fdyZPobPU.jpg (c4d16cf4)
OK: P:\Photo\Из Сети\Ира\[vk] рыбный_косяк(кирилл_2014)\z2FlZnwx0qc.jpg
✅ CRC OK: P:\Photo\Из Сети\Ира\[vk] рыбный_косяк(кирилл_2014)\z2FlZnwx0qc.jpg (0b9f50ca)
OK: P:\Photo\Из Сети\Ира\[vk] рыбный_косяк(кирилл_2014)\zmogxBix69I.jpg
✅ CRC OK: P:\Photo\Из Сети\Ира\[vk] рыбный_косяк(кирилл_2014)\zmogxBix69I.jpg (43d75a6e)
OK: P:\Photo\Из Сети\Ира\[vk] фео_2011
OK: P:\Photo\Из Сети\Ира\[vk] фео_2011\y_081d8b7e.jpg
✅ CRC OK: P:\Photo\Из Сети\Ира\[vk] фео_2011\y_081d8b7e.jpg (9533eb62)
OK: P:\Photo\Из Сети\Ира\[vk] фео_2011\y_159cc0fd.jpg
✅ CRC OK: P:\Photo\Из Сети\Ира\[vk] фео_2011\y_159cc0fd.jpg (0f685d0e)
OK: P:\Photo\Из Сети\Ира\[vk] фео_2011\y_3578bafb.jpg
✅ CRC OK: P:\Photo\Из Сети\Ира\[vk] фео_2011\y_3578bafb.jpg (9d9de680)
OK: P:\Photo\Из Сети\Ира\[vk] фео_2011\y_3792540a.jpg
✅ CRC OK: P:\Photo\Из Сети\Ира\[vk] фео_2011\y_3792540a.jpg (20403fcc)
OK: P:\Photo\Из Сети\Ира\[vk] фео_2011\y_3d0f1083.jpg
✅ CRC OK: P:\Photo\Из Сети\Ира\[vk] фео_2011\y_3d0f1083.jpg (b709de46)
OK: P:\Photo\Из Сети\Ира\[vk] фео_2011\y_3e7dcc3f.jpg
✅ CRC OK: P:\Photo\Из Сети\Ира\[vk] фео_2011\y_3e7dcc3f.jpg (d8bcfe95)
OK: P:\Photo\Из Сети\Ира\[vk] фео_2011\y_524454e9.jpg
✅ CRC OK: P:\Photo\Из Сети\Ира\[vk] фео_2011\y_524454e9.jpg (731a6181)
OK: P:\Photo\Из Сети\Ира\[vk] фео_2011\y_53aa0f50.jpg
✅ CRC OK: P:\Photo\Из Сети\Ира\[vk] фео_2011\y_53aa0f50.jpg (98a46c0f)
OK: P:\Photo\Из Сети\Ира\[vk] фео_2011\y_54af39c8.jpg
✅ CRC OK: P:\Photo\Из Сети\Ира\[vk] фео_2011\y_54af39c8.jpg (ea90b00a)
OK: P:\Photo\Из Сети\Ира\[vk] фео_2011\y_737bc612.jpg
✅ CRC OK: P:\Photo\Из Сети\Ира\[vk] фео_2011\y_737bc612.jpg (fc7f8519)
OK: P:\Photo\Из Сети\Ира\[vk] фео_2011\y_75569877.jpg
✅ CRC OK: P:\Photo\Из Сети\Ира\[vk] фео_2011\y_75569877.jpg (20a22f41)
OK: P:\Photo\Из Сети\Ира\[vk] фео_2011\y_8346bb50.jpg
✅ CRC OK: P:\Photo\Из Сети\Ира\[vk] фео_2011\y_8346bb50.jpg (b683e5c1)
OK: P:\Photo\Из Сети\Ира\[vk] фео_2011\y_9163d1f3.jpg
✅ CRC OK: P:\Photo\Из Сети\Ира\[vk] фео_2011\y_9163d1f3.jpg (34bd04a3)
OK: P:\Photo\Из Сети\Ира\[vk] фео_2011\y_9c781d46.jpg
✅ CRC OK: P:\Photo\Из Сети\Ира\[vk] фео_2011\y_9c781d46.jpg (48afb8e1)
OK: P:\Photo\Из Сети\Ира\[vk] фео_2011\y_ba11e0fc.jpg
✅ CRC OK: P:\Photo\Из Сети\Ира\[vk] фео_2011\y_ba11e0fc.jpg (f8808aa9)
OK: P:\Photo\Из Сети\Ира\[vk] фео_2011\y_bd1c29ea.jpg
✅ CRC OK: P:\Photo\Из Сети\Ира\[vk] фео_2011\y_bd1c29ea.jpg (7eed608e)
OK: P:\Photo\Из Сети\Ира\[vk] фео_2011\y_c60923f5.jpg
✅ CRC OK: P:\Photo\Из Сети\Ира\[vk] фео_2011\y_c60923f5.jpg (cf3f3f2e)
OK: P:\Photo\Из Сети\Ира\[vk] фео_2011\y_d3299897.jpg
✅ CRC OK: P:\Photo\Из Сети\Ира\[vk] фео_2011\y_d3299897.jpg (97964cd5)
OK: P:\Photo\Из Сети\Ира\[vk] фео_2011\y_e644e8c8.jpg
✅ CRC OK: P:\Photo\Из Сети\Ира\[vk] фео_2011\y_e644e8c8.jpg (e8e58ae0)
OK: P:\Photo\Из Сети\Ира\[vk] фео_2011\y_ee5b1cf8.jpg
✅ CRC OK: P:\Photo\Из Сети\Ира\[vk] фео_2011\y_ee5b1cf8.jpg (d1784d48)
OK: P:\Photo\Из Сети\Ира\[vk] фео_2011\y_fe4c26c6.jpg
✅ CRC OK: P:\Photo\Из Сети\Ира\[vk] фео_2011\y_fe4c26c6.jpg (087e50e0)
OK: P:\Photo\Из Сети\Ира\[vk] фео_2011\y_fe9e6502.jpg
✅ CRC OK: P:\Photo\Из Сети\Ира\[vk] фео_2011\y_fe9e6502.jpg (d50f5dd9)
OK: P:\Photo\Из Сети\Ира\[vk] экопарк
OK: P:\Photo\Из Сети\Ира\[vk] экопарк\-Jb1lT41uU4.jpg
✅ CRC OK: P:\Photo\Из Сети\Ира\[vk] экопарк\-Jb1lT41uU4.jpg (0146837e)
OK: P:\Photo\Из Сети\Ира\[vk] экопарк\-PUPCTKMHzs.jpg
✅ CRC OK: P:\Photo\Из Сети\Ира\[vk] экопарк\-PUPCTKMHzs.jpg (947d127f)
OK: P:\Photo\Из Сети\Ира\[vk] экопарк\-XTPBoqdL2A.jpg
✅ CRC OK: P:\Photo\Из Сети\Ира\[vk] экопарк\-XTPBoqdL2A.jpg (421cabfc)
OK: P:\Photo\Из Сети\Ира\[vk] экопарк\19d-f9gbHQo.jpg
✅ CRC OK: P:\Photo\Из Сети\Ира\[vk] экопарк\19d-f9gbHQo.jpg (33708d86)
OK: P:\Photo\Из Сети\Ира\[vk] экопарк\2FfoLyqO5Qs.jpg
✅ CRC OK: P:\Photo\Из Сети\Ира\[vk] экопарк\2FfoLyqO5Qs.jpg (903f8316)
OK: P:\Photo\Из Сети\Ира\[vk] экопарк\2U7HfIevCx4.jpg
✅ CRC OK: P:\Photo\Из Сети\Ира\[vk] экопарк\2U7HfIevCx4.jpg (a56c565c)
OK: P:\Photo\Из Сети\Ира\[vk] экопарк\441BSNTkicg.jpg
✅ CRC OK: P:\Photo\Из Сети\Ира\[vk] экопарк\441BSNTkicg.jpg (efaaac5c)
OK: P:\Photo\Из Сети\Ира\[vk] экопарк\4iRiRK46NKk.jpg
✅ CRC OK: P:\Photo\Из Сети\Ира\[vk] экопарк\4iRiRK46NKk.jpg (b953e190)
OK: P:\Photo\Из Сети\Ира\[vk] экопарк\4qO81kR1AGQ.jpg
✅ CRC OK: P:\Photo\Из Сети\Ира\[vk] экопарк\4qO81kR1AGQ.jpg (90587873)
OK: P:\Photo\Из Сети\Ира\[vk] экопарк\4vRa6VumRLA.jpg
✅ CRC OK: P:\Photo\Из Сети\Ира\[vk] экопарк\4vRa6VumRLA.jpg (308c6d71)
OK: P:\Photo\Из Сети\Ира\[vk] экопарк\4z59nFNx-aQ.jpg
✅ CRC OK: P:\Photo\Из Сети\Ира\[vk] экопарк\4z59nFNx-aQ.jpg (239ae50c)
OK: P:\Photo\Из Сети\Ира\[vk] экопарк\5czlgfayBig.jpg
✅ CRC OK: P:\Photo\Из Сети\Ира\[vk] экопарк\5czlgfayBig.jpg (d74153b8)
OK: P:\Photo\Из Сети\Ира\[vk] экопарк\5eAw61LYIds.jpg
✅ CRC OK: P:\Photo\Из Сети\Ира\[vk] экопарк\5eAw61LYIds.jpg (be0e161b)
OK: P:\Photo\Из Сети\Ира\[vk] экопарк\6Fh5aKOgBNg.jpg
✅ CRC OK: P:\Photo\Из Сети\Ира\[vk] экопарк\6Fh5aKOgBNg.jpg (b8d34b9b)
OK: P:\Photo\Из Сети\Ира\[vk] экопарк\6PuSvtZSSOk.jpg
✅ CRC OK: P:\Photo\Из Сети\Ира\[vk] экопарк\6PuSvtZSSOk.jpg (cba41e18)
OK: P:\Photo\Из Сети\Ира\[vk] экопарк\6uZE59_U1Go.jpg
✅ CRC OK: P:\Photo\Из Сети\Ира\[vk] экопарк\6uZE59_U1Go.jpg (749626df)
OK: P:\Photo\Из Сети\Ира\[vk] экопарк\6wGXMuPXOSU.jpg
✅ CRC OK: P:\Photo\Из Сети\Ира\[vk] экопарк\6wGXMuPXOSU.jpg (aaff19b1)
OK: P:\Photo\Из Сети\Ира\[vk] экопарк\7pcUgC1zAAw.jpg
✅ CRC OK: P:\Photo\Из Сети\Ира\[vk] экопарк\7pcUgC1zAAw.jpg (8b6b83eb)
OK: P:\Photo\Из Сети\Ира\[vk] экопарк\9Yz5_aMuVfI.jpg
✅ CRC OK: P:\Photo\Из Сети\Ира\[vk] экопарк\9Yz5_aMuVfI.jpg (092efb30)
OK: P:\Photo\Из Сети\Ира\[vk] экопарк\9gK5F-aLEFo.jpg
✅ CRC OK: P:\Photo\Из Сети\Ира\[vk] экопарк\9gK5F-aLEFo.jpg (9a2d0b5a)
OK: P:\Photo\Из Сети\Ира\[vk] экопарк\BasfosB9eeE.jpg
✅ CRC OK: P:\Photo\Из Сети\Ира\[vk] экопарк\BasfosB9eeE.jpg (0362b4fe)
OK: P:\Photo\Из Сети\Ира\[vk] экопарк\C1Wgf3b6Yho.jpg
✅ CRC OK: P:\Photo\Из Сети\Ира\[vk] экопарк\C1Wgf3b6Yho.jpg (35d1782d)
OK: P:\Photo\Из Сети\Ира\[vk] экопарк\ChF9X4fI9Lk.jpg
✅ CRC OK: P:\Photo\Из Сети\Ира\[vk] экопарк\ChF9X4fI9Lk.jpg (53b85ed8)
OK: P:\Photo\Из Сети\Ира\[vk] экопарк\DOPWF4ASBKc.jpg
✅ CRC OK: P:\Photo\Из Сети\Ира\[vk] экопарк\DOPWF4ASBKc.jpg (89710d7f)
OK: P:\Photo\Из Сети\Ира\[vk] экопарк\GgOtJrXrllY.jpg
✅ CRC OK: P:\Photo\Из Сети\Ира\[vk] экопарк\GgOtJrXrllY.jpg (c19f83b9)
OK: P:\Photo\Из Сети\Ира\[vk] экопарк\GtJtGaLlBJw.jpg
✅ CRC OK: P:\Photo\Из Сети\Ира\[vk] экопарк\GtJtGaLlBJw.jpg (3edaecca)
OK: P:\Photo\Из Сети\Ира\[vk] экопарк\IfesbxxUfrE.jpg
✅ CRC OK: P:\Photo\Из Сети\Ира\[vk] экопарк\IfesbxxUfrE.jpg (256ab094)
OK: P:\Photo\Из Сети\Ира\[vk] экопарк\JkO1fj1BOVA.jpg
✅ CRC OK: P:\Photo\Из Сети\Ира\[vk] экопарк\JkO1fj1BOVA.jpg (a6f3cbed)
OK: P:\Photo\Из Сети\Ира\[vk] экопарк\K54s_X-Nl68.jpg
✅ CRC OK: P:\Photo\Из Сети\Ира\[vk] экопарк\K54s_X-Nl68.jpg (435a1d08)
OK: P:\Photo\Из Сети\Ира\[vk] экопарк\KaigNbZgjdg.jpg
✅ CRC OK: P:\Photo\Из Сети\Ира\[vk] экопарк\KaigNbZgjdg.jpg (c7b21a90)
OK: P:\Photo\Из Сети\Ира\[vk] экопарк\LQxZHnVKnnE.jpg
✅ CRC OK: P:\Photo\Из Сети\Ира\[vk] экопарк\LQxZHnVKnnE.jpg (1db04391)
OK: P:\Photo\Из Сети\Ира\[vk] экопарк\MkC-MvH16iQ.jpg
✅ CRC OK: P:\Photo\Из Сети\Ира\[vk] экопарк\MkC-MvH16iQ.jpg (62385bff)
OK: P:\Photo\Из Сети\Ира\[vk] экопарк\N_gVxLiXLn4.jpg
✅ CRC OK: P:\Photo\Из Сети\Ира\[vk] экопарк\N_gVxLiXLn4.jpg (c86d69d0)
OK: P:\Photo\Из Сети\Ира\[vk] экопарк\NhpyDeTcQ4o.jpg
✅ CRC OK: P:\Photo\Из Сети\Ира\[vk] экопарк\NhpyDeTcQ4o.jpg (3d8ca1e1)
OK: P:\Photo\Из Сети\Ира\[vk] экопарк\NhxaDFPG-24.jpg
✅ CRC OK: P:\Photo\Из Сети\Ира\[vk] экопарк\NhxaDFPG-24.jpg (e8f6a2ee)
OK: P:\Photo\Из Сети\Ира\[vk] экопарк\NsA3chdv0t4.jpg
✅ CRC OK: P:\Photo\Из Сети\Ира\[vk] экопарк\NsA3chdv0t4.jpg (af8105eb)
OK: P:\Photo\Из Сети\Ира\[vk] экопарк\NwdsgsFj46g.jpg
✅ CRC OK: P:\Photo\Из Сети\Ира\[vk] экопарк\NwdsgsFj46g.jpg (9b953ce2)
OK: P:\Photo\Из Сети\Ира\[vk] экопарк\OHvOfQEZkSU.jpg
✅ CRC OK: P:\Photo\Из Сети\Ира\[vk] экопарк\OHvOfQEZkSU.jpg (1d4967ca)
OK: P:\Photo\Из Сети\Ира\[vk] экопарк\OOKyVC2F9hY.jpg
✅ CRC OK: P:\Photo\Из Сети\Ира\[vk] экопарк\OOKyVC2F9hY.jpg (9bf80b6e)
OK: P:\Photo\Из Сети\Ира\[vk] экопарк\Q-KB9X7oUf8.jpg
✅ CRC OK: P:\Photo\Из Сети\Ира\[vk] экопарк\Q-KB9X7oUf8.jpg (2a8a29a4)
OK: P:\Photo\Из Сети\Ира\[vk] экопарк\QHPhBoGIr4A.jpg
✅ CRC OK: P:\Photo\Из Сети\Ира\[vk] экопарк\QHPhBoGIr4A.jpg (be78309e)
OK: P:\Photo\Из Сети\Ира\[vk] экопарк\Q_HeAt8-s4s.jpg
✅ CRC OK: P:\Photo\Из Сети\Ира\[vk] экопарк\Q_HeAt8-s4s.jpg (7e10e3d0)
OK: P:\Photo\Из Сети\Ира\[vk] экопарк\R0_mriLn72g.jpg
✅ CRC OK: P:\Photo\Из Сети\Ира\[vk] экопарк\R0_mriLn72g.jpg (4801abce)
OK: P:\Photo\Из Сети\Ира\[vk] экопарк\RnoVVkEFguw.jpg
✅ CRC OK: P:\Photo\Из Сети\Ира\[vk] экопарк\RnoVVkEFguw.jpg (42452485)
OK: P:\Photo\Из Сети\Ира\[vk] экопарк\RraiiS9_7HQ.jpg
✅ CRC OK: P:\Photo\Из Сети\Ира\[vk] экопарк\RraiiS9_7HQ.jpg (0a309e02)
OK: P:\Photo\Из Сети\Ира\[vk] экопарк\ScMKDv674RE.jpg
✅ CRC OK: P:\Photo\Из Сети\Ира\[vk] экопарк\ScMKDv674RE.jpg (059899f2)
OK: P:\Photo\Из Сети\Ира\[vk] экопарк\T8lS3UbKrbQ.jpg
✅ CRC OK: P:\Photo\Из Сети\Ира\[vk] экопарк\T8lS3UbKrbQ.jpg (b9c1bbb9)
OK: P:\Photo\Из Сети\Ира\[vk] экопарк\TJaVfBo0A0Y.jpg
✅ CRC OK: P:\Photo\Из Сети\Ира\[vk] экопарк\TJaVfBo0A0Y.jpg (26323099)
OK: P:\Photo\Из Сети\Ира\[vk] экопарк\UIFB8wdsq-g.jpg
✅ CRC OK: P:\Photo\Из Сети\Ира\[vk] экопарк\UIFB8wdsq-g.jpg (614ece1f)
OK: P:\Photo\Из Сети\Ира\[vk] экопарк\W7PmGACC0jg.jpg
✅ CRC OK: P:\Photo\Из Сети\Ира\[vk] экопарк\W7PmGACC0jg.jpg (803d6cda)
OK: P:\Photo\Из Сети\Ира\[vk] экопарк\WD1KnSZ1rRA.jpg
✅ CRC OK: P:\Photo\Из Сети\Ира\[vk] экопарк\WD1KnSZ1rRA.jpg (4eb9aade)
OK: P:\Photo\Из Сети\Ира\[vk] экопарк\WQzui2alrtw.jpg
✅ CRC OK: P:\Photo\Из Сети\Ира\[vk] экопарк\WQzui2alrtw.jpg (a2c904cb)
OK: P:\Photo\Из Сети\Ира\[vk] экопарк\Wb-Eycn2LOw.jpg
✅ CRC OK: P:\Photo\Из Сети\Ира\[vk] экопарк\Wb-Eycn2LOw.jpg (57f9964d)
OK: P:\Photo\Из Сети\Ира\[vk] экопарк\XXC4V_ia7XY.jpg
✅ CRC OK: P:\Photo\Из Сети\Ира\[vk] экопарк\XXC4V_ia7XY.jpg (f5b91f4b)
OK: P:\Photo\Из Сети\Ира\[vk] экопарк\Z0Xr5mTAfxQ.jpg
✅ CRC OK: P:\Photo\Из Сети\Ира\[vk] экопарк\Z0Xr5mTAfxQ.jpg (46ed37a5)
OK: P:\Photo\Из Сети\Ира\[vk] экопарк\Zg4BfTXA9kc.jpg
✅ CRC OK: P:\Photo\Из Сети\Ира\[vk] экопарк\Zg4BfTXA9kc.jpg (e5440781)
OK: P:\Photo\Из Сети\Ира\[vk] экопарк\eIPV3YV9TOk.jpg
✅ CRC OK: P:\Photo\Из Сети\Ира\[vk] экопарк\eIPV3YV9TOk.jpg (a67a22c3)
OK: P:\Photo\Из Сети\Ира\[vk] экопарк\f-VPulXtlH4.jpg
✅ CRC OK: P:\Photo\Из Сети\Ира\[vk] экопарк\f-VPulXtlH4.jpg (e43fb5e5)
OK: P:\Photo\Из Сети\Ира\[vk] экопарк\f0r_fzG258Y.jpg
✅ CRC OK: P:\Photo\Из Сети\Ира\[vk] экопарк\f0r_fzG258Y.jpg (82325adb)
OK: P:\Photo\Из Сети\Ира\[vk] экопарк\fOU7wtOnOkY.jpg
✅ CRC OK: P:\Photo\Из Сети\Ира\[vk] экопарк\fOU7wtOnOkY.jpg (61e3ac76)
OK: P:\Photo\Из Сети\Ира\[vk] экопарк\g0ZIc1sW6Bo.jpg
✅ CRC OK: P:\Photo\Из Сети\Ира\[vk] экопарк\g0ZIc1sW6Bo.jpg (55fcd5b8)
OK: P:\Photo\Из Сети\Ира\[vk] экопарк\gJ3vOKjUvmI.jpg
✅ CRC OK: P:\Photo\Из Сети\Ира\[vk] экопарк\gJ3vOKjUvmI.jpg (aa250c23)
OK: P:\Photo\Из Сети\Ира\[vk] экопарк\gNlDPMVY6Do.jpg
✅ CRC OK: P:\Photo\Из Сети\Ира\[vk] экопарк\gNlDPMVY6Do.jpg (e6564cc2)
OK: P:\Photo\Из Сети\Ира\[vk] экопарк\gsXzfunAHkk.jpg
✅ CRC OK: P:\Photo\Из Сети\Ира\[vk] экопарк\gsXzfunAHkk.jpg (a2d11520)
OK: P:\Photo\Из Сети\Ира\[vk] экопарк\hrWsENWT080.jpg
✅ CRC OK: P:\Photo\Из Сети\Ира\[vk] экопарк\hrWsENWT080.jpg (0edf03f8)
OK: P:\Photo\Из Сети\Ира\[vk] экопарк\il6A_452PXY.jpg
✅ CRC OK: P:\Photo\Из Сети\Ира\[vk] экопарк\il6A_452PXY.jpg (c9312e8f)
OK: P:\Photo\Из Сети\Ира\[vk] экопарк\kyu8vIPo5O8.jpg
✅ CRC OK: P:\Photo\Из Сети\Ира\[vk] экопарк\kyu8vIPo5O8.jpg (63c0c5d5)
OK: P:\Photo\Из Сети\Ира\[vk] экопарк\oMr4_-XWL-E.jpg
✅ CRC OK: P:\Photo\Из Сети\Ира\[vk] экопарк\oMr4_-XWL-E.jpg (9214cfc6)
OK: P:\Photo\Из Сети\Ира\[vk] экопарк\oNj3FQADUy8.jpg
✅ CRC OK: P:\Photo\Из Сети\Ира\[vk] экопарк\oNj3FQADUy8.jpg (b5e03011)
OK: P:\Photo\Из Сети\Ира\[vk] экопарк\oXP4de-ME1g.jpg
✅ CRC OK: P:\Photo\Из Сети\Ира\[vk] экопарк\oXP4de-ME1g.jpg (11ab93ef)
OK: P:\Photo\Из Сети\Ира\[vk] экопарк\qRZEpRDNxSw.jpg
✅ CRC OK: P:\Photo\Из Сети\Ира\[vk] экопарк\qRZEpRDNxSw.jpg (cbae65d8)
OK: P:\Photo\Из Сети\Ира\[vk] экопарк\qg21dMBaZ4o.jpg
✅ CRC OK: P:\Photo\Из Сети\Ира\[vk] экопарк\qg21dMBaZ4o.jpg (8db5ef8b)
OK: P:\Photo\Из Сети\Ира\[vk] экопарк\qoEq4MXauB8.jpg
✅ CRC OK: P:\Photo\Из Сети\Ира\[vk] экопарк\qoEq4MXauB8.jpg (d9d04389)
OK: P:\Photo\Из Сети\Ира\[vk] экопарк\r633pqOm3Gw.jpg
✅ CRC OK: P:\Photo\Из Сети\Ира\[vk] экопарк\r633pqOm3Gw.jpg (54cd55de)
OK: P:\Photo\Из Сети\Ира\[vk] экопарк\rZQ0b1BjS1I.jpg
✅ CRC OK: P:\Photo\Из Сети\Ира\[vk] экопарк\rZQ0b1BjS1I.jpg (b89f83d0)
OK: P:\Photo\Из Сети\Ира\[vk] экопарк\ttB1hP-CfVM.jpg
✅ CRC OK: P:\Photo\Из Сети\Ира\[vk] экопарк\ttB1hP-CfVM.jpg (1814cb4f)
OK: P:\Photo\Из Сети\Ира\[vk] экопарк\tyzbKh99HIQ.jpg
✅ CRC OK: P:\Photo\Из Сети\Ира\[vk] экопарк\tyzbKh99HIQ.jpg (d86b8ff6)
OK: P:\Photo\Из Сети\Ира\[vk] экопарк\vh692uvE62w.jpg
✅ CRC OK: P:\Photo\Из Сети\Ира\[vk] экопарк\vh692uvE62w.jpg (7ff24a26)
OK: P:\Photo\Из Сети\Ира\[vk] экопарк\w8jqga-YPuQ.jpg
✅ CRC OK: P:\Photo\Из Сети\Ира\[vk] экопарк\w8jqga-YPuQ.jpg (9038fa86)
OK: P:\Photo\Из Сети\Ира\[vk] экопарк\wNUpc44x9yg.jpg
✅ CRC OK: P:\Photo\Из Сети\Ира\[vk] экопарк\wNUpc44x9yg.jpg (68157238)
OK: P:\Photo\Из Сети\Ира\[vk] экопарк\wrCraQH6FnY.jpg
✅ CRC OK: P:\Photo\Из Сети\Ира\[vk] экопарк\wrCraQH6FnY.jpg (dfcdcd4e)
OK: P:\Photo\Из Сети\Ира\[vk] экопарк\yB_ZG-o10U0.jpg
✅ CRC OK: P:\Photo\Из Сети\Ира\[vk] экопарк\yB_ZG-o10U0.jpg (06e0b49f)
OK: P:\Photo\Из Сети\Ира\[vk] экопарк\yO2SMx1_7u4.jpg
✅ CRC OK: P:\Photo\Из Сети\Ира\[vk] экопарк\yO2SMx1_7u4.jpg (4b35d5f7)
OK: P:\Photo\Из Сети\Ира\[vk] экопарк\yWrA6J3H4kI.jpg
✅ CRC OK: P:\Photo\Из Сети\Ира\[vk] экопарк\yWrA6J3H4kI.jpg (2a57f58e)
OK: P:\Photo\Из Сети\Ира\[vk] экопарк\yi0HFX1dWr4.jpg
✅ CRC OK: P:\Photo\Из Сети\Ира\[vk] экопарк\yi0HFX1dWr4.jpg (7148d8e1)
OK: P:\Photo\Из Сети\Ира\[vk] экопарк\ytN_yrrvA-A.jpg
✅ CRC OK: P:\Photo\Из Сети\Ира\[vk] экопарк\ytN_yrrvA-A.jpg (903f2fde)
OK: P:\Photo\Из Сети\Ира\di4XJR1fMsE.jpg
✅ CRC OK: P:\Photo\Из Сети\Ира\di4XJR1fMsE.jpg (7d68f7f9)
OK: P:\Photo\Из Сети\Ира\duRkjLTWRpQ.jpg
✅ CRC OK: P:\Photo\Из Сети\Ира\duRkjLTWRpQ.jpg (676a233a)
OK: P:\Photo\Из Сети\Ира\ebc23fCvXFc.jpg
✅ CRC OK: P:\Photo\Из Сети\Ира\ebc23fCvXFc.jpg (13788efd)
OK: P:\Photo\Из Сети\Ира\edkGmHbDX28.jpg
✅ CRC OK: P:\Photo\Из Сети\Ира\edkGmHbDX28.jpg (a5f61e5b)
OK: P:\Photo\Из Сети\Ира\g8RTj4xoTfs.jpg
✅ CRC OK: P:\Photo\Из Сети\Ира\g8RTj4xoTfs.jpg (54b06765)
OK: P:\Photo\Из Сети\Ира\jVsk3j11DZc.jpg
✅ CRC OK: P:\Photo\Из Сети\Ира\jVsk3j11DZc.jpg (c4c5104c)
OK: P:\Photo\Из Сети\Ира\lFIlYAfhAH8.jpg
✅ CRC OK: P:\Photo\Из Сети\Ира\lFIlYAfhAH8.jpg (b94d95c0)
OK: P:\Photo\Из Сети\Ира\lNXf21HEotk.jpg
✅ CRC OK: P:\Photo\Из Сети\Ира\lNXf21HEotk.jpg (fd2ee457)
OK: P:\Photo\Из Сети\Ира\onNHMkYs__Q.jpg
✅ CRC OK: P:\Photo\Из Сети\Ира\onNHMkYs__Q.jpg (18a541d4)
OK: P:\Photo\Из Сети\Ира\rtret
OK: P:\Photo\Из Сети\Ира\rtret\pdvd_000.bmp
✅ CRC OK: P:\Photo\Из Сети\Ира\rtret\pdvd_000.bmp (cab30dfa)
OK: P:\Photo\Из Сети\Ира\rtret\pdvd_001.bmp
✅ CRC OK: P:\Photo\Из Сети\Ира\rtret\pdvd_001.bmp (2d2cb7af)
OK: P:\Photo\Из Сети\Ира\rtret\pdvd_002.bmp
✅ CRC OK: P:\Photo\Из Сети\Ира\rtret\pdvd_002.bmp (eb7c0927)
OK: P:\Photo\Из Сети\Ира\rtret\pdvd_003.bmp
✅ CRC OK: P:\Photo\Из Сети\Ира\rtret\pdvd_003.bmp (d6cc11c1)
OK: P:\Photo\Из Сети\Ира\rtret\pdvd_004.bmp
✅ CRC OK: P:\Photo\Из Сети\Ира\rtret\pdvd_004.bmp (0c3379d1)
OK: P:\Photo\Из Сети\Ира\rtret\pdvd_005.bmp
✅ CRC OK: P:\Photo\Из Сети\Ира\rtret\pdvd_005.bmp (6b4d63c8)
OK: P:\Photo\Из Сети\Ира\rtret\pdvd_006.bmp
✅ CRC OK: P:\Photo\Из Сети\Ира\rtret\pdvd_006.bmp (50535099)
OK: P:\Photo\Из Сети\Ира\rtret\pdvd_007.bmp
✅ CRC OK: P:\Photo\Из Сети\Ира\rtret\pdvd_007.bmp (dc810ee9)
OK: P:\Photo\Из Сети\Ира\rtret\pdvd_008.bmp
✅ CRC OK: P:\Photo\Из Сети\Ира\rtret\pdvd_008.bmp (fc6f207e)
OK: P:\Photo\Из Сети\Ира\rtret\pdvd_009.bmp
✅ CRC OK: P:\Photo\Из Сети\Ира\rtret\pdvd_009.bmp (f76f115f)
OK: P:\Photo\Из Сети\Ира\rtret\pdvd_010.bmp
✅ CRC OK: P:\Photo\Из Сети\Ира\rtret\pdvd_010.bmp (770cfb17)
OK: P:\Photo\Из Сети\Ира\rtret\pdvd_011.bmp
✅ CRC OK: P:\Photo\Из Сети\Ира\rtret\pdvd_011.bmp (b8033f8e)
OK: P:\Photo\Из Сети\Ира\rtret\pdvd_012.bmp
✅ CRC OK: P:\Photo\Из Сети\Ира\rtret\pdvd_012.bmp (564d60d2)
OK: P:\Photo\Из Сети\Ира\rtret\pdvd_013.bmp
✅ CRC OK: P:\Photo\Из Сети\Ира\rtret\pdvd_013.bmp (e6ddab6f)
OK: P:\Photo\Из Сети\Ира\rtret\pdvd_014.bmp
✅ CRC OK: P:\Photo\Из Сети\Ира\rtret\pdvd_014.bmp (231f7287)
OK: P:\Photo\Из Сети\Ира\rtret\pdvd_015.bmp
✅ CRC OK: P:\Photo\Из Сети\Ира\rtret\pdvd_015.bmp (2163a673)
OK: P:\Photo\Из Сети\Ира\rtret\pdvd_016.bmp
✅ CRC OK: P:\Photo\Из Сети\Ира\rtret\pdvd_016.bmp (53916beb)
OK: P:\Photo\Из Сети\Ира\rtret\pdvd_017.bmp
✅ CRC OK: P:\Photo\Из Сети\Ира\rtret\pdvd_017.bmp (86e2de52)
OK: P:\Photo\Из Сети\Ира\rtret\pdvd_018.bmp
✅ CRC OK: P:\Photo\Из Сети\Ира\rtret\pdvd_018.bmp (65535b38)
OK: P:\Photo\Из Сети\Ира\rtret\pdvd_019.bmp
✅ CRC OK: P:\Photo\Из Сети\Ира\rtret\pdvd_019.bmp (f44e956c)
OK: P:\Photo\Из Сети\Ира\rtret\pdvd_020.bmp
✅ CRC OK: P:\Photo\Из Сети\Ира\rtret\pdvd_020.bmp (c626bc92)
OK: P:\Photo\Из Сети\Ира\rtret\pdvd_021.bmp
✅ CRC OK: P:\Photo\Из Сети\Ира\rtret\pdvd_021.bmp (b110fc25)
OK: P:\Photo\Из Сети\Ира\rtret\pdvd_022.bmp
✅ CRC OK: P:\Photo\Из Сети\Ира\rtret\pdvd_022.bmp (56412bd3)
OK: P:\Photo\Из Сети\Ира\rtret\pdvd_024.bmp
✅ CRC OK: P:\Photo\Из Сети\Ира\rtret\pdvd_024.bmp (c833c7d6)
OK: P:\Photo\Из Сети\Ира\rtret\pdvd_025.bmp
✅ CRC OK: P:\Photo\Из Сети\Ира\rtret\pdvd_025.bmp (02905c52)
OK: P:\Photo\Из Сети\Ира\rtret\pdvd_026.bmp
✅ CRC OK: P:\Photo\Из Сети\Ира\rtret\pdvd_026.bmp (8e267cfa)
OK: P:\Photo\Из Сети\Ира\rtret\pdvd_027.bmp
✅ CRC OK: P:\Photo\Из Сети\Ира\rtret\pdvd_027.bmp (1404f3ac)
OK: P:\Photo\Из Сети\Ира\rtret\pdvd_028.bmp
✅ CRC OK: P:\Photo\Из Сети\Ира\rtret\pdvd_028.bmp (3752e46b)
OK: P:\Photo\Из Сети\Ира\rtret\pdvd_029.bmp
✅ CRC OK: P:\Photo\Из Сети\Ира\rtret\pdvd_029.bmp (94a934b5)
OK: P:\Photo\Из Сети\Ира\rtret\pdvd_030.bmp
✅ CRC OK: P:\Photo\Из Сети\Ира\rtret\pdvd_030.bmp (4c2ec674)
OK: P:\Photo\Из Сети\Ира\rtret\pdvd_031.bmp
✅ CRC OK: P:\Photo\Из Сети\Ира\rtret\pdvd_031.bmp (48c52e7d)
OK: P:\Photo\Из Сети\Ира\rtret\pdvd_032.bmp
✅ CRC OK: P:\Photo\Из Сети\Ира\rtret\pdvd_032.bmp (cc0d0d08)
OK: P:\Photo\Из Сети\Ира\rtret\pdvd_033.bmp
✅ CRC OK: P:\Photo\Из Сети\Ира\rtret\pdvd_033.bmp (d3f2913d)
OK: P:\Photo\Из Сети\Ира\rtret\pdvd_034.bmp
✅ CRC OK: P:\Photo\Из Сети\Ира\rtret\pdvd_034.bmp (a8eb2d5d)
OK: P:\Photo\Из Сети\Ира\rtret\pdvd_035.bmp
✅ CRC OK: P:\Photo\Из Сети\Ира\rtret\pdvd_035.bmp (803d0a4c)
OK: P:\Photo\Из Сети\Ира\rtret\pdvd_036.bmp
✅ CRC OK: P:\Photo\Из Сети\Ира\rtret\pdvd_036.bmp (eb74df16)
OK: P:\Photo\Из Сети\Ира\rtret\pdvd_037.bmp
✅ CRC OK: P:\Photo\Из Сети\Ира\rtret\pdvd_037.bmp (514e5fed)
OK: P:\Photo\Из Сети\Ира\rtret\pdvd_038.bmp
✅ CRC OK: P:\Photo\Из Сети\Ира\rtret\pdvd_038.bmp (bd992c5d)
OK: P:\Photo\Из Сети\Ира\rtret\pdvd_039.bmp
✅ CRC OK: P:\Photo\Из Сети\Ира\rtret\pdvd_039.bmp (619b68e2)
OK: P:\Photo\Из Сети\Ира\rtret\pdvd_040.bmp
✅ CRC OK: P:\Photo\Из Сети\Ира\rtret\pdvd_040.bmp (3773562c)
OK: P:\Photo\Из Сети\Ира\rtret\pdvd_041.bmp
✅ CRC OK: P:\Photo\Из Сети\Ира\rtret\pdvd_041.bmp (10048d71)
OK: P:\Photo\Из Сети\Ира\rtret\pdvd_042.bmp
✅ CRC OK: P:\Photo\Из Сети\Ира\rtret\pdvd_042.bmp (7eea0ad2)
OK: P:\Photo\Из Сети\Ира\rtret\pdvd_043.bmp
✅ CRC OK: P:\Photo\Из Сети\Ира\rtret\pdvd_043.bmp (773499d4)
OK: P:\Photo\Из Сети\Ира\rtret\pdvd_044.bmp
✅ CRC OK: P:\Photo\Из Сети\Ира\rtret\pdvd_044.bmp (8d978e9c)
OK: P:\Photo\Из Сети\Ира\rtret\pdvd_045.bmp
✅ CRC OK: P:\Photo\Из Сети\Ира\rtret\pdvd_045.bmp (37287c36)
OK: P:\Photo\Из Сети\Ира\rtret\pdvd_046.bmp
✅ CRC OK: P:\Photo\Из Сети\Ира\rtret\pdvd_046.bmp (fba76cff)
OK: P:\Photo\Из Сети\Ира\rtret\pdvd_047.bmp
✅ CRC OK: P:\Photo\Из Сети\Ира\rtret\pdvd_047.bmp (757a9ac2)
OK: P:\Photo\Из Сети\Ира\rtret\pdvd_048.bmp
✅ CRC OK: P:\Photo\Из Сети\Ира\rtret\pdvd_048.bmp (f8381dd4)
OK: P:\Photo\Из Сети\Ира\rtret\pdvd_049.bmp
✅ CRC OK: P:\Photo\Из Сети\Ира\rtret\pdvd_049.bmp (046cc208)
OK: P:\Photo\Из Сети\Ира\rtret\pdvd_050.bmp
✅ CRC OK: P:\Photo\Из Сети\Ира\rtret\pdvd_050.bmp (0f89a7b7)
OK: P:\Photo\Из Сети\Ира\rtret\pdvd_051.bmp
✅ CRC OK: P:\Photo\Из Сети\Ира\rtret\pdvd_051.bmp (d66f6c1a)
OK: P:\Photo\Из Сети\Ира\rtret\pdvd_052.bmp
✅ CRC OK: P:\Photo\Из Сети\Ира\rtret\pdvd_052.bmp (bbb28e26)
OK: P:\Photo\Из Сети\Ира\rtret\pdvd_053.bmp
✅ CRC OK: P:\Photo\Из Сети\Ира\rtret\pdvd_053.bmp (7fdf6d87)
OK: P:\Photo\Из Сети\Ира\rtret\pdvd_054.bmp
✅ CRC OK: P:\Photo\Из Сети\Ира\rtret\pdvd_054.bmp (1fb44481)
OK: P:\Photo\Из Сети\Ира\rtret\pdvd_055.bmp
✅ CRC OK: P:\Photo\Из Сети\Ира\rtret\pdvd_055.bmp (3b38be48)
OK: P:\Photo\Из Сети\Ира\rtret\pdvd_056.bmp
✅ CRC OK: P:\Photo\Из Сети\Ира\rtret\pdvd_056.bmp (c08a2604)
OK: P:\Photo\Из Сети\Ира\rtret\pdvd_058.bmp
✅ CRC OK: P:\Photo\Из Сети\Ира\rtret\pdvd_058.bmp (e166aecd)
OK: P:\Photo\Из Сети\Ира\rtret\pdvd_059.bmp
✅ CRC OK: P:\Photo\Из Сети\Ира\rtret\pdvd_059.bmp (4d02d088)
OK: P:\Photo\Из Сети\Ира\rtret\pdvd_060.bmp
✅ CRC OK: P:\Photo\Из Сети\Ира\rtret\pdvd_060.bmp (49da90a3)
OK: P:\Photo\Из Сети\Ира\rtret\pdvd_061.bmp
✅ CRC OK: P:\Photo\Из Сети\Ира\rtret\pdvd_061.bmp (480f19bf)
OK: P:\Photo\Из Сети\Ира\rtret\pdvd_062.bmp
✅ CRC OK: P:\Photo\Из Сети\Ира\rtret\pdvd_062.bmp (028ab3d3)
OK: P:\Photo\Из Сети\Ира\rtret\pdvd_063.bmp
✅ CRC OK: P:\Photo\Из Сети\Ира\rtret\pdvd_063.bmp (8ee7a89b)
OK: P:\Photo\Из Сети\Ира\rtret\pdvd_064.bmp
✅ CRC OK: P:\Photo\Из Сети\Ира\rtret\pdvd_064.bmp (65cd6fb7)
OK: P:\Photo\Из Сети\Ира\rtret\pdvd_065.bmp
✅ CRC OK: P:\Photo\Из Сети\Ира\rtret\pdvd_065.bmp (ea73d633)
OK: P:\Photo\Из Сети\Ира\rtret\pdvd_066.bmp
✅ CRC OK: P:\Photo\Из Сети\Ира\rtret\pdvd_066.bmp (d56e6111)
OK: P:\Photo\Из Сети\Ира\rtret\pdvd_067.bmp
✅ CRC OK: P:\Photo\Из Сети\Ира\rtret\pdvd_067.bmp (cc85ae0a)
OK: P:\Photo\Из Сети\Ира\rtret\pdvd_068.bmp
✅ CRC OK: P:\Photo\Из Сети\Ира\rtret\pdvd_068.bmp (53f12b05)
OK: P:\Photo\Из Сети\Ира\rtret\pdvd_069.bmp
✅ CRC OK: P:\Photo\Из Сети\Ира\rtret\pdvd_069.bmp (1f1d2c18)
OK: P:\Photo\Из Сети\Ира\rtret\pdvd_070.bmp
✅ CRC OK: P:\Photo\Из Сети\Ира\rtret\pdvd_070.bmp (32dbaa49)
OK: P:\Photo\Из Сети\Ира\rtret\pdvd_071.bmp
✅ CRC OK: P:\Photo\Из Сети\Ира\rtret\pdvd_071.bmp (b01cf64c)
OK: P:\Photo\Из Сети\Ира\rtret\pdvd_072.bmp
✅ CRC OK: P:\Photo\Из Сети\Ира\rtret\pdvd_072.bmp (3bdba771)
OK: P:\Photo\Из Сети\Ира\rtret\pdvd_073.bmp
✅ CRC OK: P:\Photo\Из Сети\Ира\rtret\pdvd_073.bmp (26880094)
OK: P:\Photo\Из Сети\Ира\rtret\pdvd_074.bmp
✅ CRC OK: P:\Photo\Из Сети\Ира\rtret\pdvd_074.bmp (6165899f)
OK: P:\Photo\Из Сети\Ира\rtret\pdvd_075.bmp
✅ CRC OK: P:\Photo\Из Сети\Ира\rtret\pdvd_075.bmp (8bd5baa7)
OK: P:\Photo\Из Сети\Ира\rtret\pdvd_076.bmp
✅ CRC OK: P:\Photo\Из Сети\Ира\rtret\pdvd_076.bmp (1e943653)
OK: P:\Photo\Из Сети\Ира\rtret\pdvd_077.bmp
✅ CRC OK: P:\Photo\Из Сети\Ира\rtret\pdvd_077.bmp (3af1404f)
OK: P:\Photo\Из Сети\Ира\rtret\pdvd_078.bmp
✅ CRC OK: P:\Photo\Из Сети\Ира\rtret\pdvd_078.bmp (e339b315)
OK: P:\Photo\Из Сети\Ира\rtret\pdvd_079.bmp
✅ CRC OK: P:\Photo\Из Сети\Ира\rtret\pdvd_079.bmp (0f1fe826)
OK: P:\Photo\Из Сети\Ира\rtret\pdvd_080.bmp
✅ CRC OK: P:\Photo\Из Сети\Ира\rtret\pdvd_080.bmp (a1076f61)
OK: P:\Photo\Из Сети\Ира\rtret\pdvd_081.bmp
✅ CRC OK: P:\Photo\Из Сети\Ира\rtret\pdvd_081.bmp (427f5c49)
OK: P:\Photo\Из Сети\Ира\rtret\pdvd_082.bmp
✅ CRC OK: P:\Photo\Из Сети\Ира\rtret\pdvd_082.bmp (bb8a3a30)
OK: P:\Photo\Из Сети\Ира\rtret\pdvd_083.bmp
✅ CRC OK: P:\Photo\Из Сети\Ира\rtret\pdvd_083.bmp (572062f3)
OK: P:\Photo\Из Сети\Ира\rtret\pdvd_084.bmp
✅ CRC OK: P:\Photo\Из Сети\Ира\rtret\pdvd_084.bmp (29efecbb)
OK: P:\Photo\Из Сети\Ира\rtret\pdvd_085.bmp
✅ CRC OK: P:\Photo\Из Сети\Ира\rtret\pdvd_085.bmp (34cbd959)
OK: P:\Photo\Из Сети\Ира\rtret\pdvd_086.bmp
✅ CRC OK: P:\Photo\Из Сети\Ира\rtret\pdvd_086.bmp (dbbe069b)
OK: P:\Photo\Из Сети\Ира\rtret\pdvd_087.bmp
✅ CRC OK: P:\Photo\Из Сети\Ира\rtret\pdvd_087.bmp (6f973233)
OK: P:\Photo\Из Сети\Ира\rtret\pdvd_088.bmp
✅ CRC OK: P:\Photo\Из Сети\Ира\rtret\pdvd_088.bmp (49b794f2)
OK: P:\Photo\Из Сети\Ира\rtret\pdvd_089.bmp
✅ CRC OK: P:\Photo\Из Сети\Ира\rtret\pdvd_089.bmp (954b4f72)
OK: P:\Photo\Из Сети\Ира\rtret\pdvd_090.bmp
✅ CRC OK: P:\Photo\Из Сети\Ира\rtret\pdvd_090.bmp (e7613053)
OK: P:\Photo\Из Сети\Ира\rtret\pdvd_091.bmp
✅ CRC OK: P:\Photo\Из Сети\Ира\rtret\pdvd_091.bmp (a3b20fad)
OK: P:\Photo\Из Сети\Ира\rtret\pdvd_092.bmp
✅ CRC OK: P:\Photo\Из Сети\Ира\rtret\pdvd_092.bmp (e16cd96d)
OK: P:\Photo\Из Сети\Ира\rtret\pdvd_093.bmp
✅ CRC OK: P:\Photo\Из Сети\Ира\rtret\pdvd_093.bmp (6337c385)
OK: P:\Photo\Из Сети\Ира\rtret\pdvd_094.bmp
✅ CRC OK: P:\Photo\Из Сети\Ира\rtret\pdvd_094.bmp (7d66b48c)
OK: P:\Photo\Из Сети\Ира\rtret\pdvd_095.bmp
✅ CRC OK: P:\Photo\Из Сети\Ира\rtret\pdvd_095.bmp (283b06ca)
OK: P:\Photo\Из Сети\Ира\rtret\pdvd_096.bmp
✅ CRC OK: P:\Photo\Из Сети\Ира\rtret\pdvd_096.bmp (af91b2e6)
OK: P:\Photo\Из Сети\Ира\rtret\pdvd_097.bmp
✅ CRC OK: P:\Photo\Из Сети\Ира\rtret\pdvd_097.bmp (f0847d00)
OK: P:\Photo\Из Сети\Ира\rtret\pdvd_098.bmp
✅ CRC OK: P:\Photo\Из Сети\Ира\rtret\pdvd_098.bmp (23f40c7d)
OK: P:\Photo\Из Сети\Ира\rtret\pdvd_099.bmp
✅ CRC OK: P:\Photo\Из Сети\Ира\rtret\pdvd_099.bmp (a60ab367)
OK: P:\Photo\Из Сети\Ира\rtret\pdvd_100.bmp
✅ CRC OK: P:\Photo\Из Сети\Ира\rtret\pdvd_100.bmp (5883c805)
OK: P:\Photo\Из Сети\Ира\rtret\pdvd_101.bmp
✅ CRC OK: P:\Photo\Из Сети\Ира\rtret\pdvd_101.bmp (82617f14)
OK: P:\Photo\Из Сети\Ира\rtret\ДЫРКА.jpg
✅ CRC OK: P:\Photo\Из Сети\Ира\rtret\ДЫРКА.jpg (7bdce457)
OK: P:\Photo\Из Сети\Ира\rtret\УКУРЕННАЯ ДЫРКА.jpg
✅ CRC OK: P:\Photo\Из Сети\Ира\rtret\УКУРЕННАЯ ДЫРКА.jpg (ebe7516a)
OK: P:\Photo\Из Сети\Ира\vXBD0sKKLzI.jpg
✅ CRC OK: P:\Photo\Из Сети\Ира\vXBD0sKKLzI.jpg (b570f2a6)
OK: P:\Photo\Из Сети\Ира\yoFZOumhfWM.jpg
✅ CRC OK: P:\Photo\Из Сети\Ира\yoFZOumhfWM.jpg (97136ef2)
OK: P:\Photo\Из Сети\Ира\zGJxDW1uT9M.jpg
✅ CRC OK: P:\Photo\Из Сети\Ира\zGJxDW1uT9M.jpg (b2907f8e)
OK: P:\Photo\Из Сети\Иркины Трусики
OK: P:\Photo\Из Сети\Иркины Трусики\Фото0497.jpg
✅ CRC OK: P:\Photo\Из Сети\Иркины Трусики\Фото0497.jpg (a469d127)
OK: P:\Photo\Из Сети\Иркины Трусики\Фото0498.jpg
✅ CRC OK: P:\Photo\Из Сети\Иркины Трусики\Фото0498.jpg (b9294782)
OK: P:\Photo\Из Сети\Иркины Трусики\Фото0499.jpg
✅ CRC OK: P:\Photo\Из Сети\Иркины Трусики\Фото0499.jpg (ca40738f)
OK: P:\Photo\Из Сети\Иркины Трусики\Фото0500.jpg
✅ CRC OK: P:\Photo\Из Сети\Иркины Трусики\Фото0500.jpg (d9613d6e)
OK: P:\Photo\Из Сети\Иркины Трусики\Фото0501.jpg
✅ CRC OK: P:\Photo\Из Сети\Иркины Трусики\Фото0501.jpg (690f4173)
OK: P:\Photo\Из Сети\Иркины Трусики\Фото0502.jpg
✅ CRC OK: P:\Photo\Из Сети\Иркины Трусики\Фото0502.jpg (5692acfb)
OK: P:\Photo\Из Сети\Иркины Трусики\Фото0503.jpg
✅ CRC OK: P:\Photo\Из Сети\Иркины Трусики\Фото0503.jpg (ea4a5243)
OK: P:\Photo\Из Сети\Иркины Трусики\Фото0505.jpg
✅ CRC OK: P:\Photo\Из Сети\Иркины Трусики\Фото0505.jpg (e8444be8)
OK: P:\Photo\Из Сети\Иркины Трусики\Фото0506.jpg
✅ CRC OK: P:\Photo\Из Сети\Иркины Трусики\Фото0506.jpg (f89a08ea)
OK: P:\Photo\Из Сети\Иркины Трусики\Фото0507.jpg
✅ CRC OK: P:\Photo\Из Сети\Иркины Трусики\Фото0507.jpg (f8fa567b)
OK: P:\Photo\Из Сети\Иркины Трусики\Фото0508.jpg
✅ CRC OK: P:\Photo\Из Сети\Иркины Трусики\Фото0508.jpg (de6688c0)
OK: P:\Photo\Из Сети\Иркины Трусики\Фото0509.jpg
✅ CRC OK: P:\Photo\Из Сети\Иркины Трусики\Фото0509.jpg (9bcc65a3)
OK: P:\Photo\Из Сети\Карина
OK: P:\Photo\Из Сети\Карина\100856912_2628524837397911_2132188711113195520_o.jpg
✅ CRC OK: P:\Photo\Из Сети\Карина\100856912_2628524837397911_2132188711113195520_o.jpg (b7655425)
OK: P:\Photo\Из Сети\Карина\118851926_2711504635766597_4662687599196578247_o.jpg
✅ CRC OK: P:\Photo\Из Сети\Карина\118851926_2711504635766597_4662687599196578247_o.jpg (594417aa)
OK: P:\Photo\Из Сети\Карина\123459239_2760918644158529_1818982214414450115_o.jpg
✅ CRC OK: P:\Photo\Из Сети\Карина\123459239_2760918644158529_1818982214414450115_o.jpg (702f8c51)
OK: P:\Photo\Из Сети\Карина\129532332_2789165204667206_2231060710760503699_o.jpg
✅ CRC OK: P:\Photo\Из Сети\Карина\129532332_2789165204667206_2231060710760503699_o.jpg (9dc9979e)
OK: P:\Photo\Из Сети\Карина\13260269_1720036008246803_392449084662620881_n.jpg
✅ CRC OK: P:\Photo\Из Сети\Карина\13260269_1720036008246803_392449084662620881_n.jpg (ff3198c2)
OK: P:\Photo\Из Сети\Карина\13726840_1740511236199280_2582579338197444332_n.jpg
✅ CRC OK: P:\Photo\Из Сети\Карина\13726840_1740511236199280_2582579338197444332_n.jpg (088b5ade)
OK: P:\Photo\Из Сети\Карина\138532050_2819119055005154_2718558020279143769_o.jpg
✅ CRC OK: P:\Photo\Из Сети\Карина\138532050_2819119055005154_2718558020279143769_o.jpg (9dff624d)
OK: P:\Photo\Из Сети\Карина\15349801_1805797903003946_689557463107985125_n.jpg
✅ CRC OK: P:\Photo\Из Сети\Карина\15349801_1805797903003946_689557463107985125_n.jpg (4d74bb5b)
OK: P:\Photo\Из Сети\Карина\17QeKWH_rUU.jpg
✅ CRC OK: P:\Photo\Из Сети\Карина\17QeKWH_rUU.jpg (e9fb9418)
OK: P:\Photo\Из Сети\Карина\1962836_1416847608565646_1938005367_n.jpg
✅ CRC OK: P:\Photo\Из Сети\Карина\1962836_1416847608565646_1938005367_n.jpg (b0e0b5f2)
OK: P:\Photo\Из Сети\Карина\20108616_1916538168596585_8280716013650604473_n.jpg
✅ CRC OK: P:\Photo\Из Сети\Карина\20108616_1916538168596585_8280716013650604473_n.jpg (4cbe286d)
OK: P:\Photo\Из Сети\Карина\210159938_2936037953313263_164385017535307557_n.jpg
✅ CRC OK: P:\Photo\Из Сети\Карина\210159938_2936037953313263_164385017535307557_n.jpg (6e0222e0)
OK: P:\Photo\Из Сети\Карина\211120964_2936037949979930_3694722506015611171_n.jpg
✅ CRC OK: P:\Photo\Из Сети\Карина\211120964_2936037949979930_3694722506015611171_n.jpg (6e0222e0)
OK: P:\Photo\Из Сети\Карина\22196121_1951606538423081_9213653080771129584_n.jpg
✅ CRC OK: P:\Photo\Из Сети\Карина\22196121_1951606538423081_9213653080771129584_n.jpg (29397f21)
OK: P:\Photo\Из Сети\Карина\248455749_3018340751749649_343923904467025019_n.jpg
✅ CRC OK: P:\Photo\Из Сети\Карина\248455749_3018340751749649_343923904467025019_n.jpg (0d9e4497)
OK: P:\Photo\Из Сети\Карина\296789596_3224821814434874_2828948559821589323_n.jpg
✅ CRC OK: P:\Photo\Из Сети\Карина\296789596_3224821814434874_2828948559821589323_n.jpg (f8fb1971)
OK: P:\Photo\Из Сети\Карина\297096828_3220075091576213_8559068249458844180_n.jpg
✅ CRC OK: P:\Photo\Из Сети\Карина\297096828_3220075091576213_8559068249458844180_n.jpg (cbb1eb3f)
OK: P:\Photo\Из Сети\Карина\298342312_3224820651101657_5067639181469811643_n.jpg
✅ CRC OK: P:\Photo\Из Сети\Карина\298342312_3224820651101657_5067639181469811643_n.jpg (c3eeb271)
OK: P:\Photo\Из Сети\Карина\298416972_3224821761101546_9155586884679988542_n.jpg
✅ CRC OK: P:\Photo\Из Сети\Карина\298416972_3224821761101546_9155586884679988542_n.jpg (929549e4)
OK: P:\Photo\Из Сети\Карина\333461555_732716731772259_2013432702328008474_n.jpg
✅ CRC OK: P:\Photo\Из Сети\Карина\333461555_732716731772259_2013432702328008474_n.jpg (06df1702)
OK: P:\Photo\Из Сети\Карина\370567754_3504617333121986_186263131739209374_n.jpg
✅ CRC OK: P:\Photo\Из Сети\Карина\370567754_3504617333121986_186263131739209374_n.jpg (406eebeb)
OK: P:\Photo\Из Сети\Карина\374691868_3511110729139313_4403475458699020427_n.jpg
✅ CRC OK: P:\Photo\Из Сети\Карина\374691868_3511110729139313_4403475458699020427_n.jpg (27c7725c)
OK: P:\Photo\Из Сети\Карина\375045728_3509746919275694_1263322282558491199_n.jpg
✅ CRC OK: P:\Photo\Из Сети\Карина\375045728_3509746919275694_1263322282558491199_n.jpg (01faff13)
OK: P:\Photo\Из Сети\Карина\384775483_3526644420919277_1025962789451873120_n.jpg
✅ CRC OK: P:\Photo\Из Сети\Карина\384775483_3526644420919277_1025962789451873120_n.jpg (658072e3)
OK: P:\Photo\Из Сети\Карина\392943307_3537426359841083_7626850823211769268_n.jpg
✅ CRC OK: P:\Photo\Из Сети\Карина\392943307_3537426359841083_7626850823211769268_n.jpg (8f929e5f)
OK: P:\Photo\Из Сети\Карина\3d2Rcs7R3gA.jpg
✅ CRC OK: P:\Photo\Из Сети\Карина\3d2Rcs7R3gA.jpg (3e3d2597)
OK: P:\Photo\Из Сети\Карина\40046269_2152734504976949_7174057580166119424_n.jpg
✅ CRC OK: P:\Photo\Из Сети\Карина\40046269_2152734504976949_7174057580166119424_n.jpg (e98517ee)
OK: P:\Photo\Из Сети\Карина\426544293_3612359039014481_3960997540605425093_n.jpg
✅ CRC OK: P:\Photo\Из Сети\Карина\426544293_3612359039014481_3960997540605425093_n.jpg (6bf1e1f1)
OK: P:\Photo\Из Сети\Карина\434197148_3635297596720625_6950652885036165094_n.jpg
✅ CRC OK: P:\Photo\Из Сети\Карина\434197148_3635297596720625_6950652885036165094_n.jpg (420e0313)
OK: P:\Photo\Из Сети\Карина\53778021_2271329063117492_817461615073951744_n.jpg
✅ CRC OK: P:\Photo\Из Сети\Карина\53778021_2271329063117492_817461615073951744_n.jpg (8c2771df)
OK: P:\Photo\Из Сети\Карина\5Em3a_1HPqc.jpg
✅ CRC OK: P:\Photo\Из Сети\Карина\5Em3a_1HPqc.jpg (255be190)
OK: P:\Photo\Из Сети\Карина\5P-cdWwm6cY.jpg
✅ CRC OK: P:\Photo\Из Сети\Карина\5P-cdWwm6cY.jpg (6bbb59b6)
OK: P:\Photo\Из Сети\Карина\65962336_2348587238725007_8286452056835751936_n.jpg
✅ CRC OK: P:\Photo\Из Сети\Карина\65962336_2348587238725007_8286452056835751936_n.jpg (1ff22fa1)
OK: P:\Photo\Из Сети\Карина\69150924_2388307841419613_5071454837170765824_n.jpg
✅ CRC OK: P:\Photo\Из Сети\Карина\69150924_2388307841419613_5071454837170765824_n.jpg (28a4807d)
OK: P:\Photo\Из Сети\Карина\6jaykaHCxxY.jpg
✅ CRC OK: P:\Photo\Из Сети\Карина\6jaykaHCxxY.jpg (faf7f580)
OK: P:\Photo\Из Сети\Карина\6xgaIv2Ot8E.jpg
✅ CRC OK: P:\Photo\Из Сети\Карина\6xgaIv2Ot8E.jpg (6786f3fe)
OK: P:\Photo\Из Сети\Карина\71497759_2412647948985602_598279765987688448_n.jpg
✅ CRC OK: P:\Photo\Из Сети\Карина\71497759_2412647948985602_598279765987688448_n.jpg (15bc82d1)
OK: P:\Photo\Из Сети\Карина\7iqrztWLCWU.jpg
✅ CRC OK: P:\Photo\Из Сети\Карина\7iqrztWLCWU.jpg (76014085)
OK: P:\Photo\Из Сети\Карина\8JcZSdGb3pY.jpg
✅ CRC OK: P:\Photo\Из Сети\Карина\8JcZSdGb3pY.jpg (ba68b3dc)
OK: P:\Photo\Из Сети\Карина\9-J63vtlcVg.jpg
✅ CRC OK: P:\Photo\Из Сети\Карина\9-J63vtlcVg.jpg (ab7775cf)
OK: P:\Photo\Из Сети\Карина\AF9zDzu0biU.jpg
✅ CRC OK: P:\Photo\Из Сети\Карина\AF9zDzu0biU.jpg (b963d83f)
OK: P:\Photo\Из Сети\Карина\B6nXSirQlv4.jpg
✅ CRC OK: P:\Photo\Из Сети\Карина\B6nXSirQlv4.jpg (a1f29683)
OK: P:\Photo\Из Сети\Карина\BCYdam8tkpo.jpg
✅ CRC OK: P:\Photo\Из Сети\Карина\BCYdam8tkpo.jpg (b2468ecf)
OK: P:\Photo\Из Сети\Карина\CScqGMSdUV4.jpg
✅ CRC OK: P:\Photo\Из Сети\Карина\CScqGMSdUV4.jpg (46ce8483)
OK: P:\Photo\Из Сети\Карина\CYENEWJnyZg.jpg
✅ CRC OK: P:\Photo\Из Сети\Карина\CYENEWJnyZg.jpg (9f0faac8)
OK: P:\Photo\Из Сети\Карина\CjqZZHjls_g.jpg
✅ CRC OK: P:\Photo\Из Сети\Карина\CjqZZHjls_g.jpg (42edc04a)
OK: P:\Photo\Из Сети\Карина\DF5NdyP5Yno.jpg
✅ CRC OK: P:\Photo\Из Сети\Карина\DF5NdyP5Yno.jpg (0312b6fc)
OK: P:\Photo\Из Сети\Карина\DZpAksa_xjk.jpg
✅ CRC OK: P:\Photo\Из Сети\Карина\DZpAksa_xjk.jpg (35279784)
OK: P:\Photo\Из Сети\Карина\EA-te01-ZN0.jpg
✅ CRC OK: P:\Photo\Из Сети\Карина\EA-te01-ZN0.jpg (0b209574)
OK: P:\Photo\Из Сети\Карина\Foto with [id]92690898
OK: P:\Photo\Из Сети\Карина\Foto with [id]92690898\10.jpg
✅ CRC OK: P:\Photo\Из Сети\Карина\Foto with [id]92690898\10.jpg (68cda6e7)
OK: P:\Photo\Из Сети\Карина\Foto with [id]92690898\11.jpg
✅ CRC OK: P:\Photo\Из Сети\Карина\Foto with [id]92690898\11.jpg (4f80d91f)
OK: P:\Photo\Из Сети\Карина\Foto with [id]92690898\13.jpg
✅ CRC OK: P:\Photo\Из Сети\Карина\Foto with [id]92690898\13.jpg (1e1d95ae)
OK: P:\Photo\Из Сети\Карина\Foto with [id]92690898\14.jpg
✅ CRC OK: P:\Photo\Из Сети\Карина\Foto with [id]92690898\14.jpg (f0ec0a6a)
OK: P:\Photo\Из Сети\Карина\Foto with [id]92690898\15.jpg
✅ CRC OK: P:\Photo\Из Сети\Карина\Foto with [id]92690898\15.jpg (4008ac77)
OK: P:\Photo\Из Сети\Карина\Foto with [id]92690898\17.jpg
✅ CRC OK: P:\Photo\Из Сети\Карина\Foto with [id]92690898\17.jpg (311dbed7)
OK: P:\Photo\Из Сети\Карина\Foto with [id]92690898\18.jpg
✅ CRC OK: P:\Photo\Из Сети\Карина\Foto with [id]92690898\18.jpg (0cd73ee5)
OK: P:\Photo\Из Сети\Карина\Foto with [id]92690898\19.jpg
✅ CRC OK: P:\Photo\Из Сети\Карина\Foto with [id]92690898\19.jpg (858722d5)
OK: P:\Photo\Из Сети\Карина\Foto with [id]92690898\2.jpg
✅ CRC OK: P:\Photo\Из Сети\Карина\Foto with [id]92690898\2.jpg (142fcf72)
OK: P:\Photo\Из Сети\Карина\Foto with [id]92690898\20.jpg
✅ CRC OK: P:\Photo\Из Сети\Карина\Foto with [id]92690898\20.jpg (50174c59)
OK: P:\Photo\Из Сети\Карина\Foto with [id]92690898\21.jpg
✅ CRC OK: P:\Photo\Из Сети\Карина\Foto with [id]92690898\21.jpg (22aa4104)
OK: P:\Photo\Из Сети\Карина\Foto with [id]92690898\22.jpg
✅ CRC OK: P:\Photo\Из Сети\Карина\Foto with [id]92690898\22.jpg (42c4b036)
OK: P:\Photo\Из Сети\Карина\Foto with [id]92690898\23.jpg
✅ CRC OK: P:\Photo\Из Сети\Карина\Foto with [id]92690898\23.jpg (1bf233a2)
OK: P:\Photo\Из Сети\Карина\Foto with [id]92690898\24.jpg
✅ CRC OK: P:\Photo\Из Сети\Карина\Foto with [id]92690898\24.jpg (8e801923)
OK: P:\Photo\Из Сети\Карина\Foto with [id]92690898\25.jpg
✅ CRC OK: P:\Photo\Из Сети\Карина\Foto with [id]92690898\25.jpg (21b9a690)
OK: P:\Photo\Из Сети\Карина\Foto with [id]92690898\26.jpg
✅ CRC OK: P:\Photo\Из Сети\Карина\Foto with [id]92690898\26.jpg (7db0fac2)
OK: P:\Photo\Из Сети\Карина\Foto with [id]92690898\27.jpg
✅ CRC OK: P:\Photo\Из Сети\Карина\Foto with [id]92690898\27.jpg (f7088c27)
OK: P:\Photo\Из Сети\Карина\Foto with [id]92690898\28.jpg
✅ CRC OK: P:\Photo\Из Сети\Карина\Foto with [id]92690898\28.jpg (ec20551f)
OK: P:\Photo\Из Сети\Карина\Foto with [id]92690898\29.jpg
✅ CRC OK: P:\Photo\Из Сети\Карина\Foto with [id]92690898\29.jpg (3bf67932)
OK: P:\Photo\Из Сети\Карина\Foto with [id]92690898\3.jpg
✅ CRC OK: P:\Photo\Из Сети\Карина\Foto with [id]92690898\3.jpg (6c029220)
OK: P:\Photo\Из Сети\Карина\Foto with [id]92690898\30.jpg
✅ CRC OK: P:\Photo\Из Сети\Карина\Foto with [id]92690898\30.jpg (0d2fa001)
OK: P:\Photo\Из Сети\Карина\Foto with [id]92690898\31.jpg
✅ CRC OK: P:\Photo\Из Сети\Карина\Foto with [id]92690898\31.jpg (a32657d6)
OK: P:\Photo\Из Сети\Карина\Foto with [id]92690898\32.jpg
✅ CRC OK: P:\Photo\Из Сети\Карина\Foto with [id]92690898\32.jpg (eec03d91)
OK: P:\Photo\Из Сети\Карина\Foto with [id]92690898\7.jpg
✅ CRC OK: P:\Photo\Из Сети\Карина\Foto with [id]92690898\7.jpg (6c809548)
OK: P:\Photo\Из Сети\Карина\Foto with [id]92690898\8.jpg
✅ CRC OK: P:\Photo\Из Сети\Карина\Foto with [id]92690898\8.jpg (ff93de79)
OK: P:\Photo\Из Сети\Карина\Foto with [id]92690898\9.jpg
✅ CRC OK: P:\Photo\Из Сети\Карина\Foto with [id]92690898\9.jpg (868ce514)
OK: P:\Photo\Из Сети\Карина\GPjIno2a6Yg.jpg
✅ CRC OK: P:\Photo\Из Сети\Карина\GPjIno2a6Yg.jpg (05c4b512)
OK: P:\Photo\Из Сети\Карина\Good Old Photos
OK: P:\Photo\Из Сети\Карина\Good Old Photos\1.jpg
✅ CRC OK: P:\Photo\Из Сети\Карина\Good Old Photos\1.jpg (158efb63)
OK: P:\Photo\Из Сети\Карина\Good Old Photos\10.jpg
✅ CRC OK: P:\Photo\Из Сети\Карина\Good Old Photos\10.jpg (79b4bca5)
OK: P:\Photo\Из Сети\Карина\Good Old Photos\11.jpg
✅ CRC OK: P:\Photo\Из Сети\Карина\Good Old Photos\11.jpg (af6ebd01)
OK: P:\Photo\Из Сети\Карина\Good Old Photos\12.jpg
✅ CRC OK: P:\Photo\Из Сети\Карина\Good Old Photos\12.jpg (f680b036)
OK: P:\Photo\Из Сети\Карина\Good Old Photos\13.jpg
✅ CRC OK: P:\Photo\Из Сети\Карина\Good Old Photos\13.jpg (a4e8b68c)
OK: P:\Photo\Из Сети\Карина\Good Old Photos\14.jpg
✅ CRC OK: P:\Photo\Из Сети\Карина\Good Old Photos\14.jpg (ae047425)
OK: P:\Photo\Из Сети\Карина\Good Old Photos\15.jpg
✅ CRC OK: P:\Photo\Из Сети\Карина\Good Old Photos\15.jpg (44d7190c)
OK: P:\Photo\Из Сети\Карина\Good Old Photos\16.jpg
✅ CRC OK: P:\Photo\Из Сети\Карина\Good Old Photos\16.jpg (526cb12d)
OK: P:\Photo\Из Сети\Карина\Good Old Photos\17.jpg
✅ CRC OK: P:\Photo\Из Сети\Карина\Good Old Photos\17.jpg (ffe991fe)
OK: P:\Photo\Из Сети\Карина\Good Old Photos\18.jpg
✅ CRC OK: P:\Photo\Из Сети\Карина\Good Old Photos\18.jpg (736d5432)
OK: P:\Photo\Из Сети\Карина\Good Old Photos\19.jpg
✅ CRC OK: P:\Photo\Из Сети\Карина\Good Old Photos\19.jpg (2631da39)
OK: P:\Photo\Из Сети\Карина\Good Old Photos\2.jpg
✅ CRC OK: P:\Photo\Из Сети\Карина\Good Old Photos\2.jpg (755f5564)
OK: P:\Photo\Из Сети\Карина\Good Old Photos\20.jpg
✅ CRC OK: P:\Photo\Из Сети\Карина\Good Old Photos\20.jpg (00f72679)
OK: P:\Photo\Из Сети\Карина\Good Old Photos\21.jpg
✅ CRC OK: P:\Photo\Из Сети\Карина\Good Old Photos\21.jpg (aae47366)
OK: P:\Photo\Из Сети\Карина\Good Old Photos\22.jpg
✅ CRC OK: P:\Photo\Из Сети\Карина\Good Old Photos\22.jpg (2042a93d)
OK: P:\Photo\Из Сети\Карина\Good Old Photos\23.jpg
✅ CRC OK: P:\Photo\Из Сети\Карина\Good Old Photos\23.jpg (5c225502)
OK: P:\Photo\Из Сети\Карина\Good Old Photos\24.jpg
✅ CRC OK: P:\Photo\Из Сети\Карина\Good Old Photos\24.jpg (6ee33650)
OK: P:\Photo\Из Сети\Карина\Good Old Photos\25.jpg
✅ CRC OK: P:\Photo\Из Сети\Карина\Good Old Photos\25.jpg (c7783ab2)
OK: P:\Photo\Из Сети\Карина\Good Old Photos\26.jpg
✅ CRC OK: P:\Photo\Из Сети\Карина\Good Old Photos\26.jpg (eee4fe5c)
OK: P:\Photo\Из Сети\Карина\Good Old Photos\27.jpg
✅ CRC OK: P:\Photo\Из Сети\Карина\Good Old Photos\27.jpg (28de478b)
OK: P:\Photo\Из Сети\Карина\Good Old Photos\28.jpg
✅ CRC OK: P:\Photo\Из Сети\Карина\Good Old Photos\28.jpg (a0c44be1)
OK: P:\Photo\Из Сети\Карина\Good Old Photos\29.jpg
✅ CRC OK: P:\Photo\Из Сети\Карина\Good Old Photos\29.jpg (99a02144)
OK: P:\Photo\Из Сети\Карина\Good Old Photos\3.jpg
✅ CRC OK: P:\Photo\Из Сети\Карина\Good Old Photos\3.jpg (561770c5)
OK: P:\Photo\Из Сети\Карина\Good Old Photos\30.jpg
✅ CRC OK: P:\Photo\Из Сети\Карина\Good Old Photos\30.jpg (627743d9)
OK: P:\Photo\Из Сети\Карина\Good Old Photos\31.jpg
✅ CRC OK: P:\Photo\Из Сети\Карина\Good Old Photos\31.jpg (019eb9e1)
OK: P:\Photo\Из Сети\Карина\Good Old Photos\32.jpg
✅ CRC OK: P:\Photo\Из Сети\Карина\Good Old Photos\32.jpg (be873a52)
OK: P:\Photo\Из Сети\Карина\Good Old Photos\33.jpg
✅ CRC OK: P:\Photo\Из Сети\Карина\Good Old Photos\33.jpg (0b20f686)
OK: P:\Photo\Из Сети\Карина\Good Old Photos\34.jpg
✅ CRC OK: P:\Photo\Из Сети\Карина\Good Old Photos\34.jpg (7f405c1e)
OK: P:\Photo\Из Сети\Карина\Good Old Photos\35.jpg
✅ CRC OK: P:\Photo\Из Сети\Карина\Good Old Photos\35.jpg (73480e3d)
OK: P:\Photo\Из Сети\Карина\Good Old Photos\36.jpg
✅ CRC OK: P:\Photo\Из Сети\Карина\Good Old Photos\36.jpg (b78b4408)
OK: P:\Photo\Из Сети\Карина\Good Old Photos\37.jpg
✅ CRC OK: P:\Photo\Из Сети\Карина\Good Old Photos\37.jpg (833beeba)
OK: P:\Photo\Из Сети\Карина\Good Old Photos\38.jpg
✅ CRC OK: P:\Photo\Из Сети\Карина\Good Old Photos\38.jpg (93c40a1e)
OK: P:\Photo\Из Сети\Карина\Good Old Photos\39.jpg
✅ CRC OK: P:\Photo\Из Сети\Карина\Good Old Photos\39.jpg (86b1f13b)
OK: P:\Photo\Из Сети\Карина\Good Old Photos\4.jpg
✅ CRC OK: P:\Photo\Из Сети\Карина\Good Old Photos\4.jpg (7a2c94ea)
OK: P:\Photo\Из Сети\Карина\Good Old Photos\40.jpg
✅ CRC OK: P:\Photo\Из Сети\Карина\Good Old Photos\40.jpg (28a569a7)
OK: P:\Photo\Из Сети\Карина\Good Old Photos\41.jpg
✅ CRC OK: P:\Photo\Из Сети\Карина\Good Old Photos\41.jpg (0a21468d)
OK: P:\Photo\Из Сети\Карина\Good Old Photos\42.jpg
✅ CRC OK: P:\Photo\Из Сети\Карина\Good Old Photos\42.jpg (a5795ed3)
OK: P:\Photo\Из Сети\Карина\Good Old Photos\43.jpg
✅ CRC OK: P:\Photo\Из Сети\Карина\Good Old Photos\43.jpg (a9577294)
OK: P:\Photo\Из Сети\Карина\Good Old Photos\44.jpg
✅ CRC OK: P:\Photo\Из Сети\Карина\Good Old Photos\44.jpg (6b377ba5)
OK: P:\Photo\Из Сети\Карина\Good Old Photos\45.jpg
✅ CRC OK: P:\Photo\Из Сети\Карина\Good Old Photos\45.jpg (d42d6ef3)
OK: P:\Photo\Из Сети\Карина\Good Old Photos\46.jpg
✅ CRC OK: P:\Photo\Из Сети\Карина\Good Old Photos\46.jpg (efbc04a8)
OK: P:\Photo\Из Сети\Карина\Good Old Photos\47.jpg
✅ CRC OK: P:\Photo\Из Сети\Карина\Good Old Photos\47.jpg (dfe9a1e4)
OK: P:\Photo\Из Сети\Карина\Good Old Photos\48.jpg
✅ CRC OK: P:\Photo\Из Сети\Карина\Good Old Photos\48.jpg (3464f5ff)
OK: P:\Photo\Из Сети\Карина\Good Old Photos\49.jpg
✅ CRC OK: P:\Photo\Из Сети\Карина\Good Old Photos\49.jpg (8983c268)
OK: P:\Photo\Из Сети\Карина\Good Old Photos\5.jpg
✅ CRC OK: P:\Photo\Из Сети\Карина\Good Old Photos\5.jpg (bc4f8035)
OK: P:\Photo\Из Сети\Карина\Good Old Photos\50.jpg
✅ CRC OK: P:\Photo\Из Сети\Карина\Good Old Photos\50.jpg (faf51aab)
OK: P:\Photo\Из Сети\Карина\Good Old Photos\51.jpg
✅ CRC OK: P:\Photo\Из Сети\Карина\Good Old Photos\51.jpg (5d3e0f82)
OK: P:\Photo\Из Сети\Карина\Good Old Photos\52.jpg
✅ CRC OK: P:\Photo\Из Сети\Карина\Good Old Photos\52.jpg (9ddf35e5)
OK: P:\Photo\Из Сети\Карина\Good Old Photos\53.jpg
✅ CRC OK: P:\Photo\Из Сети\Карина\Good Old Photos\53.jpg (f375e1f2)
OK: P:\Photo\Из Сети\Карина\Good Old Photos\54.jpg
✅ CRC OK: P:\Photo\Из Сети\Карина\Good Old Photos\54.jpg (db87d275)
OK: P:\Photo\Из Сети\Карина\Good Old Photos\55.jpg
✅ CRC OK: P:\Photo\Из Сети\Карина\Good Old Photos\55.jpg (bac49f93)
OK: P:\Photo\Из Сети\Карина\Good Old Photos\56.jpg
✅ CRC OK: P:\Photo\Из Сети\Карина\Good Old Photos\56.jpg (c3c4f9cb)
OK: P:\Photo\Из Сети\Карина\Good Old Photos\57.jpg
✅ CRC OK: P:\Photo\Из Сети\Карина\Good Old Photos\57.jpg (48099d1d)
OK: P:\Photo\Из Сети\Карина\Good Old Photos\58.jpg
✅ CRC OK: P:\Photo\Из Сети\Карина\Good Old Photos\58.jpg (601d0002)
OK: P:\Photo\Из Сети\Карина\Good Old Photos\59.jpg
✅ CRC OK: P:\Photo\Из Сети\Карина\Good Old Photos\59.jpg (4299465a)
OK: P:\Photo\Из Сети\Карина\Good Old Photos\6.jpg
✅ CRC OK: P:\Photo\Из Сети\Карина\Good Old Photos\6.jpg (54a6a4ef)
OK: P:\Photo\Из Сети\Карина\Good Old Photos\60.jpg
✅ CRC OK: P:\Photo\Из Сети\Карина\Good Old Photos\60.jpg (68953627)
OK: P:\Photo\Из Сети\Карина\Good Old Photos\61.jpg
✅ CRC OK: P:\Photo\Из Сети\Карина\Good Old Photos\61.jpg (7dc22608)
OK: P:\Photo\Из Сети\Карина\Good Old Photos\62.jpg
✅ CRC OK: P:\Photo\Из Сети\Карина\Good Old Photos\62.jpg (c9023ef5)
OK: P:\Photo\Из Сети\Карина\Good Old Photos\63.jpg
✅ CRC OK: P:\Photo\Из Сети\Карина\Good Old Photos\63.jpg (21a5cc06)
OK: P:\Photo\Из Сети\Карина\Good Old Photos\64.jpg
✅ CRC OK: P:\Photo\Из Сети\Карина\Good Old Photos\64.jpg (8152920e)
OK: P:\Photo\Из Сети\Карина\Good Old Photos\65.jpg
✅ CRC OK: P:\Photo\Из Сети\Карина\Good Old Photos\65.jpg (7197504c)
OK: P:\Photo\Из Сети\Карина\Good Old Photos\66.jpg
✅ CRC OK: P:\Photo\Из Сети\Карина\Good Old Photos\66.jpg (c4e730e6)
OK: P:\Photo\Из Сети\Карина\Good Old Photos\67.jpg
✅ CRC OK: P:\Photo\Из Сети\Карина\Good Old Photos\67.jpg (c5ba4f52)
OK: P:\Photo\Из Сети\Карина\Good Old Photos\68.jpg
✅ CRC OK: P:\Photo\Из Сети\Карина\Good Old Photos\68.jpg (b1206d26)
OK: P:\Photo\Из Сети\Карина\Good Old Photos\69.jpg
✅ CRC OK: P:\Photo\Из Сети\Карина\Good Old Photos\69.jpg (37948972)
OK: P:\Photo\Из Сети\Карина\Good Old Photos\7.jpg
✅ CRC OK: P:\Photo\Из Сети\Карина\Good Old Photos\7.jpg (46f34074)
OK: P:\Photo\Из Сети\Карина\Good Old Photos\70.jpg
✅ CRC OK: P:\Photo\Из Сети\Карина\Good Old Photos\70.jpg (4440fb28)
OK: P:\Photo\Из Сети\Карина\Good Old Photos\71.jpg
✅ CRC OK: P:\Photo\Из Сети\Карина\Good Old Photos\71.jpg (71984b1e)
OK: P:\Photo\Из Сети\Карина\Good Old Photos\72.jpg
✅ CRC OK: P:\Photo\Из Сети\Карина\Good Old Photos\72.jpg (395c22c4)
OK: P:\Photo\Из Сети\Карина\Good Old Photos\73.jpg
✅ CRC OK: P:\Photo\Из Сети\Карина\Good Old Photos\73.jpg (08ccf29d)
OK: P:\Photo\Из Сети\Карина\Good Old Photos\74.jpg
✅ CRC OK: P:\Photo\Из Сети\Карина\Good Old Photos\74.jpg (3f7acc04)
OK: P:\Photo\Из Сети\Карина\Good Old Photos\75.jpg
✅ CRC OK: P:\Photo\Из Сети\Карина\Good Old Photos\75.jpg (4cbc20b9)
OK: P:\Photo\Из Сети\Карина\Good Old Photos\76.jpg
✅ CRC OK: P:\Photo\Из Сети\Карина\Good Old Photos\76.jpg (14c6cc96)
OK: P:\Photo\Из Сети\Карина\Good Old Photos\77.jpg
✅ CRC OK: P:\Photo\Из Сети\Карина\Good Old Photos\77.jpg (21059bee)
OK: P:\Photo\Из Сети\Карина\Good Old Photos\78.jpg
✅ CRC OK: P:\Photo\Из Сети\Карина\Good Old Photos\78.jpg (c2b85203)
OK: P:\Photo\Из Сети\Карина\Good Old Photos\79.jpg
✅ CRC OK: P:\Photo\Из Сети\Карина\Good Old Photos\79.jpg (4c41e5da)
OK: P:\Photo\Из Сети\Карина\Good Old Photos\8.jpg
✅ CRC OK: P:\Photo\Из Сети\Карина\Good Old Photos\8.jpg (3f10c955)
OK: P:\Photo\Из Сети\Карина\Good Old Photos\80.jpg
✅ CRC OK: P:\Photo\Из Сети\Карина\Good Old Photos\80.jpg (de00670e)
OK: P:\Photo\Из Сети\Карина\Good Old Photos\81.jpg
✅ CRC OK: P:\Photo\Из Сети\Карина\Good Old Photos\81.jpg (8d54b2ab)
OK: P:\Photo\Из Сети\Карина\Good Old Photos\82.jpg
✅ CRC OK: P:\Photo\Из Сети\Карина\Good Old Photos\82.jpg (a2c887ca)
OK: P:\Photo\Из Сети\Карина\Good Old Photos\83.jpg
✅ CRC OK: P:\Photo\Из Сети\Карина\Good Old Photos\83.jpg (e633069d)
OK: P:\Photo\Из Сети\Карина\Good Old Photos\84.jpg
✅ CRC OK: P:\Photo\Из Сети\Карина\Good Old Photos\84.jpg (0fa15d99)
OK: P:\Photo\Из Сети\Карина\Good Old Photos\85.jpg
✅ CRC OK: P:\Photo\Из Сети\Карина\Good Old Photos\85.jpg (116a00d7)
OK: P:\Photo\Из Сети\Карина\Good Old Photos\86.jpg
✅ CRC OK: P:\Photo\Из Сети\Карина\Good Old Photos\86.jpg (5b51293d)
OK: P:\Photo\Из Сети\Карина\Good Old Photos\9.jpg
✅ CRC OK: P:\Photo\Из Сети\Карина\Good Old Photos\9.jpg (bc8c9189)
OK: P:\Photo\Из Сети\Карина\GsA9scEv0F0.jpg
✅ CRC OK: P:\Photo\Из Сети\Карина\GsA9scEv0F0.jpg (cabd1524)
OK: P:\Photo\Из Сети\Карина\HRTlMQ23PJg.jpg
✅ CRC OK: P:\Photo\Из Сети\Карина\HRTlMQ23PJg.jpg (b1d7e473)
OK: P:\Photo\Из Сети\Карина\J5sCfWh8DMw.jpg
✅ CRC OK: P:\Photo\Из Сети\Карина\J5sCfWh8DMw.jpg (9f8d6852)
OK: P:\Photo\Из Сети\Карина\JBauKejCSNg.jpg
✅ CRC OK: P:\Photo\Из Сети\Карина\JBauKejCSNg.jpg (196aa64f)
OK: P:\Photo\Из Сети\Карина\MW_KtlLSnQo.jpg
✅ CRC OK: P:\Photo\Из Сети\Карина\MW_KtlLSnQo.jpg (ec90acd3)
OK: P:\Photo\Из Сети\Карина\OyhpJ9Qi2Yc.jpg
✅ CRC OK: P:\Photo\Из Сети\Карина\OyhpJ9Qi2Yc.jpg (7d711a39)
OK: P:\Photo\Из Сети\Карина\Q71k-F2oH2Q.jpg
✅ CRC OK: P:\Photo\Из Сети\Карина\Q71k-F2oH2Q.jpg (724c4d9d)
OK: P:\Photo\Из Сети\Карина\RkrATulEwDY.jpg
✅ CRC OK: P:\Photo\Из Сети\Карина\RkrATulEwDY.jpg (4b64d54a)
OK: P:\Photo\Из Сети\Карина\RrL5gw6IgiY.jpg
✅ CRC OK: P:\Photo\Из Сети\Карина\RrL5gw6IgiY.jpg (206e66c4)
OK: P:\Photo\Из Сети\Карина\T_rq09RM79k.jpg
✅ CRC OK: P:\Photo\Из Сети\Карина\T_rq09RM79k.jpg (8673998d)
OK: P:\Photo\Из Сети\Карина\UIejkZ3zIZA.jpg
✅ CRC OK: P:\Photo\Из Сети\Карина\UIejkZ3zIZA.jpg (4e03ad53)
OK: P:\Photo\Из Сети\Карина\UvVBC7IKKpI.jpg
✅ CRC OK: P:\Photo\Из Сети\Карина\UvVBC7IKKpI.jpg (6e67f30c)
OK: P:\Photo\Из Сети\Карина\VByuD4Ur2Hs.jpg
✅ CRC OK: P:\Photo\Из Сети\Карина\VByuD4Ur2Hs.jpg (e8554f50)
OK: P:\Photo\Из Сети\Карина\XEWEl4v58Bc.jpg
✅ CRC OK: P:\Photo\Из Сети\Карина\XEWEl4v58Bc.jpg (97d74162)
OK: P:\Photo\Из Сети\Карина\Xu_wsL7K5T8.jpg
✅ CRC OK: P:\Photo\Из Сети\Карина\Xu_wsL7K5T8.jpg (8e226ae6)
OK: P:\Photo\Из Сети\Карина\YAP1V1i3H6g.jpg
✅ CRC OK: P:\Photo\Из Сети\Карина\YAP1V1i3H6g.jpg (0888b403)
OK: P:\Photo\Из Сети\Карина\YHNO7vMm71M.jpg
✅ CRC OK: P:\Photo\Из Сети\Карина\YHNO7vMm71M.jpg (ba8b6699)
OK: P:\Photo\Из Сети\Карина\ZUBQFjFXcmw.jpg
✅ CRC OK: P:\Photo\Из Сети\Карина\ZUBQFjFXcmw.jpg (9cd1535e)
OK: P:\Photo\Из Сети\Карина\ZhM_LvRxpvM.jpg
✅ CRC OK: P:\Photo\Из Сети\Карина\ZhM_LvRxpvM.jpg (75d78b49)
OK: P:\Photo\Из Сети\Карина\ZzuKe6pWZS8.jpg
✅ CRC OK: P:\Photo\Из Сети\Карина\ZzuKe6pWZS8.jpg (1d84e828)
OK: P:\Photo\Из Сети\Карина\[vk] альбомы
OK: P:\Photo\Из Сети\Карина\[vk] альбомы\[vk] 2014
OK: P:\Photo\Из Сети\Карина\[vk] альбомы\[vk] 2014\1U8jqF-JqLo.jpg
✅ CRC OK: P:\Photo\Из Сети\Карина\[vk] альбомы\[vk] 2014\1U8jqF-JqLo.jpg (c3612e38)
OK: P:\Photo\Из Сети\Карина\[vk] альбомы\[vk] 2014\66zhsTrZdpk.jpg
✅ CRC OK: P:\Photo\Из Сети\Карина\[vk] альбомы\[vk] 2014\66zhsTrZdpk.jpg (8317880c)
OK: P:\Photo\Из Сети\Карина\[vk] альбомы\[vk] 2014\6RWYd0IqFIU.jpg
✅ CRC OK: P:\Photo\Из Сети\Карина\[vk] альбомы\[vk] 2014\6RWYd0IqFIU.jpg (6ffcb40c)
OK: P:\Photo\Из Сети\Карина\[vk] альбомы\[vk] 2014\9K82pHVLszE.jpg
✅ CRC OK: P:\Photo\Из Сети\Карина\[vk] альбомы\[vk] 2014\9K82pHVLszE.jpg (e3758825)
OK: P:\Photo\Из Сети\Карина\[vk] альбомы\[vk] 2014\EYEAmiu0O9I.jpg
✅ CRC OK: P:\Photo\Из Сети\Карина\[vk] альбомы\[vk] 2014\EYEAmiu0O9I.jpg (329e5045)
OK: P:\Photo\Из Сети\Карина\[vk] альбомы\[vk] 2014\FrPWevQBKW8.jpg
✅ CRC OK: P:\Photo\Из Сети\Карина\[vk] альбомы\[vk] 2014\FrPWevQBKW8.jpg (78a7b630)
OK: P:\Photo\Из Сети\Карина\[vk] альбомы\[vk] 2014\FwYA8PdqxV8.jpg
✅ CRC OK: P:\Photo\Из Сети\Карина\[vk] альбомы\[vk] 2014\FwYA8PdqxV8.jpg (f7cb0daa)
OK: P:\Photo\Из Сети\Карина\[vk] альбомы\[vk] 2014\GL-C12OupiU.jpg
✅ CRC OK: P:\Photo\Из Сети\Карина\[vk] альбомы\[vk] 2014\GL-C12OupiU.jpg (fce3760f)
OK: P:\Photo\Из Сети\Карина\[vk] альбомы\[vk] 2014\IWWzK4UiSPY.jpg
✅ CRC OK: P:\Photo\Из Сети\Карина\[vk] альбомы\[vk] 2014\IWWzK4UiSPY.jpg (a28a5ca9)
OK: P:\Photo\Из Сети\Карина\[vk] альбомы\[vk] 2014\ODlWpyWu_DU.jpg
✅ CRC OK: P:\Photo\Из Сети\Карина\[vk] альбомы\[vk] 2014\ODlWpyWu_DU.jpg (ff79434d)
OK: P:\Photo\Из Сети\Карина\[vk] альбомы\[vk] 2014\UPkjzND9EHw.jpg
✅ CRC OK: P:\Photo\Из Сети\Карина\[vk] альбомы\[vk] 2014\UPkjzND9EHw.jpg (c7ffde7d)
OK: P:\Photo\Из Сети\Карина\[vk] альбомы\[vk] 2014\XQG5qTebmUM.jpg
✅ CRC OK: P:\Photo\Из Сети\Карина\[vk] альбомы\[vk] 2014\XQG5qTebmUM.jpg (cbb55554)
OK: P:\Photo\Из Сети\Карина\[vk] альбомы\[vk] 2014\YqDRA2LeZMI.jpg
✅ CRC OK: P:\Photo\Из Сети\Карина\[vk] альбомы\[vk] 2014\YqDRA2LeZMI.jpg (5f5a7aef)
OK: P:\Photo\Из Сети\Карина\[vk] альбомы\[vk] 2014\ZdYuLQCiL3A.jpg
✅ CRC OK: P:\Photo\Из Сети\Карина\[vk] альбомы\[vk] 2014\ZdYuLQCiL3A.jpg (627a3c4f)
OK: P:\Photo\Из Сети\Карина\[vk] альбомы\[vk] 2014\fmH8TzJS8sw.jpg
✅ CRC OK: P:\Photo\Из Сети\Карина\[vk] альбомы\[vk] 2014\fmH8TzJS8sw.jpg (4f0f0932)
OK: P:\Photo\Из Сети\Карина\[vk] альбомы\[vk] 2014\iJlfcBUVwn4.jpg
✅ CRC OK: P:\Photo\Из Сети\Карина\[vk] альбомы\[vk] 2014\iJlfcBUVwn4.jpg (1927648f)
OK: P:\Photo\Из Сети\Карина\[vk] альбомы\[vk] 2014\kyabuSye4nc.jpg
✅ CRC OK: P:\Photo\Из Сети\Карина\[vk] альбомы\[vk] 2014\kyabuSye4nc.jpg (9779f06e)
OK: P:\Photo\Из Сети\Карина\[vk] альбомы\[vk] 2014\nDmuz8B_LSg.jpg
✅ CRC OK: P:\Photo\Из Сети\Карина\[vk] альбомы\[vk] 2014\nDmuz8B_LSg.jpg (dbfb5eef)
OK: P:\Photo\Из Сети\Карина\[vk] альбомы\[vk] 2014\r8COjcUG-ts.jpg
✅ CRC OK: P:\Photo\Из Сети\Карина\[vk] альбомы\[vk] 2014\r8COjcUG-ts.jpg (44782db4)
OK: P:\Photo\Из Сети\Карина\[vk] альбомы\[vk] 2014\xEQMUYGMrXs.jpg
✅ CRC OK: P:\Photo\Из Сети\Карина\[vk] альбомы\[vk] 2014\xEQMUYGMrXs.jpg (c2146018)
OK: P:\Photo\Из Сети\Карина\[vk] альбомы\[vk] 2015_
OK: P:\Photo\Из Сети\Карина\[vk] альбомы\[vk] 2015_\-o5xfolq4IE.jpg
✅ CRC OK: P:\Photo\Из Сети\Карина\[vk] альбомы\[vk] 2015_\-o5xfolq4IE.jpg (4b92e373)
OK: P:\Photo\Из Сети\Карина\[vk] альбомы\[vk] 2015_\0RXob0JYnk4.jpg
✅ CRC OK: P:\Photo\Из Сети\Карина\[vk] альбомы\[vk] 2015_\0RXob0JYnk4.jpg (380e2ac2)
OK: P:\Photo\Из Сети\Карина\[vk] альбомы\[vk] 2015_\403APOUnNag.jpg
✅ CRC OK: P:\Photo\Из Сети\Карина\[vk] альбомы\[vk] 2015_\403APOUnNag.jpg (901ceaf5)
OK: P:\Photo\Из Сети\Карина\[vk] альбомы\[vk] 2015_\5Em3a_1HPqc.jpg
✅ CRC OK: P:\Photo\Из Сети\Карина\[vk] альбомы\[vk] 2015_\5Em3a_1HPqc.jpg (255be190)
OK: P:\Photo\Из Сети\Карина\[vk] альбомы\[vk] 2015_\AeS8yquG2dg.jpg
✅ CRC OK: P:\Photo\Из Сети\Карина\[vk] альбомы\[vk] 2015_\AeS8yquG2dg.jpg (6554ab59)
OK: P:\Photo\Из Сети\Карина\[vk] альбомы\[vk] 2015_\Gz95mPtiTGs.jpg
✅ CRC OK: P:\Photo\Из Сети\Карина\[vk] альбомы\[vk] 2015_\Gz95mPtiTGs.jpg (3d5189f9)
OK: P:\Photo\Из Сети\Карина\[vk] альбомы\[vk] 2015_\HQgWO0cabZI.jpg
✅ CRC OK: P:\Photo\Из Сети\Карина\[vk] альбомы\[vk] 2015_\HQgWO0cabZI.jpg (f2e0107e)
OK: P:\Photo\Из Сети\Карина\[vk] альбомы\[vk] 2015_\KxPE8Vq7glI.jpg
✅ CRC OK: P:\Photo\Из Сети\Карина\[vk] альбомы\[vk] 2015_\KxPE8Vq7glI.jpg (4d019585)
OK: P:\Photo\Из Сети\Карина\[vk] альбомы\[vk] 2015_\LcQAdMMY4jM.jpg
✅ CRC OK: P:\Photo\Из Сети\Карина\[vk] альбомы\[vk] 2015_\LcQAdMMY4jM.jpg (55f4ca13)
OK: P:\Photo\Из Сети\Карина\[vk] альбомы\[vk] 2015_\MEdXjUBM2G8.jpg
✅ CRC OK: P:\Photo\Из Сети\Карина\[vk] альбомы\[vk] 2015_\MEdXjUBM2G8.jpg (4c5150d5)
OK: P:\Photo\Из Сети\Карина\[vk] альбомы\[vk] 2015_\MvMPI5yH62c.jpg
✅ CRC OK: P:\Photo\Из Сети\Карина\[vk] альбомы\[vk] 2015_\MvMPI5yH62c.jpg (efc35a24)
OK: P:\Photo\Из Сети\Карина\[vk] альбомы\[vk] 2015_\OMRGkLNg1sU.jpg
✅ CRC OK: P:\Photo\Из Сети\Карина\[vk] альбомы\[vk] 2015_\OMRGkLNg1sU.jpg (9839c98a)
OK: P:\Photo\Из Сети\Карина\[vk] альбомы\[vk] 2015_\RLIqexHR774.jpg
✅ CRC OK: P:\Photo\Из Сети\Карина\[vk] альбомы\[vk] 2015_\RLIqexHR774.jpg (c2e0ca51)
OK: P:\Photo\Из Сети\Карина\[vk] альбомы\[vk] 2015_\SNV5koc3sTM.jpg
✅ CRC OK: P:\Photo\Из Сети\Карина\[vk] альбомы\[vk] 2015_\SNV5koc3sTM.jpg (ee910b24)
OK: P:\Photo\Из Сети\Карина\[vk] альбомы\[vk] 2015_\THeLs3rIjNQ.jpg
✅ CRC OK: P:\Photo\Из Сети\Карина\[vk] альбомы\[vk] 2015_\THeLs3rIjNQ.jpg (82e6e4fb)
OK: P:\Photo\Из Сети\Карина\[vk] альбомы\[vk] 2015_\W_omXycZBjs.jpg
✅ CRC OK: P:\Photo\Из Сети\Карина\[vk] альбомы\[vk] 2015_\W_omXycZBjs.jpg (66f58fcd)
OK: P:\Photo\Из Сети\Карина\[vk] альбомы\[vk] 2015_\Z9XeO3-akrs.jpg
✅ CRC OK: P:\Photo\Из Сети\Карина\[vk] альбомы\[vk] 2015_\Z9XeO3-akrs.jpg (add45159)
OK: P:\Photo\Из Сети\Карина\[vk] альбомы\[vk] 2015_\_KO1xarx4Tc.jpg
✅ CRC OK: P:\Photo\Из Сети\Карина\[vk] альбомы\[vk] 2015_\_KO1xarx4Tc.jpg (9c520485)
OK: P:\Photo\Из Сети\Карина\[vk] альбомы\[vk] 2015_\aPciy_V-vpg.jpg
✅ CRC OK: P:\Photo\Из Сети\Карина\[vk] альбомы\[vk] 2015_\aPciy_V-vpg.jpg (fe5a441d)
OK: P:\Photo\Из Сети\Карина\[vk] альбомы\[vk] 2015_\dxnaASbzSmw.jpg
✅ CRC OK: P:\Photo\Из Сети\Карина\[vk] альбомы\[vk] 2015_\dxnaASbzSmw.jpg (b92e6c8c)
OK: P:\Photo\Из Сети\Карина\[vk] альбомы\[vk] 2015_\f_C6VTQVEhs.jpg
✅ CRC OK: P:\Photo\Из Сети\Карина\[vk] альбомы\[vk] 2015_\f_C6VTQVEhs.jpg (7dffaf72)
OK: P:\Photo\Из Сети\Карина\[vk] альбомы\[vk] 2015_\lsh05lEc138.jpg
✅ CRC OK: P:\Photo\Из Сети\Карина\[vk] альбомы\[vk] 2015_\lsh05lEc138.jpg (cf147c39)
OK: P:\Photo\Из Сети\Карина\[vk] альбомы\[vk] 2015_\o7MncRJaDoE.jpg
✅ CRC OK: P:\Photo\Из Сети\Карина\[vk] альбомы\[vk] 2015_\o7MncRJaDoE.jpg (83cf568f)
OK: P:\Photo\Из Сети\Карина\[vk] альбомы\[vk] 2015_\roozxh1r0nI.jpg
✅ CRC OK: P:\Photo\Из Сети\Карина\[vk] альбомы\[vk] 2015_\roozxh1r0nI.jpg (dc4855d7)
OK: P:\Photo\Из Сети\Карина\[vk] альбомы\[vk] 2015_\vSfw_7p1Ae0.jpg
✅ CRC OK: P:\Photo\Из Сети\Карина\[vk] альбомы\[vk] 2015_\vSfw_7p1Ae0.jpg (55704dc5)
OK: P:\Photo\Из Сети\Карина\[vk] альбомы\[vk] 2015_\yJc0Ta0oSDs.jpg
✅ CRC OK: P:\Photo\Из Сети\Карина\[vk] альбомы\[vk] 2015_\yJc0Ta0oSDs.jpg (5a06ff66)
OK: P:\Photo\Из Сети\Карина\[vk] альбомы\[vk] 2015_\zLSB7DNw7GM.jpg
✅ CRC OK: P:\Photo\Из Сети\Карина\[vk] альбомы\[vk] 2015_\zLSB7DNw7GM.jpg (badbc65d)
OK: P:\Photo\Из Сети\Карина\[vk] альбомы\[vk] 2015_\zdGb1URSlWs.jpg
✅ CRC OK: P:\Photo\Из Сети\Карина\[vk] альбомы\[vk] 2015_\zdGb1URSlWs.jpg (eab5116e)
OK: P:\Photo\Из Сети\Карина\[vk] альбомы\[vk] ;)
OK: P:\Photo\Из Сети\Карина\[vk] альбомы\[vk] ;)\1S438y5LDOY.jpg
✅ CRC OK: P:\Photo\Из Сети\Карина\[vk] альбомы\[vk] ;)\1S438y5LDOY.jpg (5d5e6d23)
OK: P:\Photo\Из Сети\Карина\[vk] альбомы\[vk] ;)\7MIF2gqA1hE.jpg
✅ CRC OK: P:\Photo\Из Сети\Карина\[vk] альбомы\[vk] ;)\7MIF2gqA1hE.jpg (5332c917)
OK: P:\Photo\Из Сети\Карина\[vk] альбомы\[vk] ;)\7e0RneGRcKw.jpg
✅ CRC OK: P:\Photo\Из Сети\Карина\[vk] альбомы\[vk] ;)\7e0RneGRcKw.jpg (646dee1d)
OK: P:\Photo\Из Сети\Карина\[vk] альбомы\[vk] ;)\EYuDxtyGwXc.jpg
✅ CRC OK: P:\Photo\Из Сети\Карина\[vk] альбомы\[vk] ;)\EYuDxtyGwXc.jpg (30e03060)
OK: P:\Photo\Из Сети\Карина\[vk] альбомы\[vk] ;)\Fr-RR9FF9f0.jpg
✅ CRC OK: P:\Photo\Из Сети\Карина\[vk] альбомы\[vk] ;)\Fr-RR9FF9f0.jpg (c0f26121)
OK: P:\Photo\Из Сети\Карина\[vk] альбомы\[vk] ;)\JbHESJ2NZPM.jpg
✅ CRC OK: P:\Photo\Из Сети\Карина\[vk] альбомы\[vk] ;)\JbHESJ2NZPM.jpg (42ea687c)
OK: P:\Photo\Из Сети\Карина\[vk] альбомы\[vk] ;)\TCs8quaY94o.jpg
✅ CRC OK: P:\Photo\Из Сети\Карина\[vk] альбомы\[vk] ;)\TCs8quaY94o.jpg (007558c0)
OK: P:\Photo\Из Сети\Карина\[vk] альбомы\[vk] ;)\WLGkp5nSO0A.jpg
✅ CRC OK: P:\Photo\Из Сети\Карина\[vk] альбомы\[vk] ;)\WLGkp5nSO0A.jpg (8d131e90)
OK: P:\Photo\Из Сети\Карина\[vk] альбомы\[vk] ;)\Y_NvP1bS8_k.jpg
✅ CRC OK: P:\Photo\Из Сети\Карина\[vk] альбомы\[vk] ;)\Y_NvP1bS8_k.jpg (9c08120f)
OK: P:\Photo\Из Сети\Карина\[vk] альбомы\[vk] ;)\Zyg5Ov5gM14.jpg
✅ CRC OK: P:\Photo\Из Сети\Карина\[vk] альбомы\[vk] ;)\Zyg5Ov5gM14.jpg (2d5cdeee)
OK: P:\Photo\Из Сети\Карина\[vk] альбомы\[vk] ;)\_RKF6RHVc5w.jpg
✅ CRC OK: P:\Photo\Из Сети\Карина\[vk] альбомы\[vk] ;)\_RKF6RHVc5w.jpg (55ed7b4f)
OK: P:\Photo\Из Сети\Карина\[vk] альбомы\[vk] ;)\a-WOorz4xfU.jpg
✅ CRC OK: P:\Photo\Из Сети\Карина\[vk] альбомы\[vk] ;)\a-WOorz4xfU.jpg (38b8520a)
OK: P:\Photo\Из Сети\Карина\[vk] альбомы\[vk] ;)\cy-q-MZ8rts.jpg
✅ CRC OK: P:\Photo\Из Сети\Карина\[vk] альбомы\[vk] ;)\cy-q-MZ8rts.jpg (53c1b2a9)
OK: P:\Photo\Из Сети\Карина\[vk] альбомы\[vk] ;)\fFK4boer3aY.jpg
✅ CRC OK: P:\Photo\Из Сети\Карина\[vk] альбомы\[vk] ;)\fFK4boer3aY.jpg (5cc05329)
OK: P:\Photo\Из Сети\Карина\[vk] альбомы\[vk] ;)\iDALyylgcXA.jpg
✅ CRC OK: P:\Photo\Из Сети\Карина\[vk] альбомы\[vk] ;)\iDALyylgcXA.jpg (2a1924ef)
OK: P:\Photo\Из Сети\Карина\[vk] альбомы\[vk] ;)\s9M_A67bXXY.jpg
✅ CRC OK: P:\Photo\Из Сети\Карина\[vk] альбомы\[vk] ;)\s9M_A67bXXY.jpg (84fadaca)
OK: P:\Photo\Из Сети\Карина\[vk] альбомы\[vk] ;)\u5Up3iYpVnU.jpg
✅ CRC OK: P:\Photo\Из Сети\Карина\[vk] альбомы\[vk] ;)\u5Up3iYpVnU.jpg (decdcd49)
OK: P:\Photo\Из Сети\Карина\[vk] альбомы\[vk] ;)\zuxAZoHRMuU.jpg
✅ CRC OK: P:\Photo\Из Сети\Карина\[vk] альбомы\[vk] ;)\zuxAZoHRMuU.jpg (7afa3bfb)
OK: P:\Photo\Из Сети\Карина\[vk] альбомы\[vk] NYC
OK: P:\Photo\Из Сети\Карина\[vk] альбомы\[vk] NYC\-0Ed0J62iFw.jpg
✅ CRC OK: P:\Photo\Из Сети\Карина\[vk] альбомы\[vk] NYC\-0Ed0J62iFw.jpg (74b6b814)
OK: P:\Photo\Из Сети\Карина\[vk] альбомы\[vk] NYC\-uRKEIYyd4s.jpg
✅ CRC OK: P:\Photo\Из Сети\Карина\[vk] альбомы\[vk] NYC\-uRKEIYyd4s.jpg (17c9e179)
OK: P:\Photo\Из Сети\Карина\[vk] альбомы\[vk] NYC\03eTgb_awkw.jpg
✅ CRC OK: P:\Photo\Из Сети\Карина\[vk] альбомы\[vk] NYC\03eTgb_awkw.jpg (4eea47c0)
OK: P:\Photo\Из Сети\Карина\[vk] альбомы\[vk] NYC\1Um5Bas86mU.jpg
✅ CRC OK: P:\Photo\Из Сети\Карина\[vk] альбомы\[vk] NYC\1Um5Bas86mU.jpg (bab5b372)
OK: P:\Photo\Из Сети\Карина\[vk] альбомы\[vk] NYC\1V7ml9Iw6Z4.jpg
✅ CRC OK: P:\Photo\Из Сети\Карина\[vk] альбомы\[vk] NYC\1V7ml9Iw6Z4.jpg (632ae520)
OK: P:\Photo\Из Сети\Карина\[vk] альбомы\[vk] NYC\1c8warNGwsU.jpg
✅ CRC OK: P:\Photo\Из Сети\Карина\[vk] альбомы\[vk] NYC\1c8warNGwsU.jpg (a9ce3a31)
OK: P:\Photo\Из Сети\Карина\[vk] альбомы\[vk] NYC\1xwyHSiJQPc.jpg
✅ CRC OK: P:\Photo\Из Сети\Карина\[vk] альбомы\[vk] NYC\1xwyHSiJQPc.jpg (2157be5c)
OK: P:\Photo\Из Сети\Карина\[vk] альбомы\[vk] NYC\5FajT14A7nA.jpg
✅ CRC OK: P:\Photo\Из Сети\Карина\[vk] альбомы\[vk] NYC\5FajT14A7nA.jpg (3ea19565)
OK: P:\Photo\Из Сети\Карина\[vk] альбомы\[vk] NYC\5Vko34kI-IA.jpg
✅ CRC OK: P:\Photo\Из Сети\Карина\[vk] альбомы\[vk] NYC\5Vko34kI-IA.jpg (b66d992b)
OK: P:\Photo\Из Сети\Карина\[vk] альбомы\[vk] NYC\5xuuqoYa8Ew.jpg
✅ CRC OK: P:\Photo\Из Сети\Карина\[vk] альбомы\[vk] NYC\5xuuqoYa8Ew.jpg (22321e37)
OK: P:\Photo\Из Сети\Карина\[vk] альбомы\[vk] NYC\7nh_GvQDQvQ.jpg
✅ CRC OK: P:\Photo\Из Сети\Карина\[vk] альбомы\[vk] NYC\7nh_GvQDQvQ.jpg (d46c4826)
OK: P:\Photo\Из Сети\Карина\[vk] альбомы\[vk] NYC\7wxmTr5RD7Y.jpg
✅ CRC OK: P:\Photo\Из Сети\Карина\[vk] альбомы\[vk] NYC\7wxmTr5RD7Y.jpg (a6c8cad6)
OK: P:\Photo\Из Сети\Карина\[vk] альбомы\[vk] NYC\8iJum4K2ekQ.jpg
✅ CRC OK: P:\Photo\Из Сети\Карина\[vk] альбомы\[vk] NYC\8iJum4K2ekQ.jpg (877017b2)
OK: P:\Photo\Из Сети\Карина\[vk] альбомы\[vk] NYC\9m3UCCcNyAI.jpg
✅ CRC OK: P:\Photo\Из Сети\Карина\[vk] альбомы\[vk] NYC\9m3UCCcNyAI.jpg (ae97cb83)
OK: P:\Photo\Из Сети\Карина\[vk] альбомы\[vk] NYC\BJWa2RZfpiU.jpg
✅ CRC OK: P:\Photo\Из Сети\Карина\[vk] альбомы\[vk] NYC\BJWa2RZfpiU.jpg (676dd9df)
OK: P:\Photo\Из Сети\Карина\[vk] альбомы\[vk] NYC\CL7KFRZPZYc.jpg
✅ CRC OK: P:\Photo\Из Сети\Карина\[vk] альбомы\[vk] NYC\CL7KFRZPZYc.jpg (975f4247)
OK: P:\Photo\Из Сети\Карина\[vk] альбомы\[vk] NYC\CPjsap-Pkm4.jpg
✅ CRC OK: P:\Photo\Из Сети\Карина\[vk] альбомы\[vk] NYC\CPjsap-Pkm4.jpg (200e3803)
OK: P:\Photo\Из Сети\Карина\[vk] альбомы\[vk] NYC\DhA4tSpJ9tM.jpg
✅ CRC OK: P:\Photo\Из Сети\Карина\[vk] альбомы\[vk] NYC\DhA4tSpJ9tM.jpg (965d6c0c)
OK: P:\Photo\Из Сети\Карина\[vk] альбомы\[vk] NYC\Dx-ClUw6aB0.jpg
✅ CRC OK: P:\Photo\Из Сети\Карина\[vk] альбомы\[vk] NYC\Dx-ClUw6aB0.jpg (489f3058)
OK: P:\Photo\Из Сети\Карина\[vk] альбомы\[vk] NYC\EGLRGtOydmQ.jpg
✅ CRC OK: P:\Photo\Из Сети\Карина\[vk] альбомы\[vk] NYC\EGLRGtOydmQ.jpg (c98226b9)
OK: P:\Photo\Из Сети\Карина\[vk] альбомы\[vk] NYC\EP9v8QdTDIc.jpg
✅ CRC OK: P:\Photo\Из Сети\Карина\[vk] альбомы\[vk] NYC\EP9v8QdTDIc.jpg (4577381f)
OK: P:\Photo\Из Сети\Карина\[vk] альбомы\[vk] NYC\EuShUt5LY9k.jpg
✅ CRC OK: P:\Photo\Из Сети\Карина\[vk] альбомы\[vk] NYC\EuShUt5LY9k.jpg (7e707cae)
OK: P:\Photo\Из Сети\Карина\[vk] альбомы\[vk] NYC\FezEF_P55UM.jpg
✅ CRC OK: P:\Photo\Из Сети\Карина\[vk] альбомы\[vk] NYC\FezEF_P55UM.jpg (91ef176e)
OK: P:\Photo\Из Сети\Карина\[vk] альбомы\[vk] NYC\GnNiRUMRnEo.jpg
✅ CRC OK: P:\Photo\Из Сети\Карина\[vk] альбомы\[vk] NYC\GnNiRUMRnEo.jpg (bc6387da)
OK: P:\Photo\Из Сети\Карина\[vk] альбомы\[vk] NYC\H9jJTWpWAWc.jpg
✅ CRC OK: P:\Photo\Из Сети\Карина\[vk] альбомы\[vk] NYC\H9jJTWpWAWc.jpg (399546f1)
OK: P:\Photo\Из Сети\Карина\[vk] альбомы\[vk] NYC\Hqpoy4r_Jxs.jpg
✅ CRC OK: P:\Photo\Из Сети\Карина\[vk] альбомы\[vk] NYC\Hqpoy4r_Jxs.jpg (8ddfd511)
OK: P:\Photo\Из Сети\Карина\[vk] альбомы\[vk] NYC\J3pDTnub6fc.jpg
✅ CRC OK: P:\Photo\Из Сети\Карина\[vk] альбомы\[vk] NYC\J3pDTnub6fc.jpg (0d63d580)
OK: P:\Photo\Из Сети\Карина\[vk] альбомы\[vk] NYC\JuJJCAms0k8.jpg
✅ CRC OK: P:\Photo\Из Сети\Карина\[vk] альбомы\[vk] NYC\JuJJCAms0k8.jpg (8519e640)
OK: P:\Photo\Из Сети\Карина\[vk] альбомы\[vk] NYC\KYa0LighRSA.jpg
✅ CRC OK: P:\Photo\Из Сети\Карина\[vk] альбомы\[vk] NYC\KYa0LighRSA.jpg (359e09b3)
OK: P:\Photo\Из Сети\Карина\[vk] альбомы\[vk] NYC\KnGi4hxULMY.jpg
✅ CRC OK: P:\Photo\Из Сети\Карина\[vk] альбомы\[vk] NYC\KnGi4hxULMY.jpg (3d654faa)
OK: P:\Photo\Из Сети\Карина\[vk] альбомы\[vk] NYC\Ku_UG_mlrvQ.jpg
✅ CRC OK: P:\Photo\Из Сети\Карина\[vk] альбомы\[vk] NYC\Ku_UG_mlrvQ.jpg (9a4899c3)
OK: P:\Photo\Из Сети\Карина\[vk] альбомы\[vk] NYC\LKTXZNLHTtc.jpg
✅ CRC OK: P:\Photo\Из Сети\Карина\[vk] альбомы\[vk] NYC\LKTXZNLHTtc.jpg (b67f1f15)
OK: P:\Photo\Из Сети\Карина\[vk] альбомы\[vk] NYC\M4LZO5N717M.jpg
✅ CRC OK: P:\Photo\Из Сети\Карина\[vk] альбомы\[vk] NYC\M4LZO5N717M.jpg (d0f96595)
OK: P:\Photo\Из Сети\Карина\[vk] альбомы\[vk] NYC\O_04f-k18-k.jpg
✅ CRC OK: P:\Photo\Из Сети\Карина\[vk] альбомы\[vk] NYC\O_04f-k18-k.jpg (51f06f1f)
OK: P:\Photo\Из Сети\Карина\[vk] альбомы\[vk] NYC\Q8WfLrgJIpU.jpg
✅ CRC OK: P:\Photo\Из Сети\Карина\[vk] альбомы\[vk] NYC\Q8WfLrgJIpU.jpg (a4ea3171)
OK: P:\Photo\Из Сети\Карина\[vk] альбомы\[vk] NYC\SfVlb5Isz18.jpg
✅ CRC OK: P:\Photo\Из Сети\Карина\[vk] альбомы\[vk] NYC\SfVlb5Isz18.jpg (460a1ba9)
OK: P:\Photo\Из Сети\Карина\[vk] альбомы\[vk] NYC\Uv-ZHrZuKsk.jpg
✅ CRC OK: P:\Photo\Из Сети\Карина\[vk] альбомы\[vk] NYC\Uv-ZHrZuKsk.jpg (e5e4cf97)
OK: P:\Photo\Из Сети\Карина\[vk] альбомы\[vk] NYC\VYy0sb1OYX8.jpg
✅ CRC OK: P:\Photo\Из Сети\Карина\[vk] альбомы\[vk] NYC\VYy0sb1OYX8.jpg (825b9eca)
OK: P:\Photo\Из Сети\Карина\[vk] альбомы\[vk] NYC\Vd4xeS5d9DE.jpg
✅ CRC OK: P:\Photo\Из Сети\Карина\[vk] альбомы\[vk] NYC\Vd4xeS5d9DE.jpg (cc5702f3)
OK: P:\Photo\Из Сети\Карина\[vk] альбомы\[vk] NYC\VqQPzaPIUbo.jpg
✅ CRC OK: P:\Photo\Из Сети\Карина\[vk] альбомы\[vk] NYC\VqQPzaPIUbo.jpg (29b602fe)
OK: P:\Photo\Из Сети\Карина\[vk] альбомы\[vk] NYC\X4HbdytNkj0.jpg
✅ CRC OK: P:\Photo\Из Сети\Карина\[vk] альбомы\[vk] NYC\X4HbdytNkj0.jpg (bc9a7ab7)
OK: P:\Photo\Из Сети\Карина\[vk] альбомы\[vk] NYC\XecqMVW7S2I.jpg
✅ CRC OK: P:\Photo\Из Сети\Карина\[vk] альбомы\[vk] NYC\XecqMVW7S2I.jpg (64776b2c)
OK: P:\Photo\Из Сети\Карина\[vk] альбомы\[vk] NYC\Xy5XfK3tfng.jpg
✅ CRC OK: P:\Photo\Из Сети\Карина\[vk] альбомы\[vk] NYC\Xy5XfK3tfng.jpg (f68f64c6)
OK: P:\Photo\Из Сети\Карина\[vk] альбомы\[vk] NYC\YuBtWLlQtHs.jpg
✅ CRC OK: P:\Photo\Из Сети\Карина\[vk] альбомы\[vk] NYC\YuBtWLlQtHs.jpg (4f2fcdb8)
OK: P:\Photo\Из Сети\Карина\[vk] альбомы\[vk] NYC\ZC2X6KdWgyA.jpg
✅ CRC OK: P:\Photo\Из Сети\Карина\[vk] альбомы\[vk] NYC\ZC2X6KdWgyA.jpg (5bf3724c)
OK: P:\Photo\Из Сети\Карина\[vk] альбомы\[vk] NYC\aYeM9fa9fFE.jpg
✅ CRC OK: P:\Photo\Из Сети\Карина\[vk] альбомы\[vk] NYC\aYeM9fa9fFE.jpg (f80101ef)
OK: P:\Photo\Из Сети\Карина\[vk] альбомы\[vk] NYC\b4rv3mDq5_g.jpg
✅ CRC OK: P:\Photo\Из Сети\Карина\[vk] альбомы\[vk] NYC\b4rv3mDq5_g.jpg (1e5b7b51)
OK: P:\Photo\Из Сети\Карина\[vk] альбомы\[vk] NYC\b7sQ28ZYWz8.jpg
✅ CRC OK: P:\Photo\Из Сети\Карина\[vk] альбомы\[vk] NYC\b7sQ28ZYWz8.jpg (f658e774)
OK: P:\Photo\Из Сети\Карина\[vk] альбомы\[vk] NYC\dcXj7BGSZHo.jpg
✅ CRC OK: P:\Photo\Из Сети\Карина\[vk] альбомы\[vk] NYC\dcXj7BGSZHo.jpg (e0ffe9aa)
OK: P:\Photo\Из Сети\Карина\[vk] альбомы\[vk] NYC\gAjRwS-9q0E.jpg
✅ CRC OK: P:\Photo\Из Сети\Карина\[vk] альбомы\[vk] NYC\gAjRwS-9q0E.jpg (6c43bb50)
OK: P:\Photo\Из Сети\Карина\[vk] альбомы\[vk] NYC\gqsHOCigdis.jpg
✅ CRC OK: P:\Photo\Из Сети\Карина\[vk] альбомы\[vk] NYC\gqsHOCigdis.jpg (f6a7271e)
OK: P:\Photo\Из Сети\Карина\[vk] альбомы\[vk] NYC\hEekW3iIOw0.jpg
✅ CRC OK: P:\Photo\Из Сети\Карина\[vk] альбомы\[vk] NYC\hEekW3iIOw0.jpg (2ac47c5e)
OK: P:\Photo\Из Сети\Карина\[vk] альбомы\[vk] NYC\hi3KbCFHW04.jpg
✅ CRC OK: P:\Photo\Из Сети\Карина\[vk] альбомы\[vk] NYC\hi3KbCFHW04.jpg (299a4325)
OK: P:\Photo\Из Сети\Карина\[vk] альбомы\[vk] NYC\iEfNQPH9CQU.jpg
✅ CRC OK: P:\Photo\Из Сети\Карина\[vk] альбомы\[vk] NYC\iEfNQPH9CQU.jpg (7e195ec3)
OK: P:\Photo\Из Сети\Карина\[vk] альбомы\[vk] NYC\jxaPAk0EXb8.jpg
✅ CRC OK: P:\Photo\Из Сети\Карина\[vk] альбомы\[vk] NYC\jxaPAk0EXb8.jpg (4daf31ed)
OK: P:\Photo\Из Сети\Карина\[vk] альбомы\[vk] NYC\kKnQdwhl3zE.jpg
✅ CRC OK: P:\Photo\Из Сети\Карина\[vk] альбомы\[vk] NYC\kKnQdwhl3zE.jpg (41ef3f69)
OK: P:\Photo\Из Сети\Карина\[vk] альбомы\[vk] NYC\kfYC-DGZlq4.jpg
✅ CRC OK: P:\Photo\Из Сети\Карина\[vk] альбомы\[vk] NYC\kfYC-DGZlq4.jpg (dd523bcb)
OK: P:\Photo\Из Сети\Карина\[vk] альбомы\[vk] NYC\klALkDl1JLk.jpg
✅ CRC OK: P:\Photo\Из Сети\Карина\[vk] альбомы\[vk] NYC\klALkDl1JLk.jpg (7e7a4cb0)
OK: P:\Photo\Из Сети\Карина\[vk] альбомы\[vk] NYC\lJHCDHby-gw.jpg
✅ CRC OK: P:\Photo\Из Сети\Карина\[vk] альбомы\[vk] NYC\lJHCDHby-gw.jpg (bb3934e9)
OK: P:\Photo\Из Сети\Карина\[vk] альбомы\[vk] NYC\mNrpKv6htuw.jpg
✅ CRC OK: P:\Photo\Из Сети\Карина\[vk] альбомы\[vk] NYC\mNrpKv6htuw.jpg (21e69619)
OK: P:\Photo\Из Сети\Карина\[vk] альбомы\[vk] NYC\mb_3J7ag4Cs.jpg
✅ CRC OK: P:\Photo\Из Сети\Карина\[vk] альбомы\[vk] NYC\mb_3J7ag4Cs.jpg (0149686e)
OK: P:\Photo\Из Сети\Карина\[vk] альбомы\[vk] NYC\mtkxHw9mFpY.jpg
✅ CRC OK: P:\Photo\Из Сети\Карина\[vk] альбомы\[vk] NYC\mtkxHw9mFpY.jpg (5f3b68ef)
OK: P:\Photo\Из Сети\Карина\[vk] альбомы\[vk] NYC\n9sUGjAcBnQ.jpg
✅ CRC OK: P:\Photo\Из Сети\Карина\[vk] альбомы\[vk] NYC\n9sUGjAcBnQ.jpg (14a7e4c0)
OK: P:\Photo\Из Сети\Карина\[vk] альбомы\[vk] NYC\niUPqQ6wgig.jpg
✅ CRC OK: P:\Photo\Из Сети\Карина\[vk] альбомы\[vk] NYC\niUPqQ6wgig.jpg (c38961f7)
OK: P:\Photo\Из Сети\Карина\[vk] альбомы\[vk] NYC\pnqMDjA3Cb8.jpg
✅ CRC OK: P:\Photo\Из Сети\Карина\[vk] альбомы\[vk] NYC\pnqMDjA3Cb8.jpg (b13aea24)
OK: P:\Photo\Из Сети\Карина\[vk] альбомы\[vk] NYC\psUm-Hk3708.jpg
✅ CRC OK: P:\Photo\Из Сети\Карина\[vk] альбомы\[vk] NYC\psUm-Hk3708.jpg (009837fa)
OK: P:\Photo\Из Сети\Карина\[vk] альбомы\[vk] NYC\pvLUbRv0Rqo.jpg
✅ CRC OK: P:\Photo\Из Сети\Карина\[vk] альбомы\[vk] NYC\pvLUbRv0Rqo.jpg (2873d7ca)
OK: P:\Photo\Из Сети\Карина\[vk] альбомы\[vk] NYC\qX6pmECTyDU.jpg
✅ CRC OK: P:\Photo\Из Сети\Карина\[vk] альбомы\[vk] NYC\qX6pmECTyDU.jpg (f2b6067c)
OK: P:\Photo\Из Сети\Карина\[vk] альбомы\[vk] NYC\qt5c_c6epdY.jpg
✅ CRC OK: P:\Photo\Из Сети\Карина\[vk] альбомы\[vk] NYC\qt5c_c6epdY.jpg (57ca7b08)
OK: P:\Photo\Из Сети\Карина\[vk] альбомы\[vk] NYC\t-5-7pqkM_0.jpg
✅ CRC OK: P:\Photo\Из Сети\Карина\[vk] альбомы\[vk] NYC\t-5-7pqkM_0.jpg (cac53c01)
OK: P:\Photo\Из Сети\Карина\[vk] альбомы\[vk] NYC\tJ3BMuRKLvg.jpg
✅ CRC OK: P:\Photo\Из Сети\Карина\[vk] альбомы\[vk] NYC\tJ3BMuRKLvg.jpg (9d4e5dfb)
OK: P:\Photo\Из Сети\Карина\[vk] альбомы\[vk] NYC\zGNd0rI7pRc.jpg
✅ CRC OK: P:\Photo\Из Сети\Карина\[vk] альбомы\[vk] NYC\zGNd0rI7pRc.jpg (620d0c47)
OK: P:\Photo\Из Сети\Карина\[vk] альбомы\[vk] NYC\zqcSXicFrgc.jpg
✅ CRC OK: P:\Photo\Из Сети\Карина\[vk] альбомы\[vk] NYC\zqcSXicFrgc.jpg (784743ad)
OK: P:\Photo\Из Сети\Карина\[vk] альбомы\[vk] Small_peaces_from_big_world
OK: P:\Photo\Из Сети\Карина\[vk] альбомы\[vk] Small_peaces_from_big_world\0PBQxcEhQvM.jpg
✅ CRC OK: P:\Photo\Из Сети\Карина\[vk] альбомы\[vk] Small_peaces_from_big_world\0PBQxcEhQvM.jpg (d83db805)
OK: P:\Photo\Из Сети\Карина\[vk] альбомы\[vk] Small_peaces_from_big_world\1pFTBLgy4bc.jpg
✅ CRC OK: P:\Photo\Из Сети\Карина\[vk] альбомы\[vk] Small_peaces_from_big_world\1pFTBLgy4bc.jpg (b5030543)
OK: P:\Photo\Из Сети\Карина\[vk] альбомы\[vk] Small_peaces_from_big_world\74GKDeUNa1g.jpg
✅ CRC OK: P:\Photo\Из Сети\Карина\[vk] альбомы\[vk] Small_peaces_from_big_world\74GKDeUNa1g.jpg (c6b4a582)
OK: P:\Photo\Из Сети\Карина\[vk] альбомы\[vk] Small_peaces_from_big_world\7VT3U7d26-A.jpg
✅ CRC OK: P:\Photo\Из Сети\Карина\[vk] альбомы\[vk] Small_peaces_from_big_world\7VT3U7d26-A.jpg (320be54c)
OK: P:\Photo\Из Сети\Карина\[vk] альбомы\[vk] Small_peaces_from_big_world\9XL47WSbEio.jpg
✅ CRC OK: P:\Photo\Из Сети\Карина\[vk] альбомы\[vk] Small_peaces_from_big_world\9XL47WSbEio.jpg (a447856e)
OK: P:\Photo\Из Сети\Карина\[vk] альбомы\[vk] Small_peaces_from_big_world\AN2dYkbJ52Y.jpg
✅ CRC OK: P:\Photo\Из Сети\Карина\[vk] альбомы\[vk] Small_peaces_from_big_world\AN2dYkbJ52Y.jpg (9c0ddd94)
OK: P:\Photo\Из Сети\Карина\[vk] альбомы\[vk] Small_peaces_from_big_world\Ejd3saD8QXE.jpg
✅ CRC OK: P:\Photo\Из Сети\Карина\[vk] альбомы\[vk] Small_peaces_from_big_world\Ejd3saD8QXE.jpg (8ada5022)
OK: P:\Photo\Из Сети\Карина\[vk] альбомы\[vk] Small_peaces_from_big_world\F2bUdenQW3s.jpg
✅ CRC OK: P:\Photo\Из Сети\Карина\[vk] альбомы\[vk] Small_peaces_from_big_world\F2bUdenQW3s.jpg (dd1b0985)
OK: P:\Photo\Из Сети\Карина\[vk] альбомы\[vk] Small_peaces_from_big_world\FK5KpEJ824o.jpg
✅ CRC OK: P:\Photo\Из Сети\Карина\[vk] альбомы\[vk] Small_peaces_from_big_world\FK5KpEJ824o.jpg (62c1bd02)
OK: P:\Photo\Из Сети\Карина\[vk] альбомы\[vk] Small_peaces_from_big_world\FKKLW5ZYfDA.jpg
✅ CRC OK: P:\Photo\Из Сети\Карина\[vk] альбомы\[vk] Small_peaces_from_big_world\FKKLW5ZYfDA.jpg (2ec46fad)
OK: P:\Photo\Из Сети\Карина\[vk] альбомы\[vk] Small_peaces_from_big_world\GWXBsO-8LQM.jpg
✅ CRC OK: P:\Photo\Из Сети\Карина\[vk] альбомы\[vk] Small_peaces_from_big_world\GWXBsO-8LQM.jpg (463226a7)
OK: P:\Photo\Из Сети\Карина\[vk] альбомы\[vk] Small_peaces_from_big_world\JcLNzEK0sCI.jpg
✅ CRC OK: P:\Photo\Из Сети\Карина\[vk] альбомы\[vk] Small_peaces_from_big_world\JcLNzEK0sCI.jpg (6cbd073f)
OK: P:\Photo\Из Сети\Карина\[vk] альбомы\[vk] Small_peaces_from_big_world\Jop1t8i85a8.jpg
✅ CRC OK: P:\Photo\Из Сети\Карина\[vk] альбомы\[vk] Small_peaces_from_big_world\Jop1t8i85a8.jpg (78e7219f)
OK: P:\Photo\Из Сети\Карина\[vk] альбомы\[vk] Small_peaces_from_big_world\Khnvlxn59II.jpg
✅ CRC OK: P:\Photo\Из Сети\Карина\[vk] альбомы\[vk] Small_peaces_from_big_world\Khnvlxn59II.jpg (cf746bd4)
OK: P:\Photo\Из Сети\Карина\[vk] альбомы\[vk] Small_peaces_from_big_world\Nuj9oYU731w.jpg
✅ CRC OK: P:\Photo\Из Сети\Карина\[vk] альбомы\[vk] Small_peaces_from_big_world\Nuj9oYU731w.jpg (cbf48a0e)
OK: P:\Photo\Из Сети\Карина\[vk] альбомы\[vk] Small_peaces_from_big_world\TEovBLqFO84.jpg
✅ CRC OK: P:\Photo\Из Сети\Карина\[vk] альбомы\[vk] Small_peaces_from_big_world\TEovBLqFO84.jpg (afe0d007)
OK: P:\Photo\Из Сети\Карина\[vk] альбомы\[vk] Small_peaces_from_big_world\V2131NooWuc.jpg
✅ CRC OK: P:\Photo\Из Сети\Карина\[vk] альбомы\[vk] Small_peaces_from_big_world\V2131NooWuc.jpg (4868cef0)
OK: P:\Photo\Из Сети\Карина\[vk] альбомы\[vk] Small_peaces_from_big_world\YpMb6qAazOc.jpg
✅ CRC OK: P:\Photo\Из Сети\Карина\[vk] альбомы\[vk] Small_peaces_from_big_world\YpMb6qAazOc.jpg (ea519dda)
OK: P:\Photo\Из Сети\Карина\[vk] альбомы\[vk] Small_peaces_from_big_world\Z1VdvvQpOG8.jpg
✅ CRC OK: P:\Photo\Из Сети\Карина\[vk] альбомы\[vk] Small_peaces_from_big_world\Z1VdvvQpOG8.jpg (865359a9)
OK: P:\Photo\Из Сети\Карина\[vk] альбомы\[vk] Small_peaces_from_big_world\c2xFeBgThD0.jpg
✅ CRC OK: P:\Photo\Из Сети\Карина\[vk] альбомы\[vk] Small_peaces_from_big_world\c2xFeBgThD0.jpg (60c5fce0)
OK: P:\Photo\Из Сети\Карина\[vk] альбомы\[vk] Small_peaces_from_big_world\ca1_cycyQCs.jpg
✅ CRC OK: P:\Photo\Из Сети\Карина\[vk] альбомы\[vk] Small_peaces_from_big_world\ca1_cycyQCs.jpg (ae09fc1a)
OK: P:\Photo\Из Сети\Карина\[vk] альбомы\[vk] Small_peaces_from_big_world\dmbpPOkIw2o.jpg
✅ CRC OK: P:\Photo\Из Сети\Карина\[vk] альбомы\[vk] Small_peaces_from_big_world\dmbpPOkIw2o.jpg (e4960736)
OK: P:\Photo\Из Сети\Карина\[vk] альбомы\[vk] Small_peaces_from_big_world\ezWdRLeSWuI.jpg
✅ CRC OK: P:\Photo\Из Сети\Карина\[vk] альбомы\[vk] Small_peaces_from_big_world\ezWdRLeSWuI.jpg (3ebbfdda)
OK: P:\Photo\Из Сети\Карина\[vk] альбомы\[vk] Small_peaces_from_big_world\f-DKNDqdbDM.jpg
✅ CRC OK: P:\Photo\Из Сети\Карина\[vk] альбомы\[vk] Small_peaces_from_big_world\f-DKNDqdbDM.jpg (870a5202)
OK: P:\Photo\Из Сети\Карина\[vk] альбомы\[vk] Small_peaces_from_big_world\f2qUnC--RGY.jpg
✅ CRC OK: P:\Photo\Из Сети\Карина\[vk] альбомы\[vk] Small_peaces_from_big_world\f2qUnC--RGY.jpg (0948c2b5)
OK: P:\Photo\Из Сети\Карина\[vk] альбомы\[vk] Small_peaces_from_big_world\fEWchB5NTFc.jpg
✅ CRC OK: P:\Photo\Из Сети\Карина\[vk] альбомы\[vk] Small_peaces_from_big_world\fEWchB5NTFc.jpg (7fe380ef)
OK: P:\Photo\Из Сети\Карина\[vk] альбомы\[vk] Small_peaces_from_big_world\gaGx475jHIk.jpg
✅ CRC OK: P:\Photo\Из Сети\Карина\[vk] альбомы\[vk] Small_peaces_from_big_world\gaGx475jHIk.jpg (26f7af3b)
OK: P:\Photo\Из Сети\Карина\[vk] альбомы\[vk] Small_peaces_from_big_world\jSFk-cOukeM.jpg
✅ CRC OK: P:\Photo\Из Сети\Карина\[vk] альбомы\[vk] Small_peaces_from_big_world\jSFk-cOukeM.jpg (88946d6f)
OK: P:\Photo\Из Сети\Карина\[vk] альбомы\[vk] Small_peaces_from_big_world\kQFjLWL_3ZE.jpg
✅ CRC OK: P:\Photo\Из Сети\Карина\[vk] альбомы\[vk] Small_peaces_from_big_world\kQFjLWL_3ZE.jpg (49083e8d)
OK: P:\Photo\Из Сети\Карина\[vk] альбомы\[vk] Small_peaces_from_big_world\koRfNyaMHi4.jpg
✅ CRC OK: P:\Photo\Из Сети\Карина\[vk] альбомы\[vk] Small_peaces_from_big_world\koRfNyaMHi4.jpg (2213fcc1)
OK: P:\Photo\Из Сети\Карина\[vk] альбомы\[vk] Small_peaces_from_big_world\pWc8gWvYE8M.jpg
✅ CRC OK: P:\Photo\Из Сети\Карина\[vk] альбомы\[vk] Small_peaces_from_big_world\pWc8gWvYE8M.jpg (f714a203)
OK: P:\Photo\Из Сети\Карина\[vk] альбомы\[vk] Small_peaces_from_big_world\pxeXQIGAeK4.jpg
✅ CRC OK: P:\Photo\Из Сети\Карина\[vk] альбомы\[vk] Small_peaces_from_big_world\pxeXQIGAeK4.jpg (089d65dc)
OK: P:\Photo\Из Сети\Карина\[vk] альбомы\[vk] Small_peaces_from_big_world\sC5fVBJ5NKM.jpg
✅ CRC OK: P:\Photo\Из Сети\Карина\[vk] альбомы\[vk] Small_peaces_from_big_world\sC5fVBJ5NKM.jpg (8b58980b)
OK: P:\Photo\Из Сети\Карина\[vk] альбомы\[vk] Small_peaces_from_big_world\uK3IhznY4fc.jpg
✅ CRC OK: P:\Photo\Из Сети\Карина\[vk] альбомы\[vk] Small_peaces_from_big_world\uK3IhznY4fc.jpg (50d8b703)
OK: P:\Photo\Из Сети\Карина\[vk] альбомы\[vk] Small_peaces_from_big_world\vWuJ-vHESJM.jpg
✅ CRC OK: P:\Photo\Из Сети\Карина\[vk] альбомы\[vk] Small_peaces_from_big_world\vWuJ-vHESJM.jpg (c123be70)
OK: P:\Photo\Из Сети\Карина\[vk] альбомы\[vk] Small_peaces_from_big_world\xVyiw98BaZU.jpg
✅ CRC OK: P:\Photo\Из Сети\Карина\[vk] альбомы\[vk] Small_peaces_from_big_world\xVyiw98BaZU.jpg (d73cae9c)
OK: P:\Photo\Из Сети\Карина\[vk] альбомы\[vk] Small_peaces_from_big_world\xt1KR9SgVY0.jpg
✅ CRC OK: P:\Photo\Из Сети\Карина\[vk] альбомы\[vk] Small_peaces_from_big_world\xt1KR9SgVY0.jpg (ea4bc6c3)
OK: P:\Photo\Из Сети\Карина\[vk] альбомы\[vk] bar_street
OK: P:\Photo\Из Сети\Карина\[vk] альбомы\[vk] bar_street\0ab727c8.jpg
✅ CRC OK: P:\Photo\Из Сети\Карина\[vk] альбомы\[vk] bar_street\0ab727c8.jpg (ea36075a)
OK: P:\Photo\Из Сети\Карина\[vk] альбомы\[vk] bar_street\0bcc01bc.jpg
✅ CRC OK: P:\Photo\Из Сети\Карина\[vk] альбомы\[vk] bar_street\0bcc01bc.jpg (b0c92f47)
OK: P:\Photo\Из Сети\Карина\[vk] альбомы\[vk] bar_street\212fe665.jpg
✅ CRC OK: P:\Photo\Из Сети\Карина\[vk] альбомы\[vk] bar_street\212fe665.jpg (54edf7b4)
OK: P:\Photo\Из Сети\Карина\[vk] альбомы\[vk] bar_street\21ef7832.jpg
✅ CRC OK: P:\Photo\Из Сети\Карина\[vk] альбомы\[vk] bar_street\21ef7832.jpg (45feadd3)
OK: P:\Photo\Из Сети\Карина\[vk] альбомы\[vk] bar_street\2b72f2a2.jpg
✅ CRC OK: P:\Photo\Из Сети\Карина\[vk] альбомы\[vk] bar_street\2b72f2a2.jpg (e22d4768)
OK: P:\Photo\Из Сети\Карина\[vk] альбомы\[vk] bar_street\2c8b4deb.jpg
✅ CRC OK: P:\Photo\Из Сети\Карина\[vk] альбомы\[vk] bar_street\2c8b4deb.jpg (7075420a)
OK: P:\Photo\Из Сети\Карина\[vk] альбомы\[vk] bar_street\3bab29b4.jpg
✅ CRC OK: P:\Photo\Из Сети\Карина\[vk] альбомы\[vk] bar_street\3bab29b4.jpg (1320e089)
OK: P:\Photo\Из Сети\Карина\[vk] альбомы\[vk] bar_street\4a1c6850.jpg
✅ CRC OK: P:\Photo\Из Сети\Карина\[vk] альбомы\[vk] bar_street\4a1c6850.jpg (3d2148bb)
OK: P:\Photo\Из Сети\Карина\[vk] альбомы\[vk] bar_street\5a0c0300.jpg
✅ CRC OK: P:\Photo\Из Сети\Карина\[vk] альбомы\[vk] bar_street\5a0c0300.jpg (9810d630)
OK: P:\Photo\Из Сети\Карина\[vk] альбомы\[vk] bar_street\5d78bbec.jpg
✅ CRC OK: P:\Photo\Из Сети\Карина\[vk] альбомы\[vk] bar_street\5d78bbec.jpg (3b1baaf4)
OK: P:\Photo\Из Сети\Карина\[vk] альбомы\[vk] bar_street\657408a0.jpg
✅ CRC OK: P:\Photo\Из Сети\Карина\[vk] альбомы\[vk] bar_street\657408a0.jpg (456c4d22)
OK: P:\Photo\Из Сети\Карина\[vk] альбомы\[vk] bar_street\742fbf30.jpg
✅ CRC OK: P:\Photo\Из Сети\Карина\[vk] альбомы\[vk] bar_street\742fbf30.jpg (ca1659f2)
OK: P:\Photo\Из Сети\Карина\[vk] альбомы\[vk] bar_street\9ddb3b74.jpg
✅ CRC OK: P:\Photo\Из Сети\Карина\[vk] альбомы\[vk] bar_street\9ddb3b74.jpg (bf844134)
OK: P:\Photo\Из Сети\Карина\[vk] альбомы\[vk] bar_street\aa3a3feb.jpg
✅ CRC OK: P:\Photo\Из Сети\Карина\[vk] альбомы\[vk] bar_street\aa3a3feb.jpg (a38a7a2c)
OK: P:\Photo\Из Сети\Карина\[vk] альбомы\[vk] bar_street\b365c9ef.jpg
✅ CRC OK: P:\Photo\Из Сети\Карина\[vk] альбомы\[vk] bar_street\b365c9ef.jpg (b968c159)
OK: P:\Photo\Из Сети\Карина\[vk] альбомы\[vk] bar_street\b48a4917.jpg
✅ CRC OK: P:\Photo\Из Сети\Карина\[vk] альбомы\[vk] bar_street\b48a4917.jpg (cdf4d0ab)
OK: P:\Photo\Из Сети\Карина\[vk] альбомы\[vk] bar_street\bb34f84b.jpg
✅ CRC OK: P:\Photo\Из Сети\Карина\[vk] альбомы\[vk] bar_street\bb34f84b.jpg (2ddb29d9)
OK: P:\Photo\Из Сети\Карина\[vk] альбомы\[vk] bar_street\d4aa4e1a.jpg
✅ CRC OK: P:\Photo\Из Сети\Карина\[vk] альбомы\[vk] bar_street\d4aa4e1a.jpg (6070de7a)
OK: P:\Photo\Из Сети\Карина\[vk] альбомы\[vk] bar_street\d86b66d8.jpg
✅ CRC OK: P:\Photo\Из Сети\Карина\[vk] альбомы\[vk] bar_street\d86b66d8.jpg (de7f63f2)
OK: P:\Photo\Из Сети\Карина\[vk] альбомы\[vk] bar_street\e07524ae.jpg
✅ CRC OK: P:\Photo\Из Сети\Карина\[vk] альбомы\[vk] bar_street\e07524ae.jpg (dce56aae)
OK: P:\Photo\Из Сети\Карина\[vk] альбомы\[vk] bar_street\eb0c2de9.jpg
✅ CRC OK: P:\Photo\Из Сети\Карина\[vk] альбомы\[vk] bar_street\eb0c2de9.jpg (37f0f294)
OK: P:\Photo\Из Сети\Карина\[vk] альбомы\[vk] bar_street\ec9c891c.jpg
✅ CRC OK: P:\Photo\Из Сети\Карина\[vk] альбомы\[vk] bar_street\ec9c891c.jpg (266519c6)
OK: P:\Photo\Из Сети\Карина\[vk] альбомы\[vk] bar_street\ed681f90.jpg
✅ CRC OK: P:\Photo\Из Сети\Карина\[vk] альбомы\[vk] bar_street\ed681f90.jpg (86e330b0)
OK: P:\Photo\Из Сети\Карина\[vk] альбомы\[vk] bar_street\efc4c5b8.jpg
✅ CRC OK: P:\Photo\Из Сети\Карина\[vk] альбомы\[vk] bar_street\efc4c5b8.jpg (fd7a6478)
OK: P:\Photo\Из Сети\Карина\akxI4EFExU0.jpg
✅ CRC OK: P:\Photo\Из Сети\Карина\akxI4EFExU0.jpg (3c6bea58)
OK: P:\Photo\Из Сети\Карина\am0UfmXWNvk.jpg
✅ CRC OK: P:\Photo\Из Сети\Карина\am0UfmXWNvk.jpg (12441360)
OK: P:\Photo\Из Сети\Карина\aufW3KP2vSk.jpg
✅ CRC OK: P:\Photo\Из Сети\Карина\aufW3KP2vSk.jpg (12ad912e)
OK: P:\Photo\Из Сети\Карина\dPGSHMNEitE.jpg
✅ CRC OK: P:\Photo\Из Сети\Карина\dPGSHMNEitE.jpg (d944216e)
OK: P:\Photo\Из Сети\Карина\eHb8sIASWWk.jpg
✅ CRC OK: P:\Photo\Из Сети\Карина\eHb8sIASWWk.jpg (9a2c1776)
OK: P:\Photo\Из Сети\Карина\e_Z9n9gWnTw.jpg
✅ CRC OK: P:\Photo\Из Сети\Карина\e_Z9n9gWnTw.jpg (144f01d7)
OK: P:\Photo\Из Сети\Карина\jYitVwNTa-M.jpg
✅ CRC OK: P:\Photo\Из Сети\Карина\jYitVwNTa-M.jpg (5725518d)
OK: P:\Photo\Из Сети\Карина\kv6YZk-wPbY.jpg
✅ CRC OK: P:\Photo\Из Сети\Карина\kv6YZk-wPbY.jpg (0a13be3d)
OK: P:\Photo\Из Сети\Карина\lB0nTLrmBXI.jpg
✅ CRC OK: P:\Photo\Из Сети\Карина\lB0nTLrmBXI.jpg (5f5c2730)
OK: P:\Photo\Из Сети\Карина\lDJaErgUr88.jpg
✅ CRC OK: P:\Photo\Из Сети\Карина\lDJaErgUr88.jpg (b242b264)
OK: P:\Photo\Из Сети\Карина\lZe8jltThhU.jpg
✅ CRC OK: P:\Photo\Из Сети\Карина\lZe8jltThhU.jpg (063f16c9)
OK: P:\Photo\Из Сети\Карина\lnnMm2Xipdc.jpg
✅ CRC OK: P:\Photo\Из Сети\Карина\lnnMm2Xipdc.jpg (22560d03)
OK: P:\Photo\Из Сети\Карина\m55f9-ed__o.jpg
✅ CRC OK: P:\Photo\Из Сети\Карина\m55f9-ed__o.jpg (bc3b3962)
OK: P:\Photo\Из Сети\Карина\oHt832iytBw.jpg
✅ CRC OK: P:\Photo\Из Сети\Карина\oHt832iytBw.jpg (d5b48b52)
OK: P:\Photo\Из Сети\Карина\oxNIbNbTgQ4.jpg
✅ CRC OK: P:\Photo\Из Сети\Карина\oxNIbNbTgQ4.jpg (1dd9b1d5)
OK: P:\Photo\Из Сети\Карина\pMa7E4sXpkA.jpg
✅ CRC OK: P:\Photo\Из Сети\Карина\pMa7E4sXpkA.jpg (d8f16cc9)
OK: P:\Photo\Из Сети\Карина\qd1dkwbX7uo.jpg
✅ CRC OK: P:\Photo\Из Сети\Карина\qd1dkwbX7uo.jpg (b333253d)
OK: P:\Photo\Из Сети\Карина\rAIch_KNdrU.jpg
✅ CRC OK: P:\Photo\Из Сети\Карина\rAIch_KNdrU.jpg (5946d99a)
OK: P:\Photo\Из Сети\Карина\rT2sPeIQrUo.jpg
✅ CRC OK: P:\Photo\Из Сети\Карина\rT2sPeIQrUo.jpg (c2a461eb)
OK: P:\Photo\Из Сети\Карина\rYbsLyRbn3g.jpg
✅ CRC OK: P:\Photo\Из Сети\Карина\rYbsLyRbn3g.jpg (0b1d4ae9)
OK: P:\Photo\Из Сети\Карина\rlaT-4_WlSg.jpg
✅ CRC OK: P:\Photo\Из Сети\Карина\rlaT-4_WlSg.jpg (c8d3c45b)
OK: P:\Photo\Из Сети\Карина\s3EybKgyBXA.jpg
✅ CRC OK: P:\Photo\Из Сети\Карина\s3EybKgyBXA.jpg (42c44a6e)
OK: P:\Photo\Из Сети\Карина\tMRv8OSj4z4.jpg
✅ CRC OK: P:\Photo\Из Сети\Карина\tMRv8OSj4z4.jpg (f2ba8daa)
OK: P:\Photo\Из Сети\Карина\tpFriLXYEXA.jpg
✅ CRC OK: P:\Photo\Из Сети\Карина\tpFriLXYEXA.jpg (4a4565df)
OK: P:\Photo\Из Сети\Карина\wMq3ch6ycjY.jpg
✅ CRC OK: P:\Photo\Из Сети\Карина\wMq3ch6ycjY.jpg (d967e632)
OK: P:\Photo\Из Сети\Карина\x_0bdc3213.jpg
✅ CRC OK: P:\Photo\Из Сети\Карина\x_0bdc3213.jpg (0b1041d4)
OK: P:\Photo\Из Сети\Карина\x_2223a9f0.jpg
✅ CRC OK: P:\Photo\Из Сети\Карина\x_2223a9f0.jpg (062b2b41)
OK: P:\Photo\Из Сети\Карина\x_2d65c9a9.jpg
✅ CRC OK: P:\Photo\Из Сети\Карина\x_2d65c9a9.jpg (356e838b)
OK: P:\Photo\Из Сети\Карина\x_376a55c4.jpg
✅ CRC OK: P:\Photo\Из Сети\Карина\x_376a55c4.jpg (7d7e5fa7)
OK: P:\Photo\Из Сети\Карина\x_47e8c385.jpg
✅ CRC OK: P:\Photo\Из Сети\Карина\x_47e8c385.jpg (14a3bfcf)
OK: P:\Photo\Из Сети\Карина\x_4b06b878.jpg
✅ CRC OK: P:\Photo\Из Сети\Карина\x_4b06b878.jpg (a527e3ca)
OK: P:\Photo\Из Сети\Карина\x_6ebe20a6.jpg
✅ CRC OK: P:\Photo\Из Сети\Карина\x_6ebe20a6.jpg (d97dcc09)
OK: P:\Photo\Из Сети\Карина\x_be42f6bd.jpg
✅ CRC OK: P:\Photo\Из Сети\Карина\x_be42f6bd.jpg (c7e1bfef)
OK: P:\Photo\Из Сети\Карина\x_c39e5c18.jpg
✅ CRC OK: P:\Photo\Из Сети\Карина\x_c39e5c18.jpg (566fc6c5)
OK: P:\Photo\Из Сети\Карина\x_e68660ca.jpg
✅ CRC OK: P:\Photo\Из Сети\Карина\x_e68660ca.jpg (cbe53a0d)
OK: P:\Photo\Из Сети\Карина\x_fd21d55a.jpg
✅ CRC OK: P:\Photo\Из Сети\Карина\x_fd21d55a.jpg (f277f44d)
OK: P:\Photo\Из Сети\Карина\yRFVxUSVp0I.jpg
✅ CRC OK: P:\Photo\Из Сети\Карина\yRFVxUSVp0I.jpg (c1f2839e)
OK: P:\Photo\Из Сети\Карина\z6YckiNDA7U.jpg
✅ CRC OK: P:\Photo\Из Сети\Карина\z6YckiNDA7U.jpg (c2aecabc)
OK: P:\Photo\Из Сети\Карина\zQjj9BECUCw.jpg
✅ CRC OK: P:\Photo\Из Сети\Карина\zQjj9BECUCw.jpg (fdc43467)
OK: P:\Photo\Из Сети\Карина_.ecllipse.__
OK: P:\Photo\Из Сети\Карина_.ecllipse.__\279054179_574096793778673_6867995210134822089_n.jpg
✅ CRC OK: P:\Photo\Из Сети\Карина_.ecllipse.__\279054179_574096793778673_6867995210134822089_n.jpg (44d0efeb)
OK: P:\Photo\Из Сети\Карина_.ecllipse.__\Karina_eclipse_001.jpg
✅ CRC OK: P:\Photo\Из Сети\Карина_.ecllipse.__\Karina_eclipse_001.jpg (63c1f5ab)
OK: P:\Photo\Из Сети\Карина_.ecllipse.__\Karina_eclipse_0010.jpg
✅ CRC OK: P:\Photo\Из Сети\Карина_.ecllipse.__\Karina_eclipse_0010.jpg (b3d5a138)
OK: P:\Photo\Из Сети\Карина_.ecllipse.__\Karina_eclipse_0011.jpg
✅ CRC OK: P:\Photo\Из Сети\Карина_.ecllipse.__\Karina_eclipse_0011.jpg (7fd6677d)
OK: P:\Photo\Из Сети\Карина_.ecllipse.__\Karina_eclipse_0012.jpg
✅ CRC OK: P:\Photo\Из Сети\Карина_.ecllipse.__\Karina_eclipse_0012.jpg (cec18a0c)
OK: P:\Photo\Из Сети\Карина_.ecllipse.__\Karina_eclipse_0013.jpg
✅ CRC OK: P:\Photo\Из Сети\Карина_.ecllipse.__\Karina_eclipse_0013.jpg (9414aaf1)
OK: P:\Photo\Из Сети\Карина_.ecllipse.__\Karina_eclipse_0014.jpg
✅ CRC OK: P:\Photo\Из Сети\Карина_.ecllipse.__\Karina_eclipse_0014.jpg (25679808)
OK: P:\Photo\Из Сети\Карина_.ecllipse.__\Karina_eclipse_0015.jpg
✅ CRC OK: P:\Photo\Из Сети\Карина_.ecllipse.__\Karina_eclipse_0015.jpg (5fb41c96)
OK: P:\Photo\Из Сети\Карина_.ecllipse.__\Karina_eclipse_0016.jpg
✅ CRC OK: P:\Photo\Из Сети\Карина_.ecllipse.__\Karina_eclipse_0016.jpg (c60c86d2)
OK: P:\Photo\Из Сети\Карина_.ecllipse.__\Karina_eclipse_0017.jpg
✅ CRC OK: P:\Photo\Из Сети\Карина_.ecllipse.__\Karina_eclipse_0017.jpg (3248ef7d)
OK: P:\Photo\Из Сети\Карина_.ecllipse.__\Karina_eclipse_0018.jpg
✅ CRC OK: P:\Photo\Из Сети\Карина_.ecllipse.__\Karina_eclipse_0018.jpg (c76bd9fb)
OK: P:\Photo\Из Сети\Карина_.ecllipse.__\Karina_eclipse_0019.jpg
✅ CRC OK: P:\Photo\Из Сети\Карина_.ecllipse.__\Karina_eclipse_0019.jpg (edd78c8d)
OK: P:\Photo\Из Сети\Карина_.ecllipse.__\Karina_eclipse_002.jpg
✅ CRC OK: P:\Photo\Из Сети\Карина_.ecllipse.__\Karina_eclipse_002.jpg (28d61c38)
OK: P:\Photo\Из Сети\Карина_.ecllipse.__\Karina_eclipse_0020.jpg
✅ CRC OK: P:\Photo\Из Сети\Карина_.ecllipse.__\Karina_eclipse_0020.jpg (6f703136)
OK: P:\Photo\Из Сети\Карина_.ecllipse.__\Karina_eclipse_0022.jpg
✅ CRC OK: P:\Photo\Из Сети\Карина_.ecllipse.__\Karina_eclipse_0022.jpg (be9ada9b)
OK: P:\Photo\Из Сети\Карина_.ecllipse.__\Karina_eclipse_0023.jpg
✅ CRC OK: P:\Photo\Из Сети\Карина_.ecllipse.__\Karina_eclipse_0023.jpg (be9ada9b)
OK: P:\Photo\Из Сети\Карина_.ecllipse.__\Karina_eclipse_0024.jpg
✅ CRC OK: P:\Photo\Из Сети\Карина_.ecllipse.__\Karina_eclipse_0024.jpg (11f7a481)
OK: P:\Photo\Из Сети\Карина_.ecllipse.__\Karina_eclipse_0025.jpg
✅ CRC OK: P:\Photo\Из Сети\Карина_.ecllipse.__\Karina_eclipse_0025.jpg (cc31f815)
OK: P:\Photo\Из Сети\Карина_.ecllipse.__\Karina_eclipse_003.jpg
✅ CRC OK: P:\Photo\Из Сети\Карина_.ecllipse.__\Karina_eclipse_003.jpg (696a3694)
OK: P:\Photo\Из Сети\Карина_.ecllipse.__\Karina_eclipse_004.jpg
✅ CRC OK: P:\Photo\Из Сети\Карина_.ecllipse.__\Karina_eclipse_004.jpg (290f43cf)
OK: P:\Photo\Из Сети\Карина_.ecllipse.__\Karina_eclipse_005.jpg
✅ CRC OK: P:\Photo\Из Сети\Карина_.ecllipse.__\Karina_eclipse_005.jpg (1ce2bdf7)
OK: P:\Photo\Из Сети\Карина_.ecllipse.__\Karina_eclipse_006.jpg
✅ CRC OK: P:\Photo\Из Сети\Карина_.ecllipse.__\Karina_eclipse_006.jpg (7dfeab87)
OK: P:\Photo\Из Сети\Карина_.ecllipse.__\Karina_eclipse_007.jpg
✅ CRC OK: P:\Photo\Из Сети\Карина_.ecllipse.__\Karina_eclipse_007.jpg (203cdbc3)
OK: P:\Photo\Из Сети\Карина_.ecllipse.__\Karina_eclipse_008.jpg
✅ CRC OK: P:\Photo\Из Сети\Карина_.ecllipse.__\Karina_eclipse_008.jpg (94386bbf)
OK: P:\Photo\Из Сети\Карина_.ecllipse.__\Karina_eclipse_009.jpg
✅ CRC OK: P:\Photo\Из Сети\Карина_.ecllipse.__\Karina_eclipse_009.jpg (c2d63748)
OK: P:\Photo\Из Сети\Карина_.ecllipse.__\ecllipse_1713586607815.jpeg
✅ CRC OK: P:\Photo\Из Сети\Карина_.ecllipse.__\ecllipse_1713586607815.jpeg (927f8b51)
OK: P:\Photo\Из Сети\Карина_.ecllipse.__\karina2020251_173927793_1111296872723647_1734793507453319273_n.jpg
✅ CRC OK: P:\Photo\Из Сети\Карина_.ecllipse.__\karina2020251_173927793_1111296872723647_1734793507453319273_n.jpg (8bf97306)
OK: P:\Photo\Из Сети\Карина_.ecllipse.__\karina2020251_185782384_241711224378620_1699736849771523856_n.jpg
✅ CRC OK: P:\Photo\Из Сети\Карина_.ecllipse.__\karina2020251_185782384_241711224378620_1699736849771523856_n.jpg (4a531148)
OK: P:\Photo\Из Сети\Карина_.ecllipse.__\vasileva_jully_1704953467933.jpeg
✅ CRC OK: P:\Photo\Из Сети\Карина_.ecllipse.__\vasileva_jully_1704953467933.jpeg (0c7e01d7)
OK: P:\Photo\Из Сети\Карина_.ecllipse.__\vasileva_jully_1704953469178.jpeg
✅ CRC OK: P:\Photo\Из Сети\Карина_.ecllipse.__\vasileva_jully_1704953469178.jpeg (1db0244e)
OK: P:\Photo\Из Сети\Карина_.ecllipse.__\vasileva_jully_1704953546496.jpeg
✅ CRC OK: P:\Photo\Из Сети\Карина_.ecllipse.__\vasileva_jully_1704953546496.jpeg (11f7a481)
OK: P:\Photo\Из Сети\Карина_.ecllipse.__\vasileva_jully_1704953548305.jpeg
✅ CRC OK: P:\Photo\Из Сети\Карина_.ecllipse.__\vasileva_jully_1704953548305.jpeg (be9ada9b)
OK: P:\Photo\Из Сети\Карина_.ecllipse.__\vasileva_jully_1704953555171.jpeg
✅ CRC OK: P:\Photo\Из Сети\Карина_.ecllipse.__\vasileva_jully_1704953555171.jpeg (d1820e3a)
OK: P:\Photo\Из Сети\Карина_.ecllipse.__\vasileva_jully_1704953671636.jpeg
✅ CRC OK: P:\Photo\Из Сети\Карина_.ecllipse.__\vasileva_jully_1704953671636.jpeg (c60c86d2)
OK: P:\Photo\Из Сети\Карина_.ecllipse.__\vasileva_jully_1704953680249.jpeg
✅ CRC OK: P:\Photo\Из Сети\Карина_.ecllipse.__\vasileva_jully_1704953680249.jpeg (3248ef7d)
OK: P:\Photo\Из Сети\Карина_.ecllipse.__\vasileva_jully_1704953699897.jpeg
✅ CRC OK: P:\Photo\Из Сети\Карина_.ecllipse.__\vasileva_jully_1704953699897.jpeg (a2ef740a)
OK: P:\Photo\Из Сети\Карина_.ecllipse.__\vasileva_jully_1704953705353.jpeg
✅ CRC OK: P:\Photo\Из Сети\Карина_.ecllipse.__\vasileva_jully_1704953705353.jpeg (65a2194f)
OK: P:\Photo\Из Сети\Кариночка
OK: P:\Photo\Из Сети\Кариночка\0001.jpg
✅ CRC OK: P:\Photo\Из Сети\Кариночка\0001.jpg (24ce3cda)
OK: P:\Photo\Из Сети\Кариночка\00011.jpg
✅ CRC OK: P:\Photo\Из Сети\Кариночка\00011.jpg (56f95a33)
OK: P:\Photo\Из Сети\Кариночка\00012.jpg
✅ CRC OK: P:\Photo\Из Сети\Кариночка\00012.jpg (bd16a6d4)
OK: P:\Photo\Из Сети\Кариночка\00013.jpg
✅ CRC OK: P:\Photo\Из Сети\Кариночка\00013.jpg (0c4bb4c0)
OK: P:\Photo\Из Сети\Кариночка\0002.jpg
✅ CRC OK: P:\Photo\Из Сети\Кариночка\0002.jpg (c83e876e)
OK: P:\Photo\Из Сети\Кариночка\0003.jpg
✅ CRC OK: P:\Photo\Из Сети\Кариночка\0003.jpg (c48688d8)
OK: P:\Photo\Из Сети\Кариночка\0004.jpg
✅ CRC OK: P:\Photo\Из Сети\Кариночка\0004.jpg (5de3a2c4)
OK: P:\Photo\Из Сети\Кариночка\0005.jpg
✅ CRC OK: P:\Photo\Из Сети\Кариночка\0005.jpg (a4f2243f)
OK: P:\Photo\Из Сети\Кариночка\0006.jpg
✅ CRC OK: P:\Photo\Из Сети\Кариночка\0006.jpg (74865093)
OK: P:\Photo\Из Сети\Кариночка\0007.jpg
✅ CRC OK: P:\Photo\Из Сети\Кариночка\0007.jpg (d6f996d1)
OK: P:\Photo\Из Сети\Кариночка\0009.jpg
✅ CRC OK: P:\Photo\Из Сети\Кариночка\0009.jpg (ee86c264)
OK: P:\Photo\Из Сети\Кариночка\1704866541913.jpeg
✅ CRC OK: P:\Photo\Из Сети\Кариночка\1704866541913.jpeg (6da5216c)
OK: P:\Photo\Из Сети\Кариночка\1704866743830.jpeg
✅ CRC OK: P:\Photo\Из Сети\Кариночка\1704866743830.jpeg (f9086d5f)
OK: P:\Photo\Из Сети\Кариночка\fgynff44-268013626_330143922276550_3569998059715335_n.jpg
✅ CRC OK: P:\Photo\Из Сети\Кариночка\fgynff44-268013626_330143922276550_3569998059715335_n.jpg (e7ca0ef4)
OK: P:\Photo\Из Сети\Кариночка\fgynff44-268087311_265434602156716_3900849911690505866_n.jpg
✅ CRC OK: P:\Photo\Из Сети\Кариночка\fgynff44-268087311_265434602156716_3900849911690505866_n.jpg (1014c9bb)
OK: P:\Photo\Из Сети\Кариночка\karinakudinova54-106031938_1605092909650735_7898535269871608544_n.jpg
✅ CRC OK: P:\Photo\Из Сети\Кариночка\karinakudinova54-106031938_1605092909650735_7898535269871608544_n.jpg (7c3da3de)
OK: P:\Photo\Из Сети\Кариночка\karinakudinova54-106036947_262102691747028_2022491234977985602_n.jpg
✅ CRC OK: P:\Photo\Из Сети\Кариночка\karinakudinova54-106036947_262102691747028_2022491234977985602_n.jpg (edc87e02)
OK: P:\Photo\Из Сети\Кариночка\karinakudinova54-106400776_2838163202954562_3537643502451687811_n.jpg
✅ CRC OK: P:\Photo\Из Сети\Кариночка\karinakudinova54-106400776_2838163202954562_3537643502451687811_n.jpg (73537e32)
OK: P:\Photo\Из Сети\Кариночка\karinakudinova54-106494474_3176784929066995_2611264253249188491_n.jpg
✅ CRC OK: P:\Photo\Из Сети\Кариночка\karinakudinova54-106494474_3176784929066995_2611264253249188491_n.jpg (cd0cd8ac)
OK: P:\Photo\Из Сети\Кариночка\karinakudinova54_106031938_1605092909650735_7898535269871608544_n.jpg
✅ CRC OK: P:\Photo\Из Сети\Кариночка\karinakudinova54_106031938_1605092909650735_7898535269871608544_n.jpg (7c3da3de)
OK: P:\Photo\Из Сети\Кариночка\karinakudinova54_106538347_799957670409309_5719937979577230271_n.jpg
✅ CRC OK: P:\Photo\Из Сети\Кариночка\karinakudinova54_106538347_799957670409309_5719937979577230271_n.jpg (822b5764)
OK: P:\Photo\Из Сети\Кариночка\karinakudinova54_1696943073_3210513652807627272_38433332506.jpg
✅ CRC OK: P:\Photo\Из Сети\Кариночка\karinakudinova54_1696943073_3210513652807627272_38433332506.jpg (45528f39)
OK: P:\Photo\Из Сети\Кариночка\karinakudinova54_1696943085_3210513750878717500_38433332506.jpg
✅ CRC OK: P:\Photo\Из Сети\Кариночка\karinakudinova54_1696943085_3210513750878717500_38433332506.jpg (66674d10)
OK: P:\Photo\Из Сети\Кариночка\karinakudinova54_1696967329_3210717130910582456_38433332506.jpg
✅ CRC OK: P:\Photo\Из Сети\Кариночка\karinakudinova54_1696967329_3210717130910582456_38433332506.jpg (b46bd5e5)
OK: P:\Photo\Из Сети\Кариночка\karinakudinova54_1696967398_3210717706964566410_38433332506.jpg
✅ CRC OK: P:\Photo\Из Сети\Кариночка\karinakudinova54_1696967398_3210717706964566410_38433332506.jpg (ad603c35)
OK: P:\Photo\Из Сети\Кариночка\karinakudinova54_1697005474_3211037107198014497_38433332506.jpg
✅ CRC OK: P:\Photo\Из Сети\Кариночка\karinakudinova54_1697005474_3211037107198014497_38433332506.jpg (c29b8713)
OK: P:\Photo\Из Сети\Кариночка\karinakudinova54_1697005515_3211037454402467177_38433332506.jpg
✅ CRC OK: P:\Photo\Из Сети\Кариночка\karinakudinova54_1697005515_3211037454402467177_38433332506.jpg (5cc0f1fc)
OK: P:\Photo\Из Сети\Кариночка\karinakudinova54_1697040811_3211333536093234372_38433332506.jpg
✅ CRC OK: P:\Photo\Из Сети\Кариночка\karinakudinova54_1697040811_3211333536093234372_38433332506.jpg (8127c4ff)
OK: P:\Photo\Из Сети\Кариночка\karinakudinova54_1700678139_3241845396492577367_38433332506.mp4
✅ CRC OK: P:\Photo\Из Сети\Кариночка\karinakudinova54_1700678139_3241845396492577367_38433332506.mp4 (f3e6e74b)
OK: P:\Photo\Из Сети\Кариночка\karinakudinova54_1700687173_3241921437269579480_38433332506.jpg
✅ CRC OK: P:\Photo\Из Сети\Кариночка\karinakudinova54_1700687173_3241921437269579480_38433332506.jpg (60daa7e1)
OK: P:\Photo\Из Сети\Кариночка\karinakudinova54_1700687194_3241921613598066157_38433332506.jpg
✅ CRC OK: P:\Photo\Из Сети\Кариночка\karinakudinova54_1700687194_3241921613598066157_38433332506.jpg (0d41be2f)
OK: P:\Photo\Из Сети\Кариночка\karinakudinova54_1700760848_3242539043466080323_38433332506.mp4
✅ CRC OK: P:\Photo\Из Сети\Кариночка\karinakudinova54_1700760848_3242539043466080323_38433332506.mp4 (683d69af)
OK: P:\Photo\Из Сети\Кариночка\karinakudinova54_1700850344_3243289033708846373_38433332506.mp4
✅ CRC OK: P:\Photo\Из Сети\Кариночка\karinakudinova54_1700850344_3243289033708846373_38433332506.mp4 (95f26b72)
OK: P:\Photo\Из Сети\Кариночка\karinakudinova54_1700862878_3243395217514273880_38433332506.mp4
✅ CRC OK: P:\Photo\Из Сети\Кариночка\karinakudinova54_1700862878_3243395217514273880_38433332506.mp4 (b67a9c54)
OK: P:\Photo\Из Сети\Кариночка\karinakudinova54_1701087518_3245278912122587445_38433332506.mp4
✅ CRC OK: P:\Photo\Из Сети\Кариночка\karinakudinova54_1701087518_3245278912122587445_38433332506.mp4 (3ef6aed1)
OK: P:\Photo\Из Сети\Кариночка\karinakudinova54_1702322188_3255636068269879637_38433332506.mp4
✅ CRC OK: P:\Photo\Из Сети\Кариночка\karinakudinova54_1702322188_3255636068269879637_38433332506.mp4 (b1c46da0)
OK: P:\Photo\Из Сети\Кариночка\karinakudinova54_1702386259_3256174405224564189_38433332506.jpg
✅ CRC OK: P:\Photo\Из Сети\Кариночка\karinakudinova54_1702386259_3256174405224564189_38433332506.jpg (6d5e2fd6)
OK: P:\Photo\Из Сети\Кисюничка
OK: P:\Photo\Из Сети\Кисюничка\ZZZZ.JPG
✅ CRC OK: P:\Photo\Из Сети\Кисюничка\ZZZZ.JPG (2a1d301e)
OK: P:\Photo\Из Сети\Кисюничка\Кисюничка.JPG
✅ CRC OK: P:\Photo\Из Сети\Кисюничка\Кисюничка.JPG (ee12f492)
OK: P:\Photo\Из Сети\Кисюничка\дома.JPG
✅ CRC OK: P:\Photo\Из Сети\Кисюничка\дома.JPG (6e59e8b1)
OK: P:\Photo\Из Сети\Кисюничка\просто я.JPG
✅ CRC OK: P:\Photo\Из Сети\Кисюничка\просто я.JPG (86abe91c)
OK: P:\Photo\Из Сети\Кисюничка\я в кепке.JPG
✅ CRC OK: P:\Photo\Из Сети\Кисюничка\я в кепке.JPG (a2f12a9c)
OK: P:\Photo\Из Сети\Кисюничка\я в шляпке2.JPG
✅ CRC OK: P:\Photo\Из Сети\Кисюничка\я в шляпке2.JPG (b62529f0)
OK: P:\Photo\Из Сети\Кисюничка\я любимая.JPG
✅ CRC OK: P:\Photo\Из Сети\Кисюничка\я любимая.JPG (5448c0ee)
OK: P:\Photo\Из Сети\Кисюничка\я наглая.JPG
✅ CRC OK: P:\Photo\Из Сети\Кисюничка\я наглая.JPG (ab1a4b4e)
OK: P:\Photo\Из Сети\Кисюничка\я с кисяй.JPG
✅ CRC OK: P:\Photo\Из Сети\Кисюничка\я с кисяй.JPG (ea0f936a)
OK: P:\Photo\Из Сети\Кисюничка\я)).JPG
✅ CRC OK: P:\Photo\Из Сети\Кисюничка\я)).JPG (84d35771)
OK: P:\Photo\Из Сети\Кисюничка\я).JPG
✅ CRC OK: P:\Photo\Из Сети\Кисюничка\я).JPG (8939208e)
OK: P:\Photo\Из Сети\Кисюничка\я.JPG
✅ CRC OK: P:\Photo\Из Сети\Кисюничка\я.JPG (be94664c)
OK: P:\Photo\Из Сети\Клочкова
OK: P:\Photo\Из Сети\Клочкова\x_b81d5492.jpg
✅ CRC OK: P:\Photo\Из Сети\Клочкова\x_b81d5492.jpg (c4b03e73)
OK: P:\Photo\Из Сети\Клочкова\x_d1b90e2e.jpg
✅ CRC OK: P:\Photo\Из Сети\Клочкова\x_d1b90e2e.jpg (182b5073)
OK: P:\Photo\Из Сети\Клочкова\x_e55c4df8.jpg
✅ CRC OK: P:\Photo\Из Сети\Клочкова\x_e55c4df8.jpg (e3c954e8)
OK: P:\Photo\Из Сети\Клочкова\x_fd7e2a83.jpg
✅ CRC OK: P:\Photo\Из Сети\Клочкова\x_fd7e2a83.jpg (1b8c4c4f)
OK: P:\Photo\Из Сети\Клочкова\x_hot.jpg
✅ CRC OK: P:\Photo\Из Сети\Клочкова\x_hot.jpg (a79ddbc7)
OK: P:\Photo\Из Сети\Кошечка (Илона Захарова)
OK: P:\Photo\Из Сети\Кошечка (Илона Захарова)\+By BiTcH_001.jpg
✅ CRC OK: P:\Photo\Из Сети\Кошечка (Илона Захарова)\+By BiTcH_001.jpg (54296c9f)
OK: P:\Photo\Из Сети\Кошечка (Илона Захарова)\+By BiTcH_004.jpg
✅ CRC OK: P:\Photo\Из Сети\Кошечка (Илона Захарова)\+By BiTcH_004.jpg (5d15d864)
OK: P:\Photo\Из Сети\Кошечка (Илона Захарова)\+By BiTcH_005.jpg
✅ CRC OK: P:\Photo\Из Сети\Кошечка (Илона Захарова)\+By BiTcH_005.jpg (c3d45fbc)
OK: P:\Photo\Из Сети\Кошечка (Илона Захарова)\+By BiTcH_006.jpg
✅ CRC OK: P:\Photo\Из Сети\Кошечка (Илона Захарова)\+By BiTcH_006.jpg (2d795ac5)
OK: P:\Photo\Из Сети\Кошечка (Илона Захарова)\+By BiTcH_008.jpg
✅ CRC OK: P:\Photo\Из Сети\Кошечка (Илона Захарова)\+By BiTcH_008.jpg (c6ae7b1a)
OK: P:\Photo\Из Сети\Кошечка (Илона Захарова)\+By BiTcH_009.jpg
✅ CRC OK: P:\Photo\Из Сети\Кошечка (Илона Захарова)\+By BiTcH_009.jpg (a78ec1ca)
OK: P:\Photo\Из Сети\Кошечка (Илона Захарова)\+zEAr@+7144-001.jpg
✅ CRC OK: P:\Photo\Из Сети\Кошечка (Илона Захарова)\+zEAr@+7144-001.jpg (2fa79e21)
OK: P:\Photo\Из Сети\Кошечка (Илона Захарова)\+zEAr@+7700.jpg
✅ CRC OK: P:\Photo\Из Сети\Кошечка (Илона Захарова)\+zEAr@+7700.jpg (9fdcb1ed)
OK: P:\Photo\Из Сети\Кошечка (Илона Захарова)\+zEAr@+7702.jpg
✅ CRC OK: P:\Photo\Из Сети\Кошечка (Илона Захарова)\+zEAr@+7702.jpg (599febb8)
OK: P:\Photo\Из Сети\Кошечка (Илона Захарова)\+zEAr@+7703.jpg
✅ CRC OK: P:\Photo\Из Сети\Кошечка (Илона Захарова)\+zEAr@+7703.jpg (2e400ebc)
OK: P:\Photo\Из Сети\Кошечка (Илона Захарова)\+zEAr@+7704.jpg
✅ CRC OK: P:\Photo\Из Сети\Кошечка (Илона Захарова)\+zEAr@+7704.jpg (9b5711c5)
OK: P:\Photo\Из Сети\Кошечка (Илона Захарова)\+zEAr@+7705.jpg
✅ CRC OK: P:\Photo\Из Сети\Кошечка (Илона Захарова)\+zEAr@+7705.jpg (2f1d40f7)
OK: P:\Photo\Из Сети\Кошечка (Илона Захарова)\+zEAr@+7706.jpg
✅ CRC OK: P:\Photo\Из Сети\Кошечка (Илона Захарова)\+zEAr@+7706.jpg (f851699f)
OK: P:\Photo\Из Сети\Кошечка (Илона Захарова)\+zEAr@+7714.jpg
✅ CRC OK: P:\Photo\Из Сети\Кошечка (Илона Захарова)\+zEAr@+7714.jpg (29a5a8d4)
OK: P:\Photo\Из Сети\Кошечка (Илона Захарова)\+zEAr@+7715.jpg
✅ CRC OK: P:\Photo\Из Сети\Кошечка (Илона Захарова)\+zEAr@+7715.jpg (20c00e71)
OK: P:\Photo\Из Сети\Кошечка (Илона Захарова)\+zEAr@+7718.jpg
✅ CRC OK: P:\Photo\Из Сети\Кошечка (Илона Захарова)\+zEAr@+7718.jpg (2ec29c60)
OK: P:\Photo\Из Сети\Кошечка (Илона Захарова)\+zEAr@+7720.jpg
✅ CRC OK: P:\Photo\Из Сети\Кошечка (Илона Захарова)\+zEAr@+7720.jpg (759523bc)
OK: P:\Photo\Из Сети\Кошечка (Илона Захарова)\+zEAr@+7721.jpg
✅ CRC OK: P:\Photo\Из Сети\Кошечка (Илона Захарова)\+zEAr@+7721.jpg (90c34189)
OK: P:\Photo\Из Сети\Кошечка (Илона Захарова)\+zEAr@+7722.jpg
✅ CRC OK: P:\Photo\Из Сети\Кошечка (Илона Захарова)\+zEAr@+7722.jpg (4cd9e6c3)
OK: P:\Photo\Из Сети\Кошечка (Илона Захарова)\+zEAr@+7723.jpg
✅ CRC OK: P:\Photo\Из Сети\Кошечка (Илона Захарова)\+zEAr@+7723.jpg (e7e8154e)
OK: P:\Photo\Из Сети\Кошечка (Илона Захарова)\+zEAr@+7724.jpg
✅ CRC OK: P:\Photo\Из Сети\Кошечка (Илона Захарова)\+zEAr@+7724.jpg (7e6af627)
OK: P:\Photo\Из Сети\Кошечка (Илона Захарова)\+zEAr@+7725.jpg
✅ CRC OK: P:\Photo\Из Сети\Кошечка (Илона Захарова)\+zEAr@+7725.jpg (1dfac805)
OK: P:\Photo\Из Сети\Кошечка (Илона Захарова)\+zEAr@+7726.jpg
✅ CRC OK: P:\Photo\Из Сети\Кошечка (Илона Захарова)\+zEAr@+7726.jpg (4fe21f1b)
OK: P:\Photo\Из Сети\Кошечка (Илона Захарова)\+zEAr@+7731.jpg
✅ CRC OK: P:\Photo\Из Сети\Кошечка (Илона Захарова)\+zEAr@+7731.jpg (6fbdeb23)
OK: P:\Photo\Из Сети\Кошечка (Илона Захарова)\+zEAr@+7747.jpg
✅ CRC OK: P:\Photo\Из Сети\Кошечка (Илона Захарова)\+zEAr@+7747.jpg (afee7542)
OK: P:\Photo\Из Сети\Кошечка (Илона Захарова)\+zEAr@+7800.jpg
✅ CRC OK: P:\Photo\Из Сети\Кошечка (Илона Захарова)\+zEAr@+7800.jpg (28be8e15)
OK: P:\Photo\Из Сети\Кошечка (Илона Захарова)\+zEAr@+8028.jpg
✅ CRC OK: P:\Photo\Из Сети\Кошечка (Илона Захарова)\+zEAr@+8028.jpg (10a744b0)
OK: P:\Photo\Из Сети\Кошечка (Илона Захарова)\+zEAr@+8030.jpg
✅ CRC OK: P:\Photo\Из Сети\Кошечка (Илона Захарова)\+zEAr@+8030.jpg (046a72bf)
OK: P:\Photo\Из Сети\Кошечка (Илона Захарова)\+zEAr@+8036.jpg
✅ CRC OK: P:\Photo\Из Сети\Кошечка (Илона Захарова)\+zEAr@+8036.jpg (cd2b7740)
OK: P:\Photo\Из Сети\Кошечка (Илона Захарова)\+zEAr@+8037.jpg
✅ CRC OK: P:\Photo\Из Сети\Кошечка (Илона Захарова)\+zEAr@+8037.jpg (a891d45b)
OK: P:\Photo\Из Сети\Кошечка (Илона Захарова)\+zEAr@+8038.jpg
✅ CRC OK: P:\Photo\Из Сети\Кошечка (Илона Захарова)\+zEAr@+8038.jpg (9a17111e)
OK: P:\Photo\Из Сети\Кошечка (Илона Захарова)\+zEAr@+8039.jpg
✅ CRC OK: P:\Photo\Из Сети\Кошечка (Илона Захарова)\+zEAr@+8039.jpg (d7dbc56d)
OK: P:\Photo\Из Сети\Кошечка (Илона Захарова)\+zEAr@+8054.jpg
✅ CRC OK: P:\Photo\Из Сети\Кошечка (Илона Захарова)\+zEAr@+8054.jpg (a7929b36)
OK: P:\Photo\Из Сети\Кошечка (Илона Захарова)\+zEAr@+8055.jpg
✅ CRC OK: P:\Photo\Из Сети\Кошечка (Илона Захарова)\+zEAr@+8055.jpg (19dd923e)
OK: P:\Photo\Из Сети\Кошечка (Илона Захарова)\+zEAr@+8062.jpg
✅ CRC OK: P:\Photo\Из Сети\Кошечка (Илона Захарова)\+zEAr@+8062.jpg (6d08fa50)
OK: P:\Photo\Из Сети\Кошечка (Илона Захарова)\+zEAr@+8064.jpg
✅ CRC OK: P:\Photo\Из Сети\Кошечка (Илона Захарова)\+zEAr@+8064.jpg (66635843)
OK: P:\Photo\Из Сети\Кошечка (Илона Захарова)\+zEAr@+8069.jpg
✅ CRC OK: P:\Photo\Из Сети\Кошечка (Илона Захарова)\+zEAr@+8069.jpg (9dc3eb0b)
OK: P:\Photo\Из Сети\Кошечка (Илона Захарова)\+zEAr@+8070.jpg
✅ CRC OK: P:\Photo\Из Сети\Кошечка (Илона Захарова)\+zEAr@+8070.jpg (ad3b5d3f)
OK: P:\Photo\Из Сети\Кошечка (Илона Захарова)\+zEAr@+8071.jpg
✅ CRC OK: P:\Photo\Из Сети\Кошечка (Илона Захарова)\+zEAr@+8071.jpg (b3f6d255)
OK: P:\Photo\Из Сети\Кошечка (Илона Захарова)\+zEAr@+8081.jpg
✅ CRC OK: P:\Photo\Из Сети\Кошечка (Илона Захарова)\+zEAr@+8081.jpg (63e2cc3f)
OK: P:\Photo\Из Сети\Кошечка (Илона Захарова)\+zEAr@+8112.jpg
✅ CRC OK: P:\Photo\Из Сети\Кошечка (Илона Захарова)\+zEAr@+8112.jpg (8b32352d)
OK: P:\Photo\Из Сети\Кошечка (Илона Захарова)\+zEAr@+8113.jpg
✅ CRC OK: P:\Photo\Из Сети\Кошечка (Илона Захарова)\+zEAr@+8113.jpg (4fd9d1e6)
OK: P:\Photo\Из Сети\Кошечка (Илона Захарова)\+zEAr@+8114.jpg
✅ CRC OK: P:\Photo\Из Сети\Кошечка (Илона Захарова)\+zEAr@+8114.jpg (a9070c34)
OK: P:\Photo\Из Сети\Кошечка (Илона Захарова)\+zEAr@+8116.jpg
✅ CRC OK: P:\Photo\Из Сети\Кошечка (Илона Захарова)\+zEAr@+8116.jpg (c5a027d0)
OK: P:\Photo\Из Сети\Кошечка (Илона Захарова)\+zEAr@+8118.jpg
✅ CRC OK: P:\Photo\Из Сети\Кошечка (Илона Захарова)\+zEAr@+8118.jpg (db4bc4b6)
OK: P:\Photo\Из Сети\Кошечка (Илона Захарова)\+zEAr@+8119.jpg
✅ CRC OK: P:\Photo\Из Сети\Кошечка (Илона Захарова)\+zEAr@+8119.jpg (648cb7b3)
OK: P:\Photo\Из Сети\Кошечка (Илона Захарова)\+zEAr@+8121.jpg
✅ CRC OK: P:\Photo\Из Сети\Кошечка (Илона Захарова)\+zEAr@+8121.jpg (99488302)
OK: P:\Photo\Из Сети\Кошечка (Илона Захарова)\+zEAr@+8123.jpg
✅ CRC OK: P:\Photo\Из Сети\Кошечка (Илона Захарова)\+zEAr@+8123.jpg (cbfc8a77)
OK: P:\Photo\Из Сети\Кошечка (Илона Захарова)\+zEAr@+8127.jpg
✅ CRC OK: P:\Photo\Из Сети\Кошечка (Илона Захарова)\+zEAr@+8127.jpg (00851bb3)
OK: P:\Photo\Из Сети\Кошечка (Илона Захарова)\+zEAr@+8130.jpg
✅ CRC OK: P:\Photo\Из Сети\Кошечка (Илона Захарова)\+zEAr@+8130.jpg (e8eb97d3)
OK: P:\Photo\Из Сети\Кошечка (Илона Захарова)\+zEAr@+8136.jpg
✅ CRC OK: P:\Photo\Из Сети\Кошечка (Илона Захарова)\+zEAr@+8136.jpg (20949326)
OK: P:\Photo\Из Сети\Кошечка (Илона Захарова)\+zEAr@+8137.jpg
✅ CRC OK: P:\Photo\Из Сети\Кошечка (Илона Захарова)\+zEAr@+8137.jpg (42d273bb)
OK: P:\Photo\Из Сети\Кошечка (Илона Захарова)\10.jpg
✅ CRC OK: P:\Photo\Из Сети\Кошечка (Илона Захарова)\10.jpg (6f251ecd)
OK: P:\Photo\Из Сети\Кошечка (Илона Захарова)\11.jpg
✅ CRC OK: P:\Photo\Из Сети\Кошечка (Илона Захарова)\11.jpg (5300cb08)
OK: P:\Photo\Из Сети\Кошечка (Илона Захарова)\12.jpg
✅ CRC OK: P:\Photo\Из Сети\Кошечка (Илона Захарова)\12.jpg (e100ccf1)
OK: P:\Photo\Из Сети\Кошечка (Илона Захарова)\13.JPG
✅ CRC OK: P:\Photo\Из Сети\Кошечка (Илона Захарова)\13.JPG (7e2ab163)
OK: P:\Photo\Из Сети\Кошечка (Илона Захарова)\14.jpg
✅ CRC OK: P:\Photo\Из Сети\Кошечка (Илона Захарова)\14.jpg (78585a32)
OK: P:\Photo\Из Сети\Кошечка (Илона Захарова)\15.jpg
✅ CRC OK: P:\Photo\Из Сети\Кошечка (Илона Захарова)\15.jpg (9bb6d8a0)
OK: P:\Photo\Из Сети\Кошечка (Илона Захарова)\16.jpg
✅ CRC OK: P:\Photo\Из Сети\Кошечка (Илона Захарова)\16.jpg (ddcc52f1)
OK: P:\Photo\Из Сети\Кошечка (Илона Захарова)\16092006203.jpg
✅ CRC OK: P:\Photo\Из Сети\Кошечка (Илона Захарова)\16092006203.jpg (5a890685)
OK: P:\Photo\Из Сети\Кошечка (Илона Захарова)\17.jpg
✅ CRC OK: P:\Photo\Из Сети\Кошечка (Илона Захарова)\17.jpg (74a49d4f)
OK: P:\Photo\Из Сети\Кошечка (Илона Захарова)\18.jpg
✅ CRC OK: P:\Photo\Из Сети\Кошечка (Илона Захарова)\18.jpg (6b96ddd9)
OK: P:\Photo\Из Сети\Кошечка (Илона Захарова)\19.jpg
✅ CRC OK: P:\Photo\Из Сети\Кошечка (Илона Захарова)\19.jpg (476e9bb0)
OK: P:\Photo\Из Сети\Кошечка (Илона Захарова)\1asfaf.jpg
✅ CRC OK: P:\Photo\Из Сети\Кошечка (Илона Захарова)\1asfaf.jpg (40fa518b)
OK: P:\Photo\Из Сети\Кошечка (Илона Захарова)\2srgr.jpg
✅ CRC OK: P:\Photo\Из Сети\Кошечка (Илона Захарова)\2srgr.jpg (46488eae)
OK: P:\Photo\Из Сети\Кошечка (Илона Захарова)\3.jpg
✅ CRC OK: P:\Photo\Из Сети\Кошечка (Илона Захарова)\3.jpg (0cc51b79)
OK: P:\Photo\Из Сети\Кошечка (Илона Захарова)\31.jpg
✅ CRC OK: P:\Photo\Из Сети\Кошечка (Илона Захарова)\31.jpg (5e34fc17)
OK: P:\Photo\Из Сети\Кошечка (Илона Захарова)\3sdfs.jpg
✅ CRC OK: P:\Photo\Из Сети\Кошечка (Илона Захарова)\3sdfs.jpg (97911000)
OK: P:\Photo\Из Сети\Кошечка (Илона Захарова)\4.jpg
✅ CRC OK: P:\Photo\Из Сети\Кошечка (Илона Захарова)\4.jpg (6119f51e)
OK: P:\Photo\Из Сети\Кошечка (Илона Захарова)\5ddd.jpg
✅ CRC OK: P:\Photo\Из Сети\Кошечка (Илона Захарова)\5ddd.jpg (f77b77ad)
OK: P:\Photo\Из Сети\Кошечка (Илона Захарова)\6.jpg
✅ CRC OK: P:\Photo\Из Сети\Кошечка (Илона Захарова)\6.jpg (e36fab57)
OK: P:\Photo\Из Сети\Кошечка (Илона Захарова)\6про.jpg
✅ CRC OK: P:\Photo\Из Сети\Кошечка (Илона Захарова)\6про.jpg (23bdac6e)
OK: P:\Photo\Из Сети\Кошечка (Илона Захарова)\7.jpg
✅ CRC OK: P:\Photo\Из Сети\Кошечка (Илона Захарова)\7.jpg (e6b4b7fe)
OK: P:\Photo\Из Сети\Кошечка (Илона Захарова)\8.jpg
✅ CRC OK: P:\Photo\Из Сети\Кошечка (Илона Захарова)\8.jpg (a96021ff)
OK: P:\Photo\Из Сети\Кошечка (Илона Захарова)\9.jpg
✅ CRC OK: P:\Photo\Из Сети\Кошечка (Илона Захарова)\9.jpg (f6a7e5a3)
OK: P:\Photo\Из Сети\Кошечка (Илона Захарова)\AMAGA(на НГ).jpg
✅ CRC OK: P:\Photo\Из Сети\Кошечка (Илона Захарова)\AMAGA(на НГ).jpg (5a51f748)
OK: P:\Photo\Из Сети\Кошечка (Илона Захарова)\By [kоШКа]2010.jpg
✅ CRC OK: P:\Photo\Из Сети\Кошечка (Илона Захарова)\By [kоШКа]2010.jpg (40578b67)
OK: P:\Photo\Из Сети\Кошечка (Илона Захарова)\By [kоШКа]2012.jpg
✅ CRC OK: P:\Photo\Из Сети\Кошечка (Илона Захарова)\By [kоШКа]2012.jpg (c9d1245e)
OK: P:\Photo\Из Сети\Кошечка (Илона Захарова)\By [kоШКа]2058.jpg
✅ CRC OK: P:\Photo\Из Сети\Кошечка (Илона Захарова)\By [kоШКа]2058.jpg (52ac8eff)
OK: P:\Photo\Из Сети\Кошечка (Илона Захарова)\By [kоШКа]2105.jpg
✅ CRC OK: P:\Photo\Из Сети\Кошечка (Илона Захарова)\By [kоШКа]2105.jpg (f6f93b65)
OK: P:\Photo\Из Сети\Кошечка (Илона Захарова)\By [kоШКа]2145.jpg
✅ CRC OK: P:\Photo\Из Сети\Кошечка (Илона Захарова)\By [kоШКа]2145.jpg (ac73a7a9)
OK: P:\Photo\Из Сети\Кошечка (Илона Захарова)\By [kоШКа]2146.jpg
✅ CRC OK: P:\Photo\Из Сети\Кошечка (Илона Захарова)\By [kоШКа]2146.jpg (4abd3a94)
OK: P:\Photo\Из Сети\Кошечка (Илона Захарова)\By [kоШКа]2209.jpg
✅ CRC OK: P:\Photo\Из Сети\Кошечка (Илона Захарова)\By [kоШКа]2209.jpg (40fd3c6d)
OK: P:\Photo\Из Сети\Кошечка (Илона Захарова)\IMG_7308.jpg
✅ CRC OK: P:\Photo\Из Сети\Кошечка (Илона Захарова)\IMG_7308.jpg (646a93b3)
OK: P:\Photo\Из Сети\Кошечка (Илона Захарова)\IMG_7312.jpg
✅ CRC OK: P:\Photo\Из Сети\Кошечка (Илона Захарова)\IMG_7312.jpg (972dba6a)
OK: P:\Photo\Из Сети\Кошечка (Илона Захарова)\IMG_7313.jpg
✅ CRC OK: P:\Photo\Из Сети\Кошечка (Илона Захарова)\IMG_7313.jpg (ec3d1ffb)
OK: P:\Photo\Из Сети\Кошечка (Илона Захарова)\IMG_7316.jpg
✅ CRC OK: P:\Photo\Из Сети\Кошечка (Илона Захарова)\IMG_7316.jpg (ca7ddb53)
OK: P:\Photo\Из Сети\Кошечка (Илона Захарова)\IMG_7317.jpg
✅ CRC OK: P:\Photo\Из Сети\Кошечка (Илона Захарова)\IMG_7317.jpg (f3466906)
OK: P:\Photo\Из Сети\Кошечка (Илона Захарова)\IMG_7320.jpg
✅ CRC OK: P:\Photo\Из Сети\Кошечка (Илона Захарова)\IMG_7320.jpg (d7428f65)
OK: P:\Photo\Из Сети\Кошечка (Илона Захарова)\IMG_7324.jpg
✅ CRC OK: P:\Photo\Из Сети\Кошечка (Илона Захарова)\IMG_7324.jpg (a90233e0)
OK: P:\Photo\Из Сети\Кошечка (Илона Захарова)\[kоШКа]1.jpg
✅ CRC OK: P:\Photo\Из Сети\Кошечка (Илона Захарова)\[kоШКа]1.jpg (438870f7)
OK: P:\Photo\Из Сети\Кошечка (Илона Захарова)\aasdf2.jpg
✅ CRC OK: P:\Photo\Из Сети\Кошечка (Илона Захарова)\aasdf2.jpg (91dada3d)
OK: P:\Photo\Из Сети\Кошечка (Илона Захарова)\bitch_001.jpg
✅ CRC OK: P:\Photo\Из Сети\Кошечка (Илона Захарова)\bitch_001.jpg (f388cc0c)
OK: P:\Photo\Из Сети\Кошечка (Илона Захарова)\bitch_003.jpg
✅ CRC OK: P:\Photo\Из Сети\Кошечка (Илона Захарова)\bitch_003.jpg (4e6f0c01)
OK: P:\Photo\Из Сети\Кошечка (Илона Захарова)\bitch_004.jpg
✅ CRC OK: P:\Photo\Из Сети\Кошечка (Илона Захарова)\bitch_004.jpg (e2769c60)
OK: P:\Photo\Из Сети\Кошечка (Илона Захарова)\bitch_013.jpg
✅ CRC OK: P:\Photo\Из Сети\Кошечка (Илона Захарова)\bitch_013.jpg (ac644e66)
OK: P:\Photo\Из Сети\Кошечка (Илона Захарова)\bitch_015.jpg
✅ CRC OK: P:\Photo\Из Сети\Кошечка (Илона Захарова)\bitch_015.jpg (52a16ad8)
OK: P:\Photo\Из Сети\Кошечка (Илона Захарова)\bitch_022.jpg
✅ CRC OK: P:\Photo\Из Сети\Кошечка (Илона Захарова)\bitch_022.jpg (cfae4bf9)
OK: P:\Photo\Из Сети\Кошечка (Илона Захарова)\bitch_025.jpg
✅ CRC OK: P:\Photo\Из Сети\Кошечка (Илона Захарова)\bitch_025.jpg (c229d068)
OK: P:\Photo\Из Сети\Кошечка (Илона Захарова)\bitch_061.jpg
✅ CRC OK: P:\Photo\Из Сети\Кошечка (Илона Захарова)\bitch_061.jpg (652da116)
OK: P:\Photo\Из Сети\Кошечка (Илона Захарова)\bitch_075.jpg
✅ CRC OK: P:\Photo\Из Сети\Кошечка (Илона Захарова)\bitch_075.jpg (e4a9a896)
OK: P:\Photo\Из Сети\Кошечка (Илона Захарова)\bitch_080.jpg
✅ CRC OK: P:\Photo\Из Сети\Кошечка (Илона Захарова)\bitch_080.jpg (3184ef14)
OK: P:\Photo\Из Сети\Кошечка (Илона Захарова)\bitch_126.jpg
✅ CRC OK: P:\Photo\Из Сети\Кошечка (Илона Захарова)\bitch_126.jpg (58862749)
OK: P:\Photo\Из Сети\Кошечка (Илона Захарова)\bitch_127.jpg
✅ CRC OK: P:\Photo\Из Сети\Кошечка (Илона Захарова)\bitch_127.jpg (e4961537)
OK: P:\Photo\Из Сети\Кошечка (Илона Захарова)\bitch_128.jpg
✅ CRC OK: P:\Photo\Из Сети\Кошечка (Илона Захарова)\bitch_128.jpg (1b2b079c)
OK: P:\Photo\Из Сети\Кошечка (Илона Захарова)\bitch_129.jpg
✅ CRC OK: P:\Photo\Из Сети\Кошечка (Илона Захарова)\bitch_129.jpg (cbf86642)
OK: P:\Photo\Из Сети\Кошечка (Илона Захарова)\bitch_130.jpg
✅ CRC OK: P:\Photo\Из Сети\Кошечка (Илона Захарова)\bitch_130.jpg (9aadce5e)
OK: P:\Photo\Из Сети\Кошечка (Илона Захарова)\bitch_131.jpg
✅ CRC OK: P:\Photo\Из Сети\Кошечка (Илона Захарова)\bitch_131.jpg (23bbfd56)
OK: P:\Photo\Из Сети\Кошечка (Илона Захарова)\bitch_132.jpg
✅ CRC OK: P:\Photo\Из Сети\Кошечка (Илона Захарова)\bitch_132.jpg (d59c2e36)
OK: P:\Photo\Из Сети\Кошечка (Илона Захарова)\bitch_133.jpg
✅ CRC OK: P:\Photo\Из Сети\Кошечка (Илона Захарова)\bitch_133.jpg (17cfd7d6)
OK: P:\Photo\Из Сети\Кошечка (Илона Захарова)\bitch_134.jpg
✅ CRC OK: P:\Photo\Из Сети\Кошечка (Илона Захарова)\bitch_134.jpg (a4da871c)
OK: P:\Photo\Из Сети\Кошечка (Илона Захарова)\bitch_136.jpg
✅ CRC OK: P:\Photo\Из Сети\Кошечка (Илона Захарова)\bitch_136.jpg (b8b1bb1a)
OK: P:\Photo\Из Сети\Кошечка (Илона Захарова)\bitch_137.jpg
✅ CRC OK: P:\Photo\Из Сети\Кошечка (Илона Захарова)\bitch_137.jpg (8ad2de3e)
OK: P:\Photo\Из Сети\Кошечка (Илона Захарова)\bitch_138.jpg
✅ CRC OK: P:\Photo\Из Сети\Кошечка (Илона Захарова)\bitch_138.jpg (ec62fa6b)
OK: P:\Photo\Из Сети\Кошечка (Илона Захарова)\bitch_141.jpg
✅ CRC OK: P:\Photo\Из Сети\Кошечка (Илона Захарова)\bitch_141.jpg (5905bb3a)
OK: P:\Photo\Из Сети\Кошечка (Илона Захарова)\bitch_142.jpg
✅ CRC OK: P:\Photo\Из Сети\Кошечка (Илона Захарова)\bitch_142.jpg (ef0a78ca)
OK: P:\Photo\Из Сети\Кошечка (Илона Захарова)\bitch_143.jpg
✅ CRC OK: P:\Photo\Из Сети\Кошечка (Илона Захарова)\bitch_143.jpg (406bee24)
OK: P:\Photo\Из Сети\Кошечка (Илона Захарова)\bitch_144.jpg
✅ CRC OK: P:\Photo\Из Сети\Кошечка (Илона Захарова)\bitch_144.jpg (0f264e6f)
OK: P:\Photo\Из Сети\Кошечка (Илона Захарова)\bitch_145.jpg
✅ CRC OK: P:\Photo\Из Сети\Кошечка (Илона Захарова)\bitch_145.jpg (ed4b4d24)
OK: P:\Photo\Из Сети\Кошечка (Илона Захарова)\bitch_146.jpg
✅ CRC OK: P:\Photo\Из Сети\Кошечка (Илона Захарова)\bitch_146.jpg (88c0da3b)
OK: P:\Photo\Из Сети\Кошечка (Илона Захарова)\bitch_147.jpg
✅ CRC OK: P:\Photo\Из Сети\Кошечка (Илона Захарова)\bitch_147.jpg (71c001a9)
OK: P:\Photo\Из Сети\Кошечка (Илона Захарова)\bitch_148.jpg
✅ CRC OK: P:\Photo\Из Сети\Кошечка (Илона Захарова)\bitch_148.jpg (5bac95ec)
OK: P:\Photo\Из Сети\Кошечка (Илона Захарова)\h.jpg
✅ CRC OK: P:\Photo\Из Сети\Кошечка (Илона Захарова)\h.jpg (9d373f80)
OK: P:\Photo\Из Сети\Кошечка (Илона Захарова)\img2.jpg
✅ CRC OK: P:\Photo\Из Сети\Кошечка (Илона Захарова)\img2.jpg (4a9a64dd)
OK: P:\Photo\Из Сети\Кошечка (Илона Захарова)\x_01384d7a.jpg
✅ CRC OK: P:\Photo\Из Сети\Кошечка (Илона Захарова)\x_01384d7a.jpg (8b52c0be)
OK: P:\Photo\Из Сети\Кошечка (Илона Захарова)\x_42cfb745.jpg
✅ CRC OK: P:\Photo\Из Сети\Кошечка (Илона Захарова)\x_42cfb745.jpg (b815ec5b)
OK: P:\Photo\Из Сети\Кошечка (Илона Захарова)\x_469ac391.jpg
✅ CRC OK: P:\Photo\Из Сети\Кошечка (Илона Захарова)\x_469ac391.jpg (12e7c61e)
OK: P:\Photo\Из Сети\Кошечка (Илона Захарова)\x_8d10e086.jpg
✅ CRC OK: P:\Photo\Из Сети\Кошечка (Илона Захарова)\x_8d10e086.jpg (4bf0b6de)
OK: P:\Photo\Из Сети\Кошечка (Илона Захарова)\x_a5902c9d.jpg
✅ CRC OK: P:\Photo\Из Сети\Кошечка (Илона Захарова)\x_a5902c9d.jpg (0db147ff)
OK: P:\Photo\Из Сети\Кошечка (Илона Захарова)\x_a915eac2.jpg
✅ CRC OK: P:\Photo\Из Сети\Кошечка (Илона Захарова)\x_a915eac2.jpg (7267a073)
OK: P:\Photo\Из Сети\Кошечка (Илона Захарова)\x_c4c63bd2.jpg
✅ CRC OK: P:\Photo\Из Сети\Кошечка (Илона Захарова)\x_c4c63bd2.jpg (9dd94de9)
OK: P:\Photo\Из Сети\Кошечка (Илона Захарова)\x_ed32fa10.jpg
✅ CRC OK: P:\Photo\Из Сети\Кошечка (Илона Захарова)\x_ed32fa10.jpg (0fb02f0c)
OK: P:\Photo\Из Сети\Кошечка (Илона Захарова)\y_422777a9.jpg
✅ CRC OK: P:\Photo\Из Сети\Кошечка (Илона Захарова)\y_422777a9.jpg (a1d570aa)
OK: P:\Photo\Из Сети\Кошечка (Илона Захарова)\y_47658433.jpg
✅ CRC OK: P:\Photo\Из Сети\Кошечка (Илона Захарова)\y_47658433.jpg (ad14990e)
OK: P:\Photo\Из Сети\Кошечка (Илона Захарова)\y_51a3ead0.jpg
✅ CRC OK: P:\Photo\Из Сети\Кошечка (Илона Захарова)\y_51a3ead0.jpg (73029b3d)
OK: P:\Photo\Из Сети\Кошечка (Илона Захарова)\y_e0fbe537.jpg
✅ CRC OK: P:\Photo\Из Сети\Кошечка (Илона Захарова)\y_e0fbe537.jpg (ba394e9c)
OK: P:\Photo\Из Сети\Кошечка (Илона Захарова)\y_e1e1df8a.jpg
✅ CRC OK: P:\Photo\Из Сети\Кошечка (Илона Захарова)\y_e1e1df8a.jpg (02c2462e)
OK: P:\Photo\Из Сети\Кошечка (Илона Захарова)\Все что удалось найти в интернете
OK: P:\Photo\Из Сети\Кошечка (Илона Захарова)\Все что удалось найти в интернете\1.jpg
✅ CRC OK: P:\Photo\Из Сети\Кошечка (Илона Захарова)\Все что удалось найти в интернете\1.jpg (4079ba30)
OK: P:\Photo\Из Сети\Кошечка (Илона Захарова)\Все что удалось найти в интернете\10.jpg
✅ CRC OK: P:\Photo\Из Сети\Кошечка (Илона Захарова)\Все что удалось найти в интернете\10.jpg (9925d448)
OK: P:\Photo\Из Сети\Кошечка (Илона Захарова)\Все что удалось найти в интернете\100.jpg
✅ CRC OK: P:\Photo\Из Сети\Кошечка (Илона Захарова)\Все что удалось найти в интернете\100.jpg (4de9dc73)
OK: P:\Photo\Из Сети\Кошечка (Илона Захарова)\Все что удалось найти в интернете\101.jpg
✅ CRC OK: P:\Photo\Из Сети\Кошечка (Илона Захарова)\Все что удалось найти в интернете\101.jpg (fb47869f)
OK: P:\Photo\Из Сети\Кошечка (Илона Захарова)\Все что удалось найти в интернете\102.jpg
✅ CRC OK: P:\Photo\Из Сети\Кошечка (Илона Захарова)\Все что удалось найти в интернете\102.jpg (80174476)
OK: P:\Photo\Из Сети\Кошечка (Илона Захарова)\Все что удалось найти в интернете\103.jpg
✅ CRC OK: P:\Photo\Из Сети\Кошечка (Илона Захарова)\Все что удалось найти в интернете\103.jpg (d45b6d82)
OK: P:\Photo\Из Сети\Кошечка (Илона Захарова)\Все что удалось найти в интернете\104.jpg
✅ CRC OK: P:\Photo\Из Сети\Кошечка (Илона Захарова)\Все что удалось найти в интернете\104.jpg (15b10a70)
OK: P:\Photo\Из Сети\Кошечка (Илона Захарова)\Все что удалось найти в интернете\105.jpg
✅ CRC OK: P:\Photo\Из Сети\Кошечка (Илона Захарова)\Все что удалось найти в интернете\105.jpg (072ca95f)
OK: P:\Photo\Из Сети\Кошечка (Илона Захарова)\Все что удалось найти в интернете\106.jpg
✅ CRC OK: P:\Photo\Из Сети\Кошечка (Илона Захарова)\Все что удалось найти в интернете\106.jpg (1b0f8e8f)
OK: P:\Photo\Из Сети\Кошечка (Илона Захарова)\Все что удалось найти в интернете\107.jpg
✅ CRC OK: P:\Photo\Из Сети\Кошечка (Илона Захарова)\Все что удалось найти в интернете\107.jpg (b44d0c2e)
OK: P:\Photo\Из Сети\Кошечка (Илона Захарова)\Все что удалось найти в интернете\108.jpg
✅ CRC OK: P:\Photo\Из Сети\Кошечка (Илона Захарова)\Все что удалось найти в интернете\108.jpg (3adaecd9)
OK: P:\Photo\Из Сети\Кошечка (Илона Захарова)\Все что удалось найти в интернете\109.jpg
✅ CRC OK: P:\Photo\Из Сети\Кошечка (Илона Захарова)\Все что удалось найти в интернете\109.jpg (ca7e4991)
OK: P:\Photo\Из Сети\Кошечка (Илона Захарова)\Все что удалось найти в интернете\11.jpg
✅ CRC OK: P:\Photo\Из Сети\Кошечка (Илона Захарова)\Все что удалось найти в интернете\11.jpg (4d521255)
OK: P:\Photo\Из Сети\Кошечка (Илона Захарова)\Все что удалось найти в интернете\110.jpg
✅ CRC OK: P:\Photo\Из Сети\Кошечка (Илона Захарова)\Все что удалось найти в интернете\110.jpg (496b8a53)
OK: P:\Photo\Из Сети\Кошечка (Илона Захарова)\Все что удалось найти в интернете\111.jpg
✅ CRC OK: P:\Photo\Из Сети\Кошечка (Илона Захарова)\Все что удалось найти в интернете\111.jpg (fcd96ef5)
OK: P:\Photo\Из Сети\Кошечка (Илона Захарова)\Все что удалось найти в интернете\112.jpg
✅ CRC OK: P:\Photo\Из Сети\Кошечка (Илона Захарова)\Все что удалось найти в интернете\112.jpg (36a8892e)
OK: P:\Photo\Из Сети\Кошечка (Илона Захарова)\Все что удалось найти в интернете\113.jpg
✅ CRC OK: P:\Photo\Из Сети\Кошечка (Илона Захарова)\Все что удалось найти в интернете\113.jpg (9289ac4e)
OK: P:\Photo\Из Сети\Кошечка (Илона Захарова)\Все что удалось найти в интернете\114.jpg
✅ CRC OK: P:\Photo\Из Сети\Кошечка (Илона Захарова)\Все что удалось найти в интернете\114.jpg (a147b792)
OK: P:\Photo\Из Сети\Кошечка (Илона Захарова)\Все что удалось найти в интернете\115.jpg
✅ CRC OK: P:\Photo\Из Сети\Кошечка (Илона Захарова)\Все что удалось найти в интернете\115.jpg (3b623ebc)
OK: P:\Photo\Из Сети\Кошечка (Илона Захарова)\Все что удалось найти в интернете\116.jpg
✅ CRC OK: P:\Photo\Из Сети\Кошечка (Илона Захарова)\Все что удалось найти в интернете\116.jpg (2f433eb2)
OK: P:\Photo\Из Сети\Кошечка (Илона Захарова)\Все что удалось найти в интернете\117.jpg
✅ CRC OK: P:\Photo\Из Сети\Кошечка (Илона Захарова)\Все что удалось найти в интернете\117.jpg (8ed54b2b)
OK: P:\Photo\Из Сети\Кошечка (Илона Захарова)\Все что удалось найти в интернете\118.jpg
✅ CRC OK: P:\Photo\Из Сети\Кошечка (Илона Захарова)\Все что удалось найти в интернете\118.jpg (adcc98b1)
OK: P:\Photo\Из Сети\Кошечка (Илона Захарова)\Все что удалось найти в интернете\119.jpg
✅ CRC OK: P:\Photo\Из Сети\Кошечка (Илона Захарова)\Все что удалось найти в интернете\119.jpg (1f0df1ed)
OK: P:\Photo\Из Сети\Кошечка (Илона Захарова)\Все что удалось найти в интернете\12.jpg
✅ CRC OK: P:\Photo\Из Сети\Кошечка (Илона Захарова)\Все что удалось найти в интернете\12.jpg (c98869e7)
OK: P:\Photo\Из Сети\Кошечка (Илона Захарова)\Все что удалось найти в интернете\120.jpg
✅ CRC OK: P:\Photo\Из Сети\Кошечка (Илона Захарова)\Все что удалось найти в интернете\120.jpg (de143885)
OK: P:\Photo\Из Сети\Кошечка (Илона Захарова)\Все что удалось найти в интернете\121.jpg
✅ CRC OK: P:\Photo\Из Сети\Кошечка (Илона Захарова)\Все что удалось найти в интернете\121.jpg (8f870c77)
OK: P:\Photo\Из Сети\Кошечка (Илона Захарова)\Все что удалось найти в интернете\122.jpg
✅ CRC OK: P:\Photo\Из Сети\Кошечка (Илона Захарова)\Все что удалось найти в интернете\122.jpg (3e2adb34)
OK: P:\Photo\Из Сети\Кошечка (Илона Захарова)\Все что удалось найти в интернете\123.jpg
✅ CRC OK: P:\Photo\Из Сети\Кошечка (Илона Захарова)\Все что удалось найти в интернете\123.jpg (684d7e14)
OK: P:\Photo\Из Сети\Кошечка (Илона Захарова)\Все что удалось найти в интернете\124.jpg
✅ CRC OK: P:\Photo\Из Сети\Кошечка (Илона Захарова)\Все что удалось найти в интернете\124.jpg (ec2896c2)
OK: P:\Photo\Из Сети\Кошечка (Илона Захарова)\Все что удалось найти в интернете\125.jpg
✅ CRC OK: P:\Photo\Из Сети\Кошечка (Илона Захарова)\Все что удалось найти в интернете\125.jpg (5e63b57a)
OK: P:\Photo\Из Сети\Кошечка (Илона Захарова)\Все что удалось найти в интернете\126.jpg
✅ CRC OK: P:\Photo\Из Сети\Кошечка (Илона Захарова)\Все что удалось найти в интернете\126.jpg (d3de1dcd)
OK: P:\Photo\Из Сети\Кошечка (Илона Захарова)\Все что удалось найти в интернете\127.jpg
✅ CRC OK: P:\Photo\Из Сети\Кошечка (Илона Захарова)\Все что удалось найти в интернете\127.jpg (23f94b5a)
OK: P:\Photo\Из Сети\Кошечка (Илона Захарова)\Все что удалось найти в интернете\128.jpg
✅ CRC OK: P:\Photo\Из Сети\Кошечка (Илона Захарова)\Все что удалось найти в интернете\128.jpg (a0895d1f)
OK: P:\Photo\Из Сети\Кошечка (Илона Захарова)\Все что удалось найти в интернете\129.jpg
✅ CRC OK: P:\Photo\Из Сети\Кошечка (Илона Захарова)\Все что удалось найти в интернете\129.jpg (6f549b43)
OK: P:\Photo\Из Сети\Кошечка (Илона Захарова)\Все что удалось найти в интернете\13.jpg
✅ CRC OK: P:\Photo\Из Сети\Кошечка (Илона Захарова)\Все что удалось найти в интернете\13.jpg (6afde253)
OK: P:\Photo\Из Сети\Кошечка (Илона Захарова)\Все что удалось найти в интернете\130.jpg
✅ CRC OK: P:\Photo\Из Сети\Кошечка (Илона Захарова)\Все что удалось найти в интернете\130.jpg (f25c9c12)
OK: P:\Photo\Из Сети\Кошечка (Илона Захарова)\Все что удалось найти в интернете\131.jpg
✅ CRC OK: P:\Photo\Из Сети\Кошечка (Илона Захарова)\Все что удалось найти в интернете\131.jpg (ca6f1b33)
OK: P:\Photo\Из Сети\Кошечка (Илона Захарова)\Все что удалось найти в интернете\132.jpg
✅ CRC OK: P:\Photo\Из Сети\Кошечка (Илона Захарова)\Все что удалось найти в интернете\132.jpg (2881a94d)
OK: P:\Photo\Из Сети\Кошечка (Илона Захарова)\Все что удалось найти в интернете\133.jpg
✅ CRC OK: P:\Photo\Из Сети\Кошечка (Илона Захарова)\Все что удалось найти в интернете\133.jpg (00f062b0)
OK: P:\Photo\Из Сети\Кошечка (Илона Захарова)\Все что удалось найти в интернете\134.jpg
✅ CRC OK: P:\Photo\Из Сети\Кошечка (Илона Захарова)\Все что удалось найти в интернете\134.jpg (acc7f562)
OK: P:\Photo\Из Сети\Кошечка (Илона Захарова)\Все что удалось найти в интернете\135.jpg
✅ CRC OK: P:\Photo\Из Сети\Кошечка (Илона Захарова)\Все что удалось найти в интернете\135.jpg (ac95dc5c)
OK: P:\Photo\Из Сети\Кошечка (Илона Захарова)\Все что удалось найти в интернете\136.jpg
✅ CRC OK: P:\Photo\Из Сети\Кошечка (Илона Захарова)\Все что удалось найти в интернете\136.jpg (773264f3)
OK: P:\Photo\Из Сети\Кошечка (Илона Захарова)\Все что удалось найти в интернете\137.jpg
✅ CRC OK: P:\Photo\Из Сети\Кошечка (Илона Захарова)\Все что удалось найти в интернете\137.jpg (699b0161)
OK: P:\Photo\Из Сети\Кошечка (Илона Захарова)\Все что удалось найти в интернете\138.jpg
✅ CRC OK: P:\Photo\Из Сети\Кошечка (Илона Захарова)\Все что удалось найти в интернете\138.jpg (5c5496aa)
OK: P:\Photo\Из Сети\Кошечка (Илона Захарова)\Все что удалось найти в интернете\139.jpg
✅ CRC OK: P:\Photo\Из Сети\Кошечка (Илона Захарова)\Все что удалось найти в интернете\139.jpg (f4562632)
OK: P:\Photo\Из Сети\Кошечка (Илона Захарова)\Все что удалось найти в интернете\14.jpg
✅ CRC OK: P:\Photo\Из Сети\Кошечка (Илона Захарова)\Все что удалось найти в интернете\14.jpg (5512d89b)
OK: P:\Photo\Из Сети\Кошечка (Илона Захарова)\Все что удалось найти в интернете\140.jpg
✅ CRC OK: P:\Photo\Из Сети\Кошечка (Илона Захарова)\Все что удалось найти в интернете\140.jpg (44a2a3f0)
OK: P:\Photo\Из Сети\Кошечка (Илона Захарова)\Все что удалось найти в интернете\141.jpg
✅ CRC OK: P:\Photo\Из Сети\Кошечка (Илона Захарова)\Все что удалось найти в интернете\141.jpg (bffd0bb6)
OK: P:\Photo\Из Сети\Кошечка (Илона Захарова)\Все что удалось найти в интернете\142.jpg
✅ CRC OK: P:\Photo\Из Сети\Кошечка (Илона Захарова)\Все что удалось найти в интернете\142.jpg (502b2bbc)
OK: P:\Photo\Из Сети\Кошечка (Илона Захарова)\Все что удалось найти в интернете\143.jpg
✅ CRC OK: P:\Photo\Из Сети\Кошечка (Илона Захарова)\Все что удалось найти в интернете\143.jpg (310ddad9)
OK: P:\Photo\Из Сети\Кошечка (Илона Захарова)\Все что удалось найти в интернете\144.jpg
✅ CRC OK: P:\Photo\Из Сети\Кошечка (Илона Захарова)\Все что удалось найти в интернете\144.jpg (d2157a67)
OK: P:\Photo\Из Сети\Кошечка (Илона Захарова)\Все что удалось найти в интернете\145.jpg
✅ CRC OK: P:\Photo\Из Сети\Кошечка (Илона Захарова)\Все что удалось найти в интернете\145.jpg (98adc93b)
OK: P:\Photo\Из Сети\Кошечка (Илона Захарова)\Все что удалось найти в интернете\146.jpg
✅ CRC OK: P:\Photo\Из Сети\Кошечка (Илона Захарова)\Все что удалось найти в интернете\146.jpg (94df54d7)
OK: P:\Photo\Из Сети\Кошечка (Илона Захарова)\Все что удалось найти в интернете\147.jpg
✅ CRC OK: P:\Photo\Из Сети\Кошечка (Илона Захарова)\Все что удалось найти в интернете\147.jpg (55ab7a90)
OK: P:\Photo\Из Сети\Кошечка (Илона Захарова)\Все что удалось найти в интернете\148.jpg
✅ CRC OK: P:\Photo\Из Сети\Кошечка (Илона Захарова)\Все что удалось найти в интернете\148.jpg (6469e77c)
OK: P:\Photo\Из Сети\Кошечка (Илона Захарова)\Все что удалось найти в интернете\149.jpg
✅ CRC OK: P:\Photo\Из Сети\Кошечка (Илона Захарова)\Все что удалось найти в интернете\149.jpg (107c71ed)
OK: P:\Photo\Из Сети\Кошечка (Илона Захарова)\Все что удалось найти в интернете\15.jpg
✅ CRC OK: P:\Photo\Из Сети\Кошечка (Илона Захарова)\Все что удалось найти в интернете\15.jpg (27314b85)
OK: P:\Photo\Из Сети\Кошечка (Илона Захарова)\Все что удалось найти в интернете\150.jpg
✅ CRC OK: P:\Photo\Из Сети\Кошечка (Илона Захарова)\Все что удалось найти в интернете\150.jpg (8171ebb9)
OK: P:\Photo\Из Сети\Кошечка (Илона Захарова)\Все что удалось найти в интернете\151.jpg
✅ CRC OK: P:\Photo\Из Сети\Кошечка (Илона Захарова)\Все что удалось найти в интернете\151.jpg (e4628c53)
OK: P:\Photo\Из Сети\Кошечка (Илона Захарова)\Все что удалось найти в интернете\152.jpg
✅ CRC OK: P:\Photo\Из Сети\Кошечка (Илона Захарова)\Все что удалось найти в интернете\152.jpg (2fd96787)
OK: P:\Photo\Из Сети\Кошечка (Илона Захарова)\Все что удалось найти в интернете\153.jpg
✅ CRC OK: P:\Photo\Из Сети\Кошечка (Илона Захарова)\Все что удалось найти в интернете\153.jpg (bcc49cca)
OK: P:\Photo\Из Сети\Кошечка (Илона Захарова)\Все что удалось найти в интернете\154.jpg
✅ CRC OK: P:\Photo\Из Сети\Кошечка (Илона Захарова)\Все что удалось найти в интернете\154.jpg (fee1b46d)
OK: P:\Photo\Из Сети\Кошечка (Илона Захарова)\Все что удалось найти в интернете\155.jpg
✅ CRC OK: P:\Photo\Из Сети\Кошечка (Илона Захарова)\Все что удалось найти в интернете\155.jpg (6d6a1cf6)
OK: P:\Photo\Из Сети\Кошечка (Илона Захарова)\Все что удалось найти в интернете\156.jpg
✅ CRC OK: P:\Photo\Из Сети\Кошечка (Илона Захарова)\Все что удалось найти в интернете\156.jpg (adebbd07)
OK: P:\Photo\Из Сети\Кошечка (Илона Захарова)\Все что удалось найти в интернете\157.jpg
✅ CRC OK: P:\Photo\Из Сети\Кошечка (Илона Захарова)\Все что удалось найти в интернете\157.jpg (a401d2cb)
OK: P:\Photo\Из Сети\Кошечка (Илона Захарова)\Все что удалось найти в интернете\158.jpg
✅ CRC OK: P:\Photo\Из Сети\Кошечка (Илона Захарова)\Все что удалось найти в интернете\158.jpg (100d3975)
OK: P:\Photo\Из Сети\Кошечка (Илона Захарова)\Все что удалось найти в интернете\159.jpg
✅ CRC OK: P:\Photo\Из Сети\Кошечка (Илона Захарова)\Все что удалось найти в интернете\159.jpg (89f009f9)
OK: P:\Photo\Из Сети\Кошечка (Илона Захарова)\Все что удалось найти в интернете\16.jpg
✅ CRC OK: P:\Photo\Из Сети\Кошечка (Илона Захарова)\Все что удалось найти в интернете\16.jpg (f2de8e83)
OK: P:\Photo\Из Сети\Кошечка (Илона Захарова)\Все что удалось найти в интернете\160.jpg
✅ CRC OK: P:\Photo\Из Сети\Кошечка (Илона Захарова)\Все что удалось найти в интернете\160.jpg (b67addfc)
OK: P:\Photo\Из Сети\Кошечка (Илона Захарова)\Все что удалось найти в интернете\161.jpg
✅ CRC OK: P:\Photo\Из Сети\Кошечка (Илона Захарова)\Все что удалось найти в интернете\161.jpg (9d692817)
OK: P:\Photo\Из Сети\Кошечка (Илона Захарова)\Все что удалось найти в интернете\162.jpg
✅ CRC OK: P:\Photo\Из Сети\Кошечка (Илона Захарова)\Все что удалось найти в интернете\162.jpg (95c79fae)
OK: P:\Photo\Из Сети\Кошечка (Илона Захарова)\Все что удалось найти в интернете\163.jpg
✅ CRC OK: P:\Photo\Из Сети\Кошечка (Илона Захарова)\Все что удалось найти в интернете\163.jpg (5eb649d2)
OK: P:\Photo\Из Сети\Кошечка (Илона Захарова)\Все что удалось найти в интернете\164.jpg
✅ CRC OK: P:\Photo\Из Сети\Кошечка (Илона Захарова)\Все что удалось найти в интернете\164.jpg (b35ac70f)
OK: P:\Photo\Из Сети\Кошечка (Илона Захарова)\Все что удалось найти в интернете\165.jpg
✅ CRC OK: P:\Photo\Из Сети\Кошечка (Илона Захарова)\Все что удалось найти в интернете\165.jpg (c1c2806d)
OK: P:\Photo\Из Сети\Кошечка (Илона Захарова)\Все что удалось найти в интернете\166.jpg
✅ CRC OK: P:\Photo\Из Сети\Кошечка (Илона Захарова)\Все что удалось найти в интернете\166.jpg (943687e2)
OK: P:\Photo\Из Сети\Кошечка (Илона Захарова)\Все что удалось найти в интернете\167.jpg
✅ CRC OK: P:\Photo\Из Сети\Кошечка (Илона Захарова)\Все что удалось найти в интернете\167.jpg (55d70cde)
OK: P:\Photo\Из Сети\Кошечка (Илона Захарова)\Все что удалось найти в интернете\168.jpg
✅ CRC OK: P:\Photo\Из Сети\Кошечка (Илона Захарова)\Все что удалось найти в интернете\168.jpg (f87b1c84)
OK: P:\Photo\Из Сети\Кошечка (Илона Захарова)\Все что удалось найти в интернете\169.jpg
✅ CRC OK: P:\Photo\Из Сети\Кошечка (Илона Захарова)\Все что удалось найти в интернете\169.jpg (4bf0b6de)
OK: P:\Photo\Из Сети\Кошечка (Илона Захарова)\Все что удалось найти в интернете\17.jpg
✅ CRC OK: P:\Photo\Из Сети\Кошечка (Илона Захарова)\Все что удалось найти в интернете\17.jpg (30c35f15)
OK: P:\Photo\Из Сети\Кошечка (Илона Захарова)\Все что удалось найти в интернете\170.jpg
✅ CRC OK: P:\Photo\Из Сети\Кошечка (Илона Захарова)\Все что удалось найти в интернете\170.jpg (14b6e95c)
OK: P:\Photo\Из Сети\Кошечка (Илона Захарова)\Все что удалось найти в интернете\171.jpg
✅ CRC OK: P:\Photo\Из Сети\Кошечка (Илона Захарова)\Все что удалось найти в интернете\171.jpg (9712bed2)
OK: P:\Photo\Из Сети\Кошечка (Илона Захарова)\Все что удалось найти в интернете\172.jpg
✅ CRC OK: P:\Photo\Из Сети\Кошечка (Илона Захарова)\Все что удалось найти в интернете\172.jpg (fb568025)
OK: P:\Photo\Из Сети\Кошечка (Илона Захарова)\Все что удалось найти в интернете\173.jpg
✅ CRC OK: P:\Photo\Из Сети\Кошечка (Илона Захарова)\Все что удалось найти в интернете\173.jpg (2debf598)
OK: P:\Photo\Из Сети\Кошечка (Илона Захарова)\Все что удалось найти в интернете\174.jpg
✅ CRC OK: P:\Photo\Из Сети\Кошечка (Илона Захарова)\Все что удалось найти в интернете\174.jpg (d5bdb3af)
OK: P:\Photo\Из Сети\Кошечка (Илона Захарова)\Все что удалось найти в интернете\175.jpg
✅ CRC OK: P:\Photo\Из Сети\Кошечка (Илона Захарова)\Все что удалось найти в интернете\175.jpg (9b701497)
OK: P:\Photo\Из Сети\Кошечка (Илона Захарова)\Все что удалось найти в интернете\176.jpg
✅ CRC OK: P:\Photo\Из Сети\Кошечка (Илона Захарова)\Все что удалось найти в интернете\176.jpg (e27f41e1)
OK: P:\Photo\Из Сети\Кошечка (Илона Захарова)\Все что удалось найти в интернете\177.jpg
✅ CRC OK: P:\Photo\Из Сети\Кошечка (Илона Захарова)\Все что удалось найти в интернете\177.jpg (22cf5d9b)
OK: P:\Photo\Из Сети\Кошечка (Илона Захарова)\Все что удалось найти в интернете\178.jpg
✅ CRC OK: P:\Photo\Из Сети\Кошечка (Илона Захарова)\Все что удалось найти в интернете\178.jpg (f8ca2bd8)
OK: P:\Photo\Из Сети\Кошечка (Илона Захарова)\Все что удалось найти в интернете\179.jpg
✅ CRC OK: P:\Photo\Из Сети\Кошечка (Илона Захарова)\Все что удалось найти в интернете\179.jpg (4c79c907)
OK: P:\Photo\Из Сети\Кошечка (Илона Захарова)\Все что удалось найти в интернете\18.jpg
✅ CRC OK: P:\Photo\Из Сети\Кошечка (Илона Захарова)\Все что удалось найти в интернете\18.jpg (28924faa)
OK: P:\Photo\Из Сети\Кошечка (Илона Захарова)\Все что удалось найти в интернете\180.jpg
✅ CRC OK: P:\Photo\Из Сети\Кошечка (Илона Захарова)\Все что удалось найти в интернете\180.jpg (376632b6)
OK: P:\Photo\Из Сети\Кошечка (Илона Захарова)\Все что удалось найти в интернете\181.jpg
✅ CRC OK: P:\Photo\Из Сети\Кошечка (Илона Захарова)\Все что удалось найти в интернете\181.jpg (e5e809e5)
OK: P:\Photo\Из Сети\Кошечка (Илона Захарова)\Все что удалось найти в интернете\182.jpg
✅ CRC OK: P:\Photo\Из Сети\Кошечка (Илона Захарова)\Все что удалось найти в интернете\182.jpg (8344b4ad)
OK: P:\Photo\Из Сети\Кошечка (Илона Захарова)\Все что удалось найти в интернете\183.jpg
✅ CRC OK: P:\Photo\Из Сети\Кошечка (Илона Захарова)\Все что удалось найти в интернете\183.jpg (b45837cd)
OK: P:\Photo\Из Сети\Кошечка (Илона Захарова)\Все что удалось найти в интернете\184.jpg
✅ CRC OK: P:\Photo\Из Сети\Кошечка (Илона Захарова)\Все что удалось найти в интернете\184.jpg (5351d438)
OK: P:\Photo\Из Сети\Кошечка (Илона Захарова)\Все что удалось найти в интернете\185.jpg
✅ CRC OK: P:\Photo\Из Сети\Кошечка (Илона Захарова)\Все что удалось найти в интернете\185.jpg (62fd7754)
OK: P:\Photo\Из Сети\Кошечка (Илона Захарова)\Все что удалось найти в интернете\186.jpg
✅ CRC OK: P:\Photo\Из Сети\Кошечка (Илона Захарова)\Все что удалось найти в интернете\186.jpg (e090e487)
OK: P:\Photo\Из Сети\Кошечка (Илона Захарова)\Все что удалось найти в интернете\187.jpg
✅ CRC OK: P:\Photo\Из Сети\Кошечка (Илона Захарова)\Все что удалось найти в интернете\187.jpg (20877c32)
OK: P:\Photo\Из Сети\Кошечка (Илона Захарова)\Все что удалось найти в интернете\188.jpg
✅ CRC OK: P:\Photo\Из Сети\Кошечка (Илона Захарова)\Все что удалось найти в интернете\188.jpg (7098581a)
OK: P:\Photo\Из Сети\Кошечка (Илона Захарова)\Все что удалось найти в интернете\189.jpg
✅ CRC OK: P:\Photo\Из Сети\Кошечка (Илона Захарова)\Все что удалось найти в интернете\189.jpg (47c6e310)
OK: P:\Photo\Из Сети\Кошечка (Илона Захарова)\Все что удалось найти в интернете\19.jpg
✅ CRC OK: P:\Photo\Из Сети\Кошечка (Илона Захарова)\Все что удалось найти в интернете\19.jpg (ba625971)
OK: P:\Photo\Из Сети\Кошечка (Илона Захарова)\Все что удалось найти в интернете\190.jpg
✅ CRC OK: P:\Photo\Из Сети\Кошечка (Илона Захарова)\Все что удалось найти в интернете\190.jpg (62c956fc)
OK: P:\Photo\Из Сети\Кошечка (Илона Захарова)\Все что удалось найти в интернете\191.jpg
✅ CRC OK: P:\Photo\Из Сети\Кошечка (Илона Захарова)\Все что удалось найти в интернете\191.jpg (be9f3f10)
OK: P:\Photo\Из Сети\Кошечка (Илона Захарова)\Все что удалось найти в интернете\192.jpg
✅ CRC OK: P:\Photo\Из Сети\Кошечка (Илона Захарова)\Все что удалось найти в интернете\192.jpg (1739285f)
OK: P:\Photo\Из Сети\Кошечка (Илона Захарова)\Все что удалось найти в интернете\193.jpg
✅ CRC OK: P:\Photo\Из Сети\Кошечка (Илона Захарова)\Все что удалось найти в интернете\193.jpg (2d897069)
OK: P:\Photo\Из Сети\Кошечка (Илона Захарова)\Все что удалось найти в интернете\194.jpg
✅ CRC OK: P:\Photo\Из Сети\Кошечка (Илона Захарова)\Все что удалось найти в интернете\194.jpg (013e48bd)
OK: P:\Photo\Из Сети\Кошечка (Илона Захарова)\Все что удалось найти в интернете\195.jpg
✅ CRC OK: P:\Photo\Из Сети\Кошечка (Илона Захарова)\Все что удалось найти в интернете\195.jpg (673e9b00)
OK: P:\Photo\Из Сети\Кошечка (Илона Захарова)\Все что удалось найти в интернете\196.jpg
✅ CRC OK: P:\Photo\Из Сети\Кошечка (Илона Захарова)\Все что удалось найти в интернете\196.jpg (0c58f6e4)
OK: P:\Photo\Из Сети\Кошечка (Илона Захарова)\Все что удалось найти в интернете\197.jpg
✅ CRC OK: P:\Photo\Из Сети\Кошечка (Илона Захарова)\Все что удалось найти в интернете\197.jpg (aac00cac)
OK: P:\Photo\Из Сети\Кошечка (Илона Захарова)\Все что удалось найти в интернете\198.jpg
✅ CRC OK: P:\Photo\Из Сети\Кошечка (Илона Захарова)\Все что удалось найти в интернете\198.jpg (277e815b)
OK: P:\Photo\Из Сети\Кошечка (Илона Захарова)\Все что удалось найти в интернете\199.jpg
✅ CRC OK: P:\Photo\Из Сети\Кошечка (Илона Захарова)\Все что удалось найти в интернете\199.jpg (2dd5a2fc)
OK: P:\Photo\Из Сети\Кошечка (Илона Захарова)\Все что удалось найти в интернете\2.jpg
✅ CRC OK: P:\Photo\Из Сети\Кошечка (Илона Захарова)\Все что удалось найти в интернете\2.jpg (cc248222)
OK: P:\Photo\Из Сети\Кошечка (Илона Захарова)\Все что удалось найти в интернете\20.jpg
✅ CRC OK: P:\Photo\Из Сети\Кошечка (Илона Захарова)\Все что удалось найти в интернете\20.jpg (15698d8f)
OK: P:\Photo\Из Сети\Кошечка (Илона Захарова)\Все что удалось найти в интернете\200.jpg
✅ CRC OK: P:\Photo\Из Сети\Кошечка (Илона Захарова)\Все что удалось найти в интернете\200.jpg (7ed4c815)
OK: P:\Photo\Из Сети\Кошечка (Илона Захарова)\Все что удалось найти в интернете\201.jpg
✅ CRC OK: P:\Photo\Из Сети\Кошечка (Илона Захарова)\Все что удалось найти в интернете\201.jpg (6695653a)
OK: P:\Photo\Из Сети\Кошечка (Илона Захарова)\Все что удалось найти в интернете\202.jpg
✅ CRC OK: P:\Photo\Из Сети\Кошечка (Илона Захарова)\Все что удалось найти в интернете\202.jpg (73029b3d)
OK: P:\Photo\Из Сети\Кошечка (Илона Захарова)\Все что удалось найти в интернете\203.jpg
✅ CRC OK: P:\Photo\Из Сети\Кошечка (Илона Захарова)\Все что удалось найти в интернете\203.jpg (4e706a31)
OK: P:\Photo\Из Сети\Кошечка (Илона Захарова)\Все что удалось найти в интернете\204.jpg
✅ CRC OK: P:\Photo\Из Сети\Кошечка (Илона Захарова)\Все что удалось найти в интернете\204.jpg (58ff3396)
OK: P:\Photo\Из Сети\Кошечка (Илона Захарова)\Все что удалось найти в интернете\205.jpg
✅ CRC OK: P:\Photo\Из Сети\Кошечка (Илона Захарова)\Все что удалось найти в интернете\205.jpg (e23ae52a)
OK: P:\Photo\Из Сети\Кошечка (Илона Захарова)\Все что удалось найти в интернете\206.jpg
✅ CRC OK: P:\Photo\Из Сети\Кошечка (Илона Захарова)\Все что удалось найти в интернете\206.jpg (aafd149b)
OK: P:\Photo\Из Сети\Кошечка (Илона Захарова)\Все что удалось найти в интернете\207.jpg
✅ CRC OK: P:\Photo\Из Сети\Кошечка (Илона Захарова)\Все что удалось найти в интернете\207.jpg (49a5e231)
OK: P:\Photo\Из Сети\Кошечка (Илона Захарова)\Все что удалось найти в интернете\208.jpg
✅ CRC OK: P:\Photo\Из Сети\Кошечка (Илона Захарова)\Все что удалось найти в интернете\208.jpg (15506c98)
OK: P:\Photo\Из Сети\Кошечка (Илона Захарова)\Все что удалось найти в интернете\209.jpg
✅ CRC OK: P:\Photo\Из Сети\Кошечка (Илона Захарова)\Все что удалось найти в интернете\209.jpg (c95893a7)
OK: P:\Photo\Из Сети\Кошечка (Илона Захарова)\Все что удалось найти в интернете\21.jpg
✅ CRC OK: P:\Photo\Из Сети\Кошечка (Илона Захарова)\Все что удалось найти в интернете\21.jpg (c3e16d57)
OK: P:\Photo\Из Сети\Кошечка (Илона Захарова)\Все что удалось найти в интернете\210.jpg
✅ CRC OK: P:\Photo\Из Сети\Кошечка (Илона Захарова)\Все что удалось найти в интернете\210.jpg (6e577a1d)
OK: P:\Photo\Из Сети\Кошечка (Илона Захарова)\Все что удалось найти в интернете\211.jpg
✅ CRC OK: P:\Photo\Из Сети\Кошечка (Илона Захарова)\Все что удалось найти в интернете\211.jpg (051eb403)
OK: P:\Photo\Из Сети\Кошечка (Илона Захарова)\Все что удалось найти в интернете\212.jpg
✅ CRC OK: P:\Photo\Из Сети\Кошечка (Илона Захарова)\Все что удалось найти в интернете\212.jpg (76f49f47)
OK: P:\Photo\Из Сети\Кошечка (Илона Захарова)\Все что удалось найти в интернете\213.jpg
✅ CRC OK: P:\Photo\Из Сети\Кошечка (Илона Захарова)\Все что удалось найти в интернете\213.jpg (cb60d83b)
OK: P:\Photo\Из Сети\Кошечка (Илона Захарова)\Все что удалось найти в интернете\214.jpg
✅ CRC OK: P:\Photo\Из Сети\Кошечка (Илона Захарова)\Все что удалось найти в интернете\214.jpg (8a32d7ff)
OK: P:\Photo\Из Сети\Кошечка (Илона Захарова)\Все что удалось найти в интернете\215.jpg
✅ CRC OK: P:\Photo\Из Сети\Кошечка (Илона Захарова)\Все что удалось найти в интернете\215.jpg (a1d570aa)
OK: P:\Photo\Из Сети\Кошечка (Илона Захарова)\Все что удалось найти в интернете\216.jpg
✅ CRC OK: P:\Photo\Из Сети\Кошечка (Илона Захарова)\Все что удалось найти в интернете\216.jpg (ad14990e)
OK: P:\Photo\Из Сети\Кошечка (Илона Захарова)\Все что удалось найти в интернете\217.jpg
✅ CRC OK: P:\Photo\Из Сети\Кошечка (Илона Захарова)\Все что удалось найти в интернете\217.jpg (de845f3f)
OK: P:\Photo\Из Сети\Кошечка (Илона Захарова)\Все что удалось найти в интернете\218.jpg
✅ CRC OK: P:\Photo\Из Сети\Кошечка (Илона Захарова)\Все что удалось найти в интернете\218.jpg (ff4d9b48)
OK: P:\Photo\Из Сети\Кошечка (Илона Захарова)\Все что удалось найти в интернете\219.jpg
✅ CRC OK: P:\Photo\Из Сети\Кошечка (Илона Захарова)\Все что удалось найти в интернете\219.jpg (637b4efc)
OK: P:\Photo\Из Сети\Кошечка (Илона Захарова)\Все что удалось найти в интернете\22.jpg
✅ CRC OK: P:\Photo\Из Сети\Кошечка (Илона Захарова)\Все что удалось найти в интернете\22.jpg (8f18585a)
OK: P:\Photo\Из Сети\Кошечка (Илона Захарова)\Все что удалось найти в интернете\220.jpg
✅ CRC OK: P:\Photo\Из Сети\Кошечка (Илона Захарова)\Все что удалось найти в интернете\220.jpg (80f39ec4)
OK: P:\Photo\Из Сети\Кошечка (Илона Захарова)\Все что удалось найти в интернете\221.jpg
✅ CRC OK: P:\Photo\Из Сети\Кошечка (Илона Захарова)\Все что удалось найти в интернете\221.jpg (0de8c0a5)
OK: P:\Photo\Из Сети\Кошечка (Илона Захарова)\Все что удалось найти в интернете\222.jpg
✅ CRC OK: P:\Photo\Из Сети\Кошечка (Илона Захарова)\Все что удалось найти в интернете\222.jpg (2da06cf7)
OK: P:\Photo\Из Сети\Кошечка (Илона Захарова)\Все что удалось найти в интернете\223.jpg
✅ CRC OK: P:\Photo\Из Сети\Кошечка (Илона Захарова)\Все что удалось найти в интернете\223.jpg (ba394e9c)
OK: P:\Photo\Из Сети\Кошечка (Илона Захарова)\Все что удалось найти в интернете\224.jpg
✅ CRC OK: P:\Photo\Из Сети\Кошечка (Илона Захарова)\Все что удалось найти в интернете\224.jpg (02c2462e)
OK: P:\Photo\Из Сети\Кошечка (Илона Захарова)\Все что удалось найти в интернете\225.jpg
✅ CRC OK: P:\Photo\Из Сети\Кошечка (Илона Захарова)\Все что удалось найти в интернете\225.jpg (ebc53937)
OK: P:\Photo\Из Сети\Кошечка (Илона Захарова)\Все что удалось найти в интернете\226.jpg
✅ CRC OK: P:\Photo\Из Сети\Кошечка (Илона Захарова)\Все что удалось найти в интернете\226.jpg (2f3052e1)
OK: P:\Photo\Из Сети\Кошечка (Илона Захарова)\Все что удалось найти в интернете\227.jpg
✅ CRC OK: P:\Photo\Из Сети\Кошечка (Илона Захарова)\Все что удалось найти в интернете\227.jpg (8b4d9d08)
OK: P:\Photo\Из Сети\Кошечка (Илона Захарова)\Все что удалось найти в интернете\228.jpg
✅ CRC OK: P:\Photo\Из Сети\Кошечка (Илона Захарова)\Все что удалось найти в интернете\228.jpg (4a98ece0)
OK: P:\Photo\Из Сети\Кошечка (Илона Захарова)\Все что удалось найти в интернете\229.jpg
✅ CRC OK: P:\Photo\Из Сети\Кошечка (Илона Захарова)\Все что удалось найти в интернете\229.jpg (e27ba001)
OK: P:\Photo\Из Сети\Кошечка (Илона Захарова)\Все что удалось найти в интернете\23.jpg
✅ CRC OK: P:\Photo\Из Сети\Кошечка (Илона Захарова)\Все что удалось найти в интернете\23.jpg (c6206378)
OK: P:\Photo\Из Сети\Кошечка (Илона Захарова)\Все что удалось найти в интернете\230.jpg
✅ CRC OK: P:\Photo\Из Сети\Кошечка (Илона Захарова)\Все что удалось найти в интернете\230.jpg (84328689)
OK: P:\Photo\Из Сети\Кошечка (Илона Захарова)\Все что удалось найти в интернете\231.jpg
✅ CRC OK: P:\Photo\Из Сети\Кошечка (Илона Захарова)\Все что удалось найти в интернете\231.jpg (d6d20fe6)
OK: P:\Photo\Из Сети\Кошечка (Илона Захарова)\Все что удалось найти в интернете\232.jpg
✅ CRC OK: P:\Photo\Из Сети\Кошечка (Илона Захарова)\Все что удалось найти в интернете\232.jpg (4d96068a)
OK: P:\Photo\Из Сети\Кошечка (Илона Захарова)\Все что удалось найти в интернете\233.jpg
✅ CRC OK: P:\Photo\Из Сети\Кошечка (Илона Захарова)\Все что удалось найти в интернете\233.jpg (c32583a1)
OK: P:\Photo\Из Сети\Кошечка (Илона Захарова)\Все что удалось найти в интернете\234.jpg
✅ CRC OK: P:\Photo\Из Сети\Кошечка (Илона Захарова)\Все что удалось найти в интернете\234.jpg (12e50588)
OK: P:\Photo\Из Сети\Кошечка (Илона Захарова)\Все что удалось найти в интернете\235.jpg
✅ CRC OK: P:\Photo\Из Сети\Кошечка (Илона Захарова)\Все что удалось найти в интернете\235.jpg (16e68b47)
OK: P:\Photo\Из Сети\Кошечка (Илона Захарова)\Все что удалось найти в интернете\236.jpg
✅ CRC OK: P:\Photo\Из Сети\Кошечка (Илона Захарова)\Все что удалось найти в интернете\236.jpg (67e94c8a)
OK: P:\Photo\Из Сети\Кошечка (Илона Захарова)\Все что удалось найти в интернете\237.jpg
✅ CRC OK: P:\Photo\Из Сети\Кошечка (Илона Захарова)\Все что удалось найти в интернете\237.jpg (7f23a64a)
OK: P:\Photo\Из Сети\Кошечка (Илона Захарова)\Все что удалось найти в интернете\238.jpg
✅ CRC OK: P:\Photo\Из Сети\Кошечка (Илона Захарова)\Все что удалось найти в интернете\238.jpg (b1d8704b)
OK: P:\Photo\Из Сети\Кошечка (Илона Захарова)\Все что удалось найти в интернете\239.jpg
✅ CRC OK: P:\Photo\Из Сети\Кошечка (Илона Захарова)\Все что удалось найти в интернете\239.jpg (fa75d572)
OK: P:\Photo\Из Сети\Кошечка (Илона Захарова)\Все что удалось найти в интернете\24.jpg
✅ CRC OK: P:\Photo\Из Сети\Кошечка (Илона Захарова)\Все что удалось найти в интернете\24.jpg (aa38d016)
OK: P:\Photo\Из Сети\Кошечка (Илона Захарова)\Все что удалось найти в интернете\240.jpg
✅ CRC OK: P:\Photo\Из Сети\Кошечка (Илона Захарова)\Все что удалось найти в интернете\240.jpg (224ab764)
OK: P:\Photo\Из Сети\Кошечка (Илона Захарова)\Все что удалось найти в интернете\241.jpg
✅ CRC OK: P:\Photo\Из Сети\Кошечка (Илона Захарова)\Все что удалось найти в интернете\241.jpg (2520c4d6)
OK: P:\Photo\Из Сети\Кошечка (Илона Захарова)\Все что удалось найти в интернете\242.jpg
✅ CRC OK: P:\Photo\Из Сети\Кошечка (Илона Захарова)\Все что удалось найти в интернете\242.jpg (226ebfaa)
OK: P:\Photo\Из Сети\Кошечка (Илона Захарова)\Все что удалось найти в интернете\243.jpg
✅ CRC OK: P:\Photo\Из Сети\Кошечка (Илона Захарова)\Все что удалось найти в интернете\243.jpg (d7883b7e)
OK: P:\Photo\Из Сети\Кошечка (Илона Захарова)\Все что удалось найти в интернете\244.jpg
✅ CRC OK: P:\Photo\Из Сети\Кошечка (Илона Захарова)\Все что удалось найти в интернете\244.jpg (effaed5a)
OK: P:\Photo\Из Сети\Кошечка (Илона Захарова)\Все что удалось найти в интернете\245.jpg
✅ CRC OK: P:\Photo\Из Сети\Кошечка (Илона Захарова)\Все что удалось найти в интернете\245.jpg (808cbbe1)
OK: P:\Photo\Из Сети\Кошечка (Илона Захарова)\Все что удалось найти в интернете\246.jpg
✅ CRC OK: P:\Photo\Из Сети\Кошечка (Илона Захарова)\Все что удалось найти в интернете\246.jpg (c4808bcf)
OK: P:\Photo\Из Сети\Кошечка (Илона Захарова)\Все что удалось найти в интернете\247.jpg
✅ CRC OK: P:\Photo\Из Сети\Кошечка (Илона Захарова)\Все что удалось найти в интернете\247.jpg (35f99dee)
OK: P:\Photo\Из Сети\Кошечка (Илона Захарова)\Все что удалось найти в интернете\248.jpg
✅ CRC OK: P:\Photo\Из Сети\Кошечка (Илона Захарова)\Все что удалось найти в интернете\248.jpg (be20f395)
OK: P:\Photo\Из Сети\Кошечка (Илона Захарова)\Все что удалось найти в интернете\249.jpg
✅ CRC OK: P:\Photo\Из Сети\Кошечка (Илона Захарова)\Все что удалось найти в интернете\249.jpg (0d4e78f9)
OK: P:\Photo\Из Сети\Кошечка (Илона Захарова)\Все что удалось найти в интернете\25.jpg
✅ CRC OK: P:\Photo\Из Сети\Кошечка (Илона Захарова)\Все что удалось найти в интернете\25.jpg (441f60dd)
OK: P:\Photo\Из Сети\Кошечка (Илона Захарова)\Все что удалось найти в интернете\250.jpg
✅ CRC OK: P:\Photo\Из Сети\Кошечка (Илона Захарова)\Все что удалось найти в интернете\250.jpg (6cbeeb42)
OK: P:\Photo\Из Сети\Кошечка (Илона Захарова)\Все что удалось найти в интернете\251.jpg
✅ CRC OK: P:\Photo\Из Сети\Кошечка (Илона Захарова)\Все что удалось найти в интернете\251.jpg (30660ff5)
OK: P:\Photo\Из Сети\Кошечка (Илона Захарова)\Все что удалось найти в интернете\252.jpg
✅ CRC OK: P:\Photo\Из Сети\Кошечка (Илона Захарова)\Все что удалось найти в интернете\252.jpg (4205132c)
OK: P:\Photo\Из Сети\Кошечка (Илона Захарова)\Все что удалось найти в интернете\253.jpg
✅ CRC OK: P:\Photo\Из Сети\Кошечка (Илона Захарова)\Все что удалось найти в интернете\253.jpg (02470972)
OK: P:\Photo\Из Сети\Кошечка (Илона Захарова)\Все что удалось найти в интернете\254.jpg
✅ CRC OK: P:\Photo\Из Сети\Кошечка (Илона Захарова)\Все что удалось найти в интернете\254.jpg (3ac7857a)
OK: P:\Photo\Из Сети\Кошечка (Илона Захарова)\Все что удалось найти в интернете\255.jpg
✅ CRC OK: P:\Photo\Из Сети\Кошечка (Илона Захарова)\Все что удалось найти в интернете\255.jpg (63fc17fe)
OK: P:\Photo\Из Сети\Кошечка (Илона Захарова)\Все что удалось найти в интернете\256.jpg
✅ CRC OK: P:\Photo\Из Сети\Кошечка (Илона Захарова)\Все что удалось найти в интернете\256.jpg (a3c02840)
OK: P:\Photo\Из Сети\Кошечка (Илона Захарова)\Все что удалось найти в интернете\257.jpg
✅ CRC OK: P:\Photo\Из Сети\Кошечка (Илона Захарова)\Все что удалось найти в интернете\257.jpg (286840c9)
OK: P:\Photo\Из Сети\Кошечка (Илона Захарова)\Все что удалось найти в интернете\258.jpg
✅ CRC OK: P:\Photo\Из Сети\Кошечка (Илона Захарова)\Все что удалось найти в интернете\258.jpg (e758ca71)
OK: P:\Photo\Из Сети\Кошечка (Илона Захарова)\Все что удалось найти в интернете\259.jpg
✅ CRC OK: P:\Photo\Из Сети\Кошечка (Илона Захарова)\Все что удалось найти в интернете\259.jpg (4857c1b5)
OK: P:\Photo\Из Сети\Кошечка (Илона Захарова)\Все что удалось найти в интернете\26.jpg
✅ CRC OK: P:\Photo\Из Сети\Кошечка (Илона Захарова)\Все что удалось найти в интернете\26.jpg (a745fcf6)
OK: P:\Photo\Из Сети\Кошечка (Илона Захарова)\Все что удалось найти в интернете\260.jpg
✅ CRC OK: P:\Photo\Из Сети\Кошечка (Илона Захарова)\Все что удалось найти в интернете\260.jpg (53f77c79)
OK: P:\Photo\Из Сети\Кошечка (Илона Захарова)\Все что удалось найти в интернете\261.jpg
✅ CRC OK: P:\Photo\Из Сети\Кошечка (Илона Захарова)\Все что удалось найти в интернете\261.jpg (e84b0ecb)
OK: P:\Photo\Из Сети\Кошечка (Илона Захарова)\Все что удалось найти в интернете\262.jpg
✅ CRC OK: P:\Photo\Из Сети\Кошечка (Илона Захарова)\Все что удалось найти в интернете\262.jpg (c779eeb0)
OK: P:\Photo\Из Сети\Кошечка (Илона Захарова)\Все что удалось найти в интернете\263.jpg
✅ CRC OK: P:\Photo\Из Сети\Кошечка (Илона Захарова)\Все что удалось найти в интернете\263.jpg (cf9ec99f)
OK: P:\Photo\Из Сети\Кошечка (Илона Захарова)\Все что удалось найти в интернете\264.jpg
✅ CRC OK: P:\Photo\Из Сети\Кошечка (Илона Захарова)\Все что удалось найти в интернете\264.jpg (94070dae)
OK: P:\Photo\Из Сети\Кошечка (Илона Захарова)\Все что удалось найти в интернете\265.jpg
✅ CRC OK: P:\Photo\Из Сети\Кошечка (Илона Захарова)\Все что удалось найти в интернете\265.jpg (389bba0e)
OK: P:\Photo\Из Сети\Кошечка (Илона Захарова)\Все что удалось найти в интернете\266.jpg
✅ CRC OK: P:\Photo\Из Сети\Кошечка (Илона Захарова)\Все что удалось найти в интернете\266.jpg (3f01b05f)
OK: P:\Photo\Из Сети\Кошечка (Илона Захарова)\Все что удалось найти в интернете\267.jpg
✅ CRC OK: P:\Photo\Из Сети\Кошечка (Илона Захарова)\Все что удалось найти в интернете\267.jpg (235fe1b6)
OK: P:\Photo\Из Сети\Кошечка (Илона Захарова)\Все что удалось найти в интернете\268.jpg
✅ CRC OK: P:\Photo\Из Сети\Кошечка (Илона Захарова)\Все что удалось найти в интернете\268.jpg (add4be21)
OK: P:\Photo\Из Сети\Кошечка (Илона Захарова)\Все что удалось найти в интернете\269.jpg
✅ CRC OK: P:\Photo\Из Сети\Кошечка (Илона Захарова)\Все что удалось найти в интернете\269.jpg (3ceaee64)
OK: P:\Photo\Из Сети\Кошечка (Илона Захарова)\Все что удалось найти в интернете\27.jpg
✅ CRC OK: P:\Photo\Из Сети\Кошечка (Илона Захарова)\Все что удалось найти в интернете\27.jpg (9024d806)
OK: P:\Photo\Из Сети\Кошечка (Илона Захарова)\Все что удалось найти в интернете\270.jpg
✅ CRC OK: P:\Photo\Из Сети\Кошечка (Илона Захарова)\Все что удалось найти в интернете\270.jpg (eaaaee42)
OK: P:\Photo\Из Сети\Кошечка (Илона Захарова)\Все что удалось найти в интернете\271.jpg
✅ CRC OK: P:\Photo\Из Сети\Кошечка (Илона Захарова)\Все что удалось найти в интернете\271.jpg (d3273dfa)
OK: P:\Photo\Из Сети\Кошечка (Илона Захарова)\Все что удалось найти в интернете\272.jpg
✅ CRC OK: P:\Photo\Из Сети\Кошечка (Илона Захарова)\Все что удалось найти в интернете\272.jpg (e787c550)
OK: P:\Photo\Из Сети\Кошечка (Илона Захарова)\Все что удалось найти в интернете\273.jpg
✅ CRC OK: P:\Photo\Из Сети\Кошечка (Илона Захарова)\Все что удалось найти в интернете\273.jpg (bab26e3e)
OK: P:\Photo\Из Сети\Кошечка (Илона Захарова)\Все что удалось найти в интернете\274.jpg
✅ CRC OK: P:\Photo\Из Сети\Кошечка (Илона Захарова)\Все что удалось найти в интернете\274.jpg (8c33e558)
OK: P:\Photo\Из Сети\Кошечка (Илона Захарова)\Все что удалось найти в интернете\275.jpg
✅ CRC OK: P:\Photo\Из Сети\Кошечка (Илона Захарова)\Все что удалось найти в интернете\275.jpg (0133bb5f)
OK: P:\Photo\Из Сети\Кошечка (Илона Захарова)\Все что удалось найти в интернете\276.jpg
✅ CRC OK: P:\Photo\Из Сети\Кошечка (Илона Захарова)\Все что удалось найти в интернете\276.jpg (df5a75dd)
OK: P:\Photo\Из Сети\Кошечка (Илона Захарова)\Все что удалось найти в интернете\277.jpg
✅ CRC OK: P:\Photo\Из Сети\Кошечка (Илона Захарова)\Все что удалось найти в интернете\277.jpg (80a5abd2)
OK: P:\Photo\Из Сети\Кошечка (Илона Захарова)\Все что удалось найти в интернете\278.jpg
✅ CRC OK: P:\Photo\Из Сети\Кошечка (Илона Захарова)\Все что удалось найти в интернете\278.jpg (b3ce79c2)
OK: P:\Photo\Из Сети\Кошечка (Илона Захарова)\Все что удалось найти в интернете\279.jpg
✅ CRC OK: P:\Photo\Из Сети\Кошечка (Илона Захарова)\Все что удалось найти в интернете\279.jpg (c6dda9e5)
OK: P:\Photo\Из Сети\Кошечка (Илона Захарова)\Все что удалось найти в интернете\28.jpg
✅ CRC OK: P:\Photo\Из Сети\Кошечка (Илона Захарова)\Все что удалось найти в интернете\28.jpg (89ecef8c)
OK: P:\Photo\Из Сети\Кошечка (Илона Захарова)\Все что удалось найти в интернете\280.jpg
✅ CRC OK: P:\Photo\Из Сети\Кошечка (Илона Захарова)\Все что удалось найти в интернете\280.jpg (eb773013)
OK: P:\Photo\Из Сети\Кошечка (Илона Захарова)\Все что удалось найти в интернете\281.jpg
✅ CRC OK: P:\Photo\Из Сети\Кошечка (Илона Захарова)\Все что удалось найти в интернете\281.jpg (a151ea40)
OK: P:\Photo\Из Сети\Кошечка (Илона Захарова)\Все что удалось найти в интернете\282.jpg
✅ CRC OK: P:\Photo\Из Сети\Кошечка (Илона Захарова)\Все что удалось найти в интернете\282.jpg (830f3009)
OK: P:\Photo\Из Сети\Кошечка (Илона Захарова)\Все что удалось найти в интернете\283.jpg
✅ CRC OK: P:\Photo\Из Сети\Кошечка (Илона Захарова)\Все что удалось найти в интернете\283.jpg (bb91991a)
OK: P:\Photo\Из Сети\Кошечка (Илона Захарова)\Все что удалось найти в интернете\284.jpg
✅ CRC OK: P:\Photo\Из Сети\Кошечка (Илона Захарова)\Все что удалось найти в интернете\284.jpg (1e978698)
OK: P:\Photo\Из Сети\Кошечка (Илона Захарова)\Все что удалось найти в интернете\285.jpg
✅ CRC OK: P:\Photo\Из Сети\Кошечка (Илона Захарова)\Все что удалось найти в интернете\285.jpg (70ed9335)
OK: P:\Photo\Из Сети\Кошечка (Илона Захарова)\Все что удалось найти в интернете\286.jpg
✅ CRC OK: P:\Photo\Из Сети\Кошечка (Илона Захарова)\Все что удалось найти в интернете\286.jpg (c00552db)
OK: P:\Photo\Из Сети\Кошечка (Илона Захарова)\Все что удалось найти в интернете\287.jpg
✅ CRC OK: P:\Photo\Из Сети\Кошечка (Илона Захарова)\Все что удалось найти в интернете\287.jpg (6c0c46d2)
OK: P:\Photo\Из Сети\Кошечка (Илона Захарова)\Все что удалось найти в интернете\288.jpg
✅ CRC OK: P:\Photo\Из Сети\Кошечка (Илона Захарова)\Все что удалось найти в интернете\288.jpg (7cfc8e63)
OK: P:\Photo\Из Сети\Кошечка (Илона Захарова)\Все что удалось найти в интернете\289.jpg
✅ CRC OK: P:\Photo\Из Сети\Кошечка (Илона Захарова)\Все что удалось найти в интернете\289.jpg (bb3bfb02)
OK: P:\Photo\Из Сети\Кошечка (Илона Захарова)\Все что удалось найти в интернете\29.jpg
✅ CRC OK: P:\Photo\Из Сети\Кошечка (Илона Захарова)\Все что удалось найти в интернете\29.jpg (44f3f3a0)
OK: P:\Photo\Из Сети\Кошечка (Илона Захарова)\Все что удалось найти в интернете\290.jpg
✅ CRC OK: P:\Photo\Из Сети\Кошечка (Илона Захарова)\Все что удалось найти в интернете\290.jpg (49d54167)
OK: P:\Photo\Из Сети\Кошечка (Илона Захарова)\Все что удалось найти в интернете\291.jpg
✅ CRC OK: P:\Photo\Из Сети\Кошечка (Илона Захарова)\Все что удалось найти в интернете\291.jpg (cd2f0220)
OK: P:\Photo\Из Сети\Кошечка (Илона Захарова)\Все что удалось найти в интернете\292.jpg
✅ CRC OK: P:\Photo\Из Сети\Кошечка (Илона Захарова)\Все что удалось найти в интернете\292.jpg (4aa4fb16)
OK: P:\Photo\Из Сети\Кошечка (Илона Захарова)\Все что удалось найти в интернете\293.jpg
✅ CRC OK: P:\Photo\Из Сети\Кошечка (Илона Захарова)\Все что удалось найти в интернете\293.jpg (52c3cc03)
OK: P:\Photo\Из Сети\Кошечка (Илона Захарова)\Все что удалось найти в интернете\294.jpg
✅ CRC OK: P:\Photo\Из Сети\Кошечка (Илона Захарова)\Все что удалось найти в интернете\294.jpg (8db1c007)
OK: P:\Photo\Из Сети\Кошечка (Илона Захарова)\Все что удалось найти в интернете\295.jpg
✅ CRC OK: P:\Photo\Из Сети\Кошечка (Илона Захарова)\Все что удалось найти в интернете\295.jpg (86d6f9fc)
OK: P:\Photo\Из Сети\Кошечка (Илона Захарова)\Все что удалось найти в интернете\296.jpg
✅ CRC OK: P:\Photo\Из Сети\Кошечка (Илона Захарова)\Все что удалось найти в интернете\296.jpg (38838dca)
OK: P:\Photo\Из Сети\Кошечка (Илона Захарова)\Все что удалось найти в интернете\297.jpg
✅ CRC OK: P:\Photo\Из Сети\Кошечка (Илона Захарова)\Все что удалось найти в интернете\297.jpg (ab63ba00)
OK: P:\Photo\Из Сети\Кошечка (Илона Захарова)\Все что удалось найти в интернете\298.jpg
✅ CRC OK: P:\Photo\Из Сети\Кошечка (Илона Захарова)\Все что удалось найти в интернете\298.jpg (65834059)
OK: P:\Photo\Из Сети\Кошечка (Илона Захарова)\Все что удалось найти в интернете\299.jpg
✅ CRC OK: P:\Photo\Из Сети\Кошечка (Илона Захарова)\Все что удалось найти в интернете\299.jpg (910c7c7a)
OK: P:\Photo\Из Сети\Кошечка (Илона Захарова)\Все что удалось найти в интернете\3.jpg
✅ CRC OK: P:\Photo\Из Сети\Кошечка (Илона Захарова)\Все что удалось найти в интернете\3.jpg (9f5eb7a1)
OK: P:\Photo\Из Сети\Кошечка (Илона Захарова)\Все что удалось найти в интернете\30.jpg
✅ CRC OK: P:\Photo\Из Сети\Кошечка (Илона Захарова)\Все что удалось найти в интернете\30.jpg (08b75383)
OK: P:\Photo\Из Сети\Кошечка (Илона Захарова)\Все что удалось найти в интернете\300.jpg
✅ CRC OK: P:\Photo\Из Сети\Кошечка (Илона Захарова)\Все что удалось найти в интернете\300.jpg (1f370698)
OK: P:\Photo\Из Сети\Кошечка (Илона Захарова)\Все что удалось найти в интернете\301.jpg
✅ CRC OK: P:\Photo\Из Сети\Кошечка (Илона Захарова)\Все что удалось найти в интернете\301.jpg (369180d5)
OK: P:\Photo\Из Сети\Кошечка (Илона Захарова)\Все что удалось найти в интернете\302.jpg
✅ CRC OK: P:\Photo\Из Сети\Кошечка (Илона Захарова)\Все что удалось найти в интернете\302.jpg (5aa05014)
OK: P:\Photo\Из Сети\Кошечка (Илона Захарова)\Все что удалось найти в интернете\303.jpg
✅ CRC OK: P:\Photo\Из Сети\Кошечка (Илона Захарова)\Все что удалось найти в интернете\303.jpg (a272fc0c)
OK: P:\Photo\Из Сети\Кошечка (Илона Захарова)\Все что удалось найти в интернете\304.jpg
✅ CRC OK: P:\Photo\Из Сети\Кошечка (Илона Захарова)\Все что удалось найти в интернете\304.jpg (584f989d)
OK: P:\Photo\Из Сети\Кошечка (Илона Захарова)\Все что удалось найти в интернете\305.jpg
✅ CRC OK: P:\Photo\Из Сети\Кошечка (Илона Захарова)\Все что удалось найти в интернете\305.jpg (05566585)
OK: P:\Photo\Из Сети\Кошечка (Илона Захарова)\Все что удалось найти в интернете\306.jpg
✅ CRC OK: P:\Photo\Из Сети\Кошечка (Илона Захарова)\Все что удалось найти в интернете\306.jpg (110988f0)
OK: P:\Photo\Из Сети\Кошечка (Илона Захарова)\Все что удалось найти в интернете\307.jpg
✅ CRC OK: P:\Photo\Из Сети\Кошечка (Илона Захарова)\Все что удалось найти в интернете\307.jpg (6b2f192c)
OK: P:\Photo\Из Сети\Кошечка (Илона Захарова)\Все что удалось найти в интернете\308.jpg
✅ CRC OK: P:\Photo\Из Сети\Кошечка (Илона Захарова)\Все что удалось найти в интернете\308.jpg (6de4a897)
OK: P:\Photo\Из Сети\Кошечка (Илона Захарова)\Все что удалось найти в интернете\309.jpg
✅ CRC OK: P:\Photo\Из Сети\Кошечка (Илона Захарова)\Все что удалось найти в интернете\309.jpg (a7743bec)
OK: P:\Photo\Из Сети\Кошечка (Илона Захарова)\Все что удалось найти в интернете\31.jpg
✅ CRC OK: P:\Photo\Из Сети\Кошечка (Илона Захарова)\Все что удалось найти в интернете\31.jpg (8fe5269a)
OK: P:\Photo\Из Сети\Кошечка (Илона Захарова)\Все что удалось найти в интернете\310.jpg
✅ CRC OK: P:\Photo\Из Сети\Кошечка (Илона Захарова)\Все что удалось найти в интернете\310.jpg (a6361b5f)
OK: P:\Photo\Из Сети\Кошечка (Илона Захарова)\Все что удалось найти в интернете\311.jpg
✅ CRC OK: P:\Photo\Из Сети\Кошечка (Илона Захарова)\Все что удалось найти в интернете\311.jpg (62ec04bd)
OK: P:\Photo\Из Сети\Кошечка (Илона Захарова)\Все что удалось найти в интернете\312.jpg
✅ CRC OK: P:\Photo\Из Сети\Кошечка (Илона Захарова)\Все что удалось найти в интернете\312.jpg (1ca984cb)
OK: P:\Photo\Из Сети\Кошечка (Илона Захарова)\Все что удалось найти в интернете\313.jpg
✅ CRC OK: P:\Photo\Из Сети\Кошечка (Илона Захарова)\Все что удалось найти в интернете\313.jpg (cb2ea9f0)
OK: P:\Photo\Из Сети\Кошечка (Илона Захарова)\Все что удалось найти в интернете\314.jpg
✅ CRC OK: P:\Photo\Из Сети\Кошечка (Илона Захарова)\Все что удалось найти в интернете\314.jpg (514d93eb)
OK: P:\Photo\Из Сети\Кошечка (Илона Захарова)\Все что удалось найти в интернете\315.jpg
✅ CRC OK: P:\Photo\Из Сети\Кошечка (Илона Захарова)\Все что удалось найти в интернете\315.jpg (331988c5)
OK: P:\Photo\Из Сети\Кошечка (Илона Захарова)\Все что удалось найти в интернете\316.jpg
✅ CRC OK: P:\Photo\Из Сети\Кошечка (Илона Захарова)\Все что удалось найти в интернете\316.jpg (1a18ad5c)
OK: P:\Photo\Из Сети\Кошечка (Илона Захарова)\Все что удалось найти в интернете\317.jpg
✅ CRC OK: P:\Photo\Из Сети\Кошечка (Илона Захарова)\Все что удалось найти в интернете\317.jpg (35640440)
OK: P:\Photo\Из Сети\Кошечка (Илона Захарова)\Все что удалось найти в интернете\318.jpg
✅ CRC OK: P:\Photo\Из Сети\Кошечка (Илона Захарова)\Все что удалось найти в интернете\318.jpg (dd057526)
OK: P:\Photo\Из Сети\Кошечка (Илона Захарова)\Все что удалось найти в интернете\319.jpg
✅ CRC OK: P:\Photo\Из Сети\Кошечка (Илона Захарова)\Все что удалось найти в интернете\319.jpg (212a3f84)
OK: P:\Photo\Из Сети\Кошечка (Илона Захарова)\Все что удалось найти в интернете\32.jpg
✅ CRC OK: P:\Photo\Из Сети\Кошечка (Илона Захарова)\Все что удалось найти в интернете\32.jpg (073bdc4f)
OK: P:\Photo\Из Сети\Кошечка (Илона Захарова)\Все что удалось найти в интернете\320.jpg
✅ CRC OK: P:\Photo\Из Сети\Кошечка (Илона Захарова)\Все что удалось найти в интернете\320.jpg (72894cdc)
OK: P:\Photo\Из Сети\Кошечка (Илона Захарова)\Все что удалось найти в интернете\321.jpg
✅ CRC OK: P:\Photo\Из Сети\Кошечка (Илона Захарова)\Все что удалось найти в интернете\321.jpg (8a24fd6c)
OK: P:\Photo\Из Сети\Кошечка (Илона Захарова)\Все что удалось найти в интернете\322.jpg
✅ CRC OK: P:\Photo\Из Сети\Кошечка (Илона Захарова)\Все что удалось найти в интернете\322.jpg (0a717394)
OK: P:\Photo\Из Сети\Кошечка (Илона Захарова)\Все что удалось найти в интернете\323.jpg
✅ CRC OK: P:\Photo\Из Сети\Кошечка (Илона Захарова)\Все что удалось найти в интернете\323.jpg (10905683)
OK: P:\Photo\Из Сети\Кошечка (Илона Захарова)\Все что удалось найти в интернете\324.jpg
✅ CRC OK: P:\Photo\Из Сети\Кошечка (Илона Захарова)\Все что удалось найти в интернете\324.jpg (c3746983)
OK: P:\Photo\Из Сети\Кошечка (Илона Захарова)\Все что удалось найти в интернете\325.jpg
✅ CRC OK: P:\Photo\Из Сети\Кошечка (Илона Захарова)\Все что удалось найти в интернете\325.jpg (2fb2982e)
OK: P:\Photo\Из Сети\Кошечка (Илона Захарова)\Все что удалось найти в интернете\326.jpg
✅ CRC OK: P:\Photo\Из Сети\Кошечка (Илона Захарова)\Все что удалось найти в интернете\326.jpg (1948eb54)
OK: P:\Photo\Из Сети\Кошечка (Илона Захарова)\Все что удалось найти в интернете\327.jpg
✅ CRC OK: P:\Photo\Из Сети\Кошечка (Илона Захарова)\Все что удалось найти в интернете\327.jpg (214161ed)
OK: P:\Photo\Из Сети\Кошечка (Илона Захарова)\Все что удалось найти в интернете\328.jpg
✅ CRC OK: P:\Photo\Из Сети\Кошечка (Илона Захарова)\Все что удалось найти в интернете\328.jpg (ce0a0977)
OK: P:\Photo\Из Сети\Кошечка (Илона Захарова)\Все что удалось найти в интернете\329.jpg
✅ CRC OK: P:\Photo\Из Сети\Кошечка (Илона Захарова)\Все что удалось найти в интернете\329.jpg (ea687d57)
OK: P:\Photo\Из Сети\Кошечка (Илона Захарова)\Все что удалось найти в интернете\33.jpg
✅ CRC OK: P:\Photo\Из Сети\Кошечка (Илона Захарова)\Все что удалось найти в интернете\33.jpg (f7054967)
OK: P:\Photo\Из Сети\Кошечка (Илона Захарова)\Все что удалось найти в интернете\330.jpg
✅ CRC OK: P:\Photo\Из Сети\Кошечка (Илона Захарова)\Все что удалось найти в интернете\330.jpg (586c2085)
OK: P:\Photo\Из Сети\Кошечка (Илона Захарова)\Все что удалось найти в интернете\331.jpg
✅ CRC OK: P:\Photo\Из Сети\Кошечка (Илона Захарова)\Все что удалось найти в интернете\331.jpg (c6a56cb1)
OK: P:\Photo\Из Сети\Кошечка (Илона Захарова)\Все что удалось найти в интернете\332.jpg
✅ CRC OK: P:\Photo\Из Сети\Кошечка (Илона Захарова)\Все что удалось найти в интернете\332.jpg (4b6d43bf)
OK: P:\Photo\Из Сети\Кошечка (Илона Захарова)\Все что удалось найти в интернете\333.jpg
✅ CRC OK: P:\Photo\Из Сети\Кошечка (Илона Захарова)\Все что удалось найти в интернете\333.jpg (773a06a7)
OK: P:\Photo\Из Сети\Кошечка (Илона Захарова)\Все что удалось найти в интернете\334.jpg
✅ CRC OK: P:\Photo\Из Сети\Кошечка (Илона Захарова)\Все что удалось найти в интернете\334.jpg (bcfbb63c)
OK: P:\Photo\Из Сети\Кошечка (Илона Захарова)\Все что удалось найти в интернете\335.jpg
✅ CRC OK: P:\Photo\Из Сети\Кошечка (Илона Захарова)\Все что удалось найти в интернете\335.jpg (c7cf048f)
OK: P:\Photo\Из Сети\Кошечка (Илона Захарова)\Все что удалось найти в интернете\336.jpg
✅ CRC OK: P:\Photo\Из Сети\Кошечка (Илона Захарова)\Все что удалось найти в интернете\336.jpg (b2f375d1)
OK: P:\Photo\Из Сети\Кошечка (Илона Захарова)\Все что удалось найти в интернете\337.jpg
✅ CRC OK: P:\Photo\Из Сети\Кошечка (Илона Захарова)\Все что удалось найти в интернете\337.jpg (6f056675)
OK: P:\Photo\Из Сети\Кошечка (Илона Захарова)\Все что удалось найти в интернете\338.jpg
✅ CRC OK: P:\Photo\Из Сети\Кошечка (Илона Захарова)\Все что удалось найти в интернете\338.jpg (4b1efcce)
OK: P:\Photo\Из Сети\Кошечка (Илона Захарова)\Все что удалось найти в интернете\339.jpg
✅ CRC OK: P:\Photo\Из Сети\Кошечка (Илона Захарова)\Все что удалось найти в интернете\339.jpg (019d221f)
OK: P:\Photo\Из Сети\Кошечка (Илона Захарова)\Все что удалось найти в интернете\34.jpg
✅ CRC OK: P:\Photo\Из Сети\Кошечка (Илона Захарова)\Все что удалось найти в интернете\34.jpg (03af5746)
OK: P:\Photo\Из Сети\Кошечка (Илона Захарова)\Все что удалось найти в интернете\340.jpg
✅ CRC OK: P:\Photo\Из Сети\Кошечка (Илона Захарова)\Все что удалось найти в интернете\340.jpg (9458dc01)
OK: P:\Photo\Из Сети\Кошечка (Илона Захарова)\Все что удалось найти в интернете\341.jpg
✅ CRC OK: P:\Photo\Из Сети\Кошечка (Илона Захарова)\Все что удалось найти в интернете\341.jpg (3453deb6)
OK: P:\Photo\Из Сети\Кошечка (Илона Захарова)\Все что удалось найти в интернете\342.jpg
✅ CRC OK: P:\Photo\Из Сети\Кошечка (Илона Захарова)\Все что удалось найти в интернете\342.jpg (f523952c)
OK: P:\Photo\Из Сети\Кошечка (Илона Захарова)\Все что удалось найти в интернете\343.jpg
✅ CRC OK: P:\Photo\Из Сети\Кошечка (Илона Захарова)\Все что удалось найти в интернете\343.jpg (8f07b015)
OK: P:\Photo\Из Сети\Кошечка (Илона Захарова)\Все что удалось найти в интернете\344.jpg
✅ CRC OK: P:\Photo\Из Сети\Кошечка (Илона Захарова)\Все что удалось найти в интернете\344.jpg (85e2db80)
OK: P:\Photo\Из Сети\Кошечка (Илона Захарова)\Все что удалось найти в интернете\345.jpg
✅ CRC OK: P:\Photo\Из Сети\Кошечка (Илона Захарова)\Все что удалось найти в интернете\345.jpg (c86d7429)
OK: P:\Photo\Из Сети\Кошечка (Илона Захарова)\Все что удалось найти в интернете\346.jpg
✅ CRC OK: P:\Photo\Из Сети\Кошечка (Илона Захарова)\Все что удалось найти в интернете\346.jpg (dcc4c144)
OK: P:\Photo\Из Сети\Кошечка (Илона Захарова)\Все что удалось найти в интернете\347.jpg
✅ CRC OK: P:\Photo\Из Сети\Кошечка (Илона Захарова)\Все что удалось найти в интернете\347.jpg (29239c16)
OK: P:\Photo\Из Сети\Кошечка (Илона Захарова)\Все что удалось найти в интернете\348.jpg
✅ CRC OK: P:\Photo\Из Сети\Кошечка (Илона Захарова)\Все что удалось найти в интернете\348.jpg (5b15055b)
OK: P:\Photo\Из Сети\Кошечка (Илона Захарова)\Все что удалось найти в интернете\349.jpg
✅ CRC OK: P:\Photo\Из Сети\Кошечка (Илона Захарова)\Все что удалось найти в интернете\349.jpg (f6dbfc05)
OK: P:\Photo\Из Сети\Кошечка (Илона Захарова)\Все что удалось найти в интернете\35.jpg
✅ CRC OK: P:\Photo\Из Сети\Кошечка (Илона Захарова)\Все что удалось найти в интернете\35.jpg (3e1d9596)
OK: P:\Photo\Из Сети\Кошечка (Илона Захарова)\Все что удалось найти в интернете\350.jpg
✅ CRC OK: P:\Photo\Из Сети\Кошечка (Илона Захарова)\Все что удалось найти в интернете\350.jpg (147a0ca1)
OK: P:\Photo\Из Сети\Кошечка (Илона Захарова)\Все что удалось найти в интернете\351.jpg
✅ CRC OK: P:\Photo\Из Сети\Кошечка (Илона Захарова)\Все что удалось найти в интернете\351.jpg (873a916b)
OK: P:\Photo\Из Сети\Кошечка (Илона Захарова)\Все что удалось найти в интернете\352.jpg
✅ CRC OK: P:\Photo\Из Сети\Кошечка (Илона Захарова)\Все что удалось найти в интернете\352.jpg (00dd1c5c)
OK: P:\Photo\Из Сети\Кошечка (Илона Захарова)\Все что удалось найти в интернете\353.jpg
✅ CRC OK: P:\Photo\Из Сети\Кошечка (Илона Захарова)\Все что удалось найти в интернете\353.jpg (a5f0da9e)
OK: P:\Photo\Из Сети\Кошечка (Илона Захарова)\Все что удалось найти в интернете\354.jpg
✅ CRC OK: P:\Photo\Из Сети\Кошечка (Илона Захарова)\Все что удалось найти в интернете\354.jpg (e4b0b523)
OK: P:\Photo\Из Сети\Кошечка (Илона Захарова)\Все что удалось найти в интернете\355.jpg
✅ CRC OK: P:\Photo\Из Сети\Кошечка (Илона Захарова)\Все что удалось найти в интернете\355.jpg (6384e008)
OK: P:\Photo\Из Сети\Кошечка (Илона Захарова)\Все что удалось найти в интернете\356.jpg
✅ CRC OK: P:\Photo\Из Сети\Кошечка (Илона Захарова)\Все что удалось найти в интернете\356.jpg (b8f7aaa7)
OK: P:\Photo\Из Сети\Кошечка (Илона Захарова)\Все что удалось найти в интернете\357.jpg
✅ CRC OK: P:\Photo\Из Сети\Кошечка (Илона Захарова)\Все что удалось найти в интернете\357.jpg (789a3de0)
OK: P:\Photo\Из Сети\Кошечка (Илона Захарова)\Все что удалось найти в интернете\36.jpg
✅ CRC OK: P:\Photo\Из Сети\Кошечка (Илона Захарова)\Все что удалось найти в интернете\36.jpg (cb12b930)
OK: P:\Photo\Из Сети\Кошечка (Илона Захарова)\Все что удалось найти в интернете\37.jpg
✅ CRC OK: P:\Photo\Из Сети\Кошечка (Илона Захарова)\Все что удалось найти в интернете\37.jpg (77f6d519)
OK: P:\Photo\Из Сети\Кошечка (Илона Захарова)\Все что удалось найти в интернете\38.jpg
✅ CRC OK: P:\Photo\Из Сети\Кошечка (Илона Захарова)\Все что удалось найти в интернете\38.jpg (e620d160)
OK: P:\Photo\Из Сети\Кошечка (Илона Захарова)\Все что удалось найти в интернете\39.jpg
✅ CRC OK: P:\Photo\Из Сети\Кошечка (Илона Захарова)\Все что удалось найти в интернете\39.jpg (cdee0f52)
OK: P:\Photo\Из Сети\Кошечка (Илона Захарова)\Все что удалось найти в интернете\4.jpg
✅ CRC OK: P:\Photo\Из Сети\Кошечка (Илона Захарова)\Все что удалось найти в интернете\4.jpg (773a06a7)
OK: P:\Photo\Из Сети\Кошечка (Илона Захарова)\Все что удалось найти в интернете\40.jpg
✅ CRC OK: P:\Photo\Из Сети\Кошечка (Илона Захарова)\Все что удалось найти в интернете\40.jpg (df3cab27)
OK: P:\Photo\Из Сети\Кошечка (Илона Захарова)\Все что удалось найти в интернете\41.jpg
✅ CRC OK: P:\Photo\Из Сети\Кошечка (Илона Захарова)\Все что удалось найти в интернете\41.jpg (93ac02c0)
OK: P:\Photo\Из Сети\Кошечка (Илона Захарова)\Все что удалось найти в интернете\42.jpg
✅ CRC OK: P:\Photo\Из Сети\Кошечка (Илона Захарова)\Все что удалось найти в интернете\42.jpg (4d586d20)
OK: P:\Photo\Из Сети\Кошечка (Илона Захарова)\Все что удалось найти в интернете\43.jpg
✅ CRC OK: P:\Photo\Из Сети\Кошечка (Илона Захарова)\Все что удалось найти в интернете\43.jpg (93c7c661)
OK: P:\Photo\Из Сети\Кошечка (Илона Захарова)\Все что удалось найти в интернете\44.jpg
✅ CRC OK: P:\Photo\Из Сети\Кошечка (Илона Захарова)\Все что удалось найти в интернете\44.jpg (692f3d04)
OK: P:\Photo\Из Сети\Кошечка (Илона Захарова)\Все что удалось найти в интернете\45.jpg
✅ CRC OK: P:\Photo\Из Сети\Кошечка (Илона Захарова)\Все что удалось найти в интернете\45.jpg (3a1d09ac)
OK: P:\Photo\Из Сети\Кошечка (Илона Захарова)\Все что удалось найти в интернете\46.jpg
✅ CRC OK: P:\Photo\Из Сети\Кошечка (Илона Захарова)\Все что удалось найти в интернете\46.jpg (efa647e8)
OK: P:\Photo\Из Сети\Кошечка (Илона Захарова)\Все что удалось найти в интернете\47.jpg
✅ CRC OK: P:\Photo\Из Сети\Кошечка (Илона Захарова)\Все что удалось найти в интернете\47.jpg (44228d3f)
OK: P:\Photo\Из Сети\Кошечка (Илона Захарова)\Все что удалось найти в интернете\48.jpg
✅ CRC OK: P:\Photo\Из Сети\Кошечка (Илона Захарова)\Все что удалось найти в интернете\48.jpg (01aedd98)
OK: P:\Photo\Из Сети\Кошечка (Илона Захарова)\Все что удалось найти в интернете\49.jpg
✅ CRC OK: P:\Photo\Из Сети\Кошечка (Илона Захарова)\Все что удалось найти в интернете\49.jpg (926e2d09)
OK: P:\Photo\Из Сети\Кошечка (Илона Захарова)\Все что удалось найти в интернете\5.jpg
✅ CRC OK: P:\Photo\Из Сети\Кошечка (Илона Захарова)\Все что удалось найти в интернете\5.jpg (224ab764)
OK: P:\Photo\Из Сети\Кошечка (Илона Захарова)\Все что удалось найти в интернете\50.jpg
✅ CRC OK: P:\Photo\Из Сети\Кошечка (Илона Захарова)\Все что удалось найти в интернете\50.jpg (7a1ab2f2)
OK: P:\Photo\Из Сети\Кошечка (Илона Захарова)\Все что удалось найти в интернете\51.jpg
✅ CRC OK: P:\Photo\Из Сети\Кошечка (Илона Захарова)\Все что удалось найти в интернете\51.jpg (4548f30e)
OK: P:\Photo\Из Сети\Кошечка (Илона Захарова)\Все что удалось найти в интернете\52.jpg
✅ CRC OK: P:\Photo\Из Сети\Кошечка (Илона Захарова)\Все что удалось найти в интернете\52.jpg (40f92382)
OK: P:\Photo\Из Сети\Кошечка (Илона Захарова)\Все что удалось найти в интернете\53.jpg
✅ CRC OK: P:\Photo\Из Сети\Кошечка (Илона Захарова)\Все что удалось найти в интернете\53.jpg (e37b09d8)
OK: P:\Photo\Из Сети\Кошечка (Илона Захарова)\Все что удалось найти в интернете\54.jpg
✅ CRC OK: P:\Photo\Из Сети\Кошечка (Илона Захарова)\Все что удалось найти в интернете\54.jpg (7c64f535)
OK: P:\Photo\Из Сети\Кошечка (Илона Захарова)\Все что удалось найти в интернете\55.jpg
✅ CRC OK: P:\Photo\Из Сети\Кошечка (Илона Захарова)\Все что удалось найти в интернете\55.jpg (4244b554)
OK: P:\Photo\Из Сети\Кошечка (Илона Захарова)\Все что удалось найти в интернете\56.jpg
✅ CRC OK: P:\Photo\Из Сети\Кошечка (Илона Захарова)\Все что удалось найти в интернете\56.jpg (3c28eda5)
OK: P:\Photo\Из Сети\Кошечка (Илона Захарова)\Все что удалось найти в интернете\57.jpg
✅ CRC OK: P:\Photo\Из Сети\Кошечка (Илона Захарова)\Все что удалось найти в интернете\57.jpg (9e6c839e)
OK: P:\Photo\Из Сети\Кошечка (Илона Захарова)\Все что удалось найти в интернете\58.jpg
✅ CRC OK: P:\Photo\Из Сети\Кошечка (Илона Захарова)\Все что удалось найти в интернете\58.jpg (30aab9a9)
OK: P:\Photo\Из Сети\Кошечка (Илона Захарова)\Все что удалось найти в интернете\59.jpg
✅ CRC OK: P:\Photo\Из Сети\Кошечка (Илона Захарова)\Все что удалось найти в интернете\59.jpg (1f43c336)
OK: P:\Photo\Из Сети\Кошечка (Илона Захарова)\Все что удалось найти в интернете\6.jpg
✅ CRC OK: P:\Photo\Из Сети\Кошечка (Илона Захарова)\Все что удалось найти в интернете\6.jpg (63fc17fe)
OK: P:\Photo\Из Сети\Кошечка (Илона Захарова)\Все что удалось найти в интернете\60.jpg
✅ CRC OK: P:\Photo\Из Сети\Кошечка (Илона Захарова)\Все что удалось найти в интернете\60.jpg (efc41e74)
OK: P:\Photo\Из Сети\Кошечка (Илона Захарова)\Все что удалось найти в интернете\61.jpg
✅ CRC OK: P:\Photo\Из Сети\Кошечка (Илона Захарова)\Все что удалось найти в интернете\61.jpg (b0d02b39)
OK: P:\Photo\Из Сети\Кошечка (Илона Захарова)\Все что удалось найти в интернете\62.jpg
✅ CRC OK: P:\Photo\Из Сети\Кошечка (Илона Захарова)\Все что удалось найти в интернете\62.jpg (8fca47d4)
OK: P:\Photo\Из Сети\Кошечка (Илона Захарова)\Все что удалось найти в интернете\63.jpg
✅ CRC OK: P:\Photo\Из Сети\Кошечка (Илона Захарова)\Все что удалось найти в интернете\63.jpg (c5889e22)
OK: P:\Photo\Из Сети\Кошечка (Илона Захарова)\Все что удалось найти в интернете\64.jpg
✅ CRC OK: P:\Photo\Из Сети\Кошечка (Илона Захарова)\Все что удалось найти в интернете\64.jpg (019d39a4)
OK: P:\Photo\Из Сети\Кошечка (Илона Захарова)\Все что удалось найти в интернете\65.jpg
✅ CRC OK: P:\Photo\Из Сети\Кошечка (Илона Захарова)\Все что удалось найти в интернете\65.jpg (316bea6b)
OK: P:\Photo\Из Сети\Кошечка (Илона Захарова)\Все что удалось найти в интернете\66.jpg
✅ CRC OK: P:\Photo\Из Сети\Кошечка (Илона Захарова)\Все что удалось найти в интернете\66.jpg (fd247574)
OK: P:\Photo\Из Сети\Кошечка (Илона Захарова)\Все что удалось найти в интернете\67.jpg
✅ CRC OK: P:\Photo\Из Сети\Кошечка (Илона Захарова)\Все что удалось найти в интернете\67.jpg (61683a17)
OK: P:\Photo\Из Сети\Кошечка (Илона Захарова)\Все что удалось найти в интернете\68.jpg
✅ CRC OK: P:\Photo\Из Сети\Кошечка (Илона Захарова)\Все что удалось найти в интернете\68.jpg (97d8f0bd)
OK: P:\Photo\Из Сети\Кошечка (Илона Захарова)\Все что удалось найти в интернете\69.jpg
✅ CRC OK: P:\Photo\Из Сети\Кошечка (Илона Захарова)\Все что удалось найти в интернете\69.jpg (ba34dc61)
OK: P:\Photo\Из Сети\Кошечка (Илона Захарова)\Все что удалось найти в интернете\7.jpg
✅ CRC OK: P:\Photo\Из Сети\Кошечка (Илона Захарова)\Все что удалось найти в интернете\7.jpg (61d1e33c)
OK: P:\Photo\Из Сети\Кошечка (Илона Захарова)\Все что удалось найти в интернете\70.jpg
✅ CRC OK: P:\Photo\Из Сети\Кошечка (Илона Захарова)\Все что удалось найти в интернете\70.jpg (c37bb12e)
OK: P:\Photo\Из Сети\Кошечка (Илона Захарова)\Все что удалось найти в интернете\71.jpg
✅ CRC OK: P:\Photo\Из Сети\Кошечка (Илона Захарова)\Все что удалось найти в интернете\71.jpg (e0df48b1)
OK: P:\Photo\Из Сети\Кошечка (Илона Захарова)\Все что удалось найти в интернете\72.jpg
✅ CRC OK: P:\Photo\Из Сети\Кошечка (Илона Захарова)\Все что удалось найти в интернете\72.jpg (d59a3edb)
OK: P:\Photo\Из Сети\Кошечка (Илона Захарова)\Все что удалось найти в интернете\73.jpg
✅ CRC OK: P:\Photo\Из Сети\Кошечка (Илона Захарова)\Все что удалось найти в интернете\73.jpg (65caaed7)
OK: P:\Photo\Из Сети\Кошечка (Илона Захарова)\Все что удалось найти в интернете\74.jpg
✅ CRC OK: P:\Photo\Из Сети\Кошечка (Илона Захарова)\Все что удалось найти в интернете\74.jpg (92838e15)
OK: P:\Photo\Из Сети\Кошечка (Илона Захарова)\Все что удалось найти в интернете\75.jpg
✅ CRC OK: P:\Photo\Из Сети\Кошечка (Илона Захарова)\Все что удалось найти в интернете\75.jpg (05c30ff6)
OK: P:\Photo\Из Сети\Кошечка (Илона Захарова)\Все что удалось найти в интернете\76.jpg
✅ CRC OK: P:\Photo\Из Сети\Кошечка (Илона Захарова)\Все что удалось найти в интернете\76.jpg (25f29805)
OK: P:\Photo\Из Сети\Кошечка (Илона Захарова)\Все что удалось найти в интернете\77.jpg
✅ CRC OK: P:\Photo\Из Сети\Кошечка (Илона Захарова)\Все что удалось найти в интернете\77.jpg (151794fb)
OK: P:\Photo\Из Сети\Кошечка (Илона Захарова)\Все что удалось найти в интернете\78.jpg
✅ CRC OK: P:\Photo\Из Сети\Кошечка (Илона Захарова)\Все что удалось найти в интернете\78.jpg (2940bfe2)
OK: P:\Photo\Из Сети\Кошечка (Илона Захарова)\Все что удалось найти в интернете\79.jpg
✅ CRC OK: P:\Photo\Из Сети\Кошечка (Илона Захарова)\Все что удалось найти в интернете\79.jpg (dc395098)
OK: P:\Photo\Из Сети\Кошечка (Илона Захарова)\Все что удалось найти в интернете\8.jpg
✅ CRC OK: P:\Photo\Из Сети\Кошечка (Илона Захарова)\Все что удалось найти в интернете\8.jpg (c9bd6782)
OK: P:\Photo\Из Сети\Кошечка (Илона Захарова)\Все что удалось найти в интернете\80.jpg
✅ CRC OK: P:\Photo\Из Сети\Кошечка (Илона Захарова)\Все что удалось найти в интернете\80.jpg (68560b0c)
OK: P:\Photo\Из Сети\Кошечка (Илона Захарова)\Все что удалось найти в интернете\81.jpg
✅ CRC OK: P:\Photo\Из Сети\Кошечка (Илона Захарова)\Все что удалось найти в интернете\81.jpg (277827ae)
OK: P:\Photo\Из Сети\Кошечка (Илона Захарова)\Все что удалось найти в интернете\82.jpg
✅ CRC OK: P:\Photo\Из Сети\Кошечка (Илона Захарова)\Все что удалось найти в интернете\82.jpg (6d68192c)
OK: P:\Photo\Из Сети\Кошечка (Илона Захарова)\Все что удалось найти в интернете\83.jpg
✅ CRC OK: P:\Photo\Из Сети\Кошечка (Илона Захарова)\Все что удалось найти в интернете\83.jpg (e51158ae)
OK: P:\Photo\Из Сети\Кошечка (Илона Захарова)\Все что удалось найти в интернете\84.jpg
✅ CRC OK: P:\Photo\Из Сети\Кошечка (Илона Захарова)\Все что удалось найти в интернете\84.jpg (7d28e9f9)
OK: P:\Photo\Из Сети\Кошечка (Илона Захарова)\Все что удалось найти в интернете\85.jpg
✅ CRC OK: P:\Photo\Из Сети\Кошечка (Илона Захарова)\Все что удалось найти в интернете\85.jpg (efe5407b)
OK: P:\Photo\Из Сети\Кошечка (Илона Захарова)\Все что удалось найти в интернете\86.jpg
✅ CRC OK: P:\Photo\Из Сети\Кошечка (Илона Захарова)\Все что удалось найти в интернете\86.jpg (313323e4)
OK: P:\Photo\Из Сети\Кошечка (Илона Захарова)\Все что удалось найти в интернете\87.jpg
✅ CRC OK: P:\Photo\Из Сети\Кошечка (Илона Захарова)\Все что удалось найти в интернете\87.jpg (da8b1096)
OK: P:\Photo\Из Сети\Кошечка (Илона Захарова)\Все что удалось найти в интернете\88.jpg
✅ CRC OK: P:\Photo\Из Сети\Кошечка (Илона Захарова)\Все что удалось найти в интернете\88.jpg (fb6759d4)
OK: P:\Photo\Из Сети\Кошечка (Илона Захарова)\Все что удалось найти в интернете\89.jpg
✅ CRC OK: P:\Photo\Из Сети\Кошечка (Илона Захарова)\Все что удалось найти в интернете\89.jpg (f5bc0d8b)
OK: P:\Photo\Из Сети\Кошечка (Илона Захарова)\Все что удалось найти в интернете\9.jpg
✅ CRC OK: P:\Photo\Из Сети\Кошечка (Илона Захарова)\Все что удалось найти в интернете\9.jpg (caeae8ba)
OK: P:\Photo\Из Сети\Кошечка (Илона Захарова)\Все что удалось найти в интернете\90.jpg
✅ CRC OK: P:\Photo\Из Сети\Кошечка (Илона Захарова)\Все что удалось найти в интернете\90.jpg (33ea37ed)
OK: P:\Photo\Из Сети\Кошечка (Илона Захарова)\Все что удалось найти в интернете\91.jpg
✅ CRC OK: P:\Photo\Из Сети\Кошечка (Илона Захарова)\Все что удалось найти в интернете\91.jpg (77816ffc)
OK: P:\Photo\Из Сети\Кошечка (Илона Захарова)\Все что удалось найти в интернете\92.jpg
✅ CRC OK: P:\Photo\Из Сети\Кошечка (Илона Захарова)\Все что удалось найти в интернете\92.jpg (575be2fd)
OK: P:\Photo\Из Сети\Кошечка (Илона Захарова)\Все что удалось найти в интернете\93.jpg
✅ CRC OK: P:\Photo\Из Сети\Кошечка (Илона Захарова)\Все что удалось найти в интернете\93.jpg (16a86483)
OK: P:\Photo\Из Сети\Кошечка (Илона Захарова)\Все что удалось найти в интернете\94.jpg
✅ CRC OK: P:\Photo\Из Сети\Кошечка (Илона Захарова)\Все что удалось найти в интернете\94.jpg (c69e6a78)
OK: P:\Photo\Из Сети\Кошечка (Илона Захарова)\Все что удалось найти в интернете\95.jpg
✅ CRC OK: P:\Photo\Из Сети\Кошечка (Илона Захарова)\Все что удалось найти в интернете\95.jpg (a5a18e20)
OK: P:\Photo\Из Сети\Кошечка (Илона Захарова)\Все что удалось найти в интернете\96.jpg
✅ CRC OK: P:\Photo\Из Сети\Кошечка (Илона Захарова)\Все что удалось найти в интернете\96.jpg (31474bf7)
OK: P:\Photo\Из Сети\Кошечка (Илона Захарова)\Все что удалось найти в интернете\97.jpg
✅ CRC OK: P:\Photo\Из Сети\Кошечка (Илона Захарова)\Все что удалось найти в интернете\97.jpg (514a9d16)
OK: P:\Photo\Из Сети\Кошечка (Илона Захарова)\Все что удалось найти в интернете\98.jpg
✅ CRC OK: P:\Photo\Из Сети\Кошечка (Илона Захарова)\Все что удалось найти в интернете\98.jpg (f48af267)
OK: P:\Photo\Из Сети\Кошечка (Илона Захарова)\Все что удалось найти в интернете\99.jpg
✅ CRC OK: P:\Photo\Из Сети\Кошечка (Илона Захарова)\Все что удалось найти в интернете\99.jpg (a0e9d422)
OK: P:\Photo\Из Сети\Кошечка (Илона Захарова)\Все что удалось найти в интернете\Илонка
OK: P:\Photo\Из Сети\Кошечка (Илона Захарова)\Все что удалось найти в интернете\Илонка\1714630978341.jpeg
✅ CRC OK: P:\Photo\Из Сети\Кошечка (Илона Захарова)\Все что удалось найти в интернете\Илонка\1714630978341.jpeg (28903b1d)
OK: P:\Photo\Из Сети\Кошечка (Илона Захарова)\Все что удалось найти в интернете\Илонка\1714630978342.jpeg
✅ CRC OK: P:\Photo\Из Сети\Кошечка (Илона Захарова)\Все что удалось найти в интернете\Илонка\1714630978342.jpeg (560ebcac)
OK: P:\Photo\Из Сети\Кошечка (Илона Захарова)\Все что удалось найти в интернете\Илонка\1716026684427.jpeg
✅ CRC OK: P:\Photo\Из Сети\Кошечка (Илона Захарова)\Все что удалось найти в интернете\Илонка\1716026684427.jpeg (828b276c)
OK: P:\Photo\Из Сети\Кошечка (Илона Захарова)\Все что удалось найти в интернете\Илонка\1716026780825.jpeg
✅ CRC OK: P:\Photo\Из Сети\Кошечка (Илона Захарова)\Все что удалось найти в интернете\Илонка\1716026780825.jpeg (3e31db75)
OK: P:\Photo\Из Сети\Кошечка (Илона Захарова)\Все что удалось найти в интернете\Илонка\1716026795681.jpeg
✅ CRC OK: P:\Photo\Из Сети\Кошечка (Илона Захарова)\Все что удалось найти в интернете\Илонка\1716026795681.jpeg (46c77ba5)
OK: P:\Photo\Из Сети\Кошечка (Илона Захарова)\Все что удалось найти в интернете\Илонка\1716092098666.jpeg
✅ CRC OK: P:\Photo\Из Сети\Кошечка (Илона Захарова)\Все что удалось найти в интернете\Илонка\1716092098666.jpeg (d86fa4a7)
OK: P:\Photo\Из Сети\Кошечка (Илона Захарова)\Все что удалось найти в интернете\Илонка\1716092292680.jpeg
✅ CRC OK: P:\Photo\Из Сети\Кошечка (Илона Захарова)\Все что удалось найти в интернете\Илонка\1716092292680.jpeg (701d8062)
OK: P:\Photo\Из Сети\Кошечка (Илона Захарова)\Все что удалось найти в интернете\Илонка\1716092307951.jpeg
✅ CRC OK: P:\Photo\Из Сети\Кошечка (Илона Захарова)\Все что удалось найти в интернете\Илонка\1716092307951.jpeg (f227ecd6)
OK: P:\Photo\Из Сети\Кошечка (Илона Захарова)\Все что удалось найти в интернете\Илонка\1716796701930.jpeg
✅ CRC OK: P:\Photo\Из Сети\Кошечка (Илона Захарова)\Все что удалось найти в интернете\Илонка\1716796701930.jpeg (56ee3823)
OK: P:\Photo\Из Сети\Кошечка (Илона Захарова)\Все что удалось найти в интернете\Илонка\17167967019300.jpeg
✅ CRC OK: P:\Photo\Из Сети\Кошечка (Илона Захарова)\Все что удалось найти в интернете\Илонка\17167967019300.jpeg (56ee3823)
OK: P:\Photo\Из Сети\Кошечка (Илона Захарова)\Все что удалось найти в интернете\Илонка\1716796729740.jpeg
✅ CRC OK: P:\Photo\Из Сети\Кошечка (Илона Захарова)\Все что удалось найти в интернете\Илонка\1716796729740.jpeg (0ef8df87)
OK: P:\Photo\Из Сети\Кошечка (Илона Захарова)\Все что удалось найти в интернете\Илонка\1716796739591.jpeg
✅ CRC OK: P:\Photo\Из Сети\Кошечка (Илона Захарова)\Все что удалось найти в интернете\Илонка\1716796739591.jpeg (b0edda56)
OK: P:\Photo\Из Сети\Кошечка (Илона Захарова)\Все что удалось найти в интернете\Илонка\1716796758685.jpeg
✅ CRC OK: P:\Photo\Из Сети\Кошечка (Илона Захарова)\Все что удалось найти в интернете\Илонка\1716796758685.jpeg (3bfa4a6c)
OK: P:\Photo\Из Сети\Кошечка (Илона Захарова)\Все что удалось найти в интернете\Илонка\1716796761456.jpeg
✅ CRC OK: P:\Photo\Из Сети\Кошечка (Илона Захарова)\Все что удалось найти в интернете\Илонка\1716796761456.jpeg (3182c0e9)
OK: P:\Photo\Из Сети\Кошечка (Илона Захарова)\Все что удалось найти в интернете\Илонка\1716827416476.jpeg
✅ CRC OK: P:\Photo\Из Сети\Кошечка (Илона Захарова)\Все что удалось найти в интернете\Илонка\1716827416476.jpeg (701d8062)
OK: P:\Photo\Из Сети\Кошечка (Илона Захарова)\Все что удалось найти в интернете\Илонка\1717920664344.jpeg
✅ CRC OK: P:\Photo\Из Сети\Кошечка (Илона Захарова)\Все что удалось найти в интернете\Илонка\1717920664344.jpeg (b45ee61d)
OK: P:\Photo\Из Сети\Кошечка (Илона Захарова)\Все что удалось найти в интернете\Илонка\1718799049539d.jpeg
✅ CRC OK: P:\Photo\Из Сети\Кошечка (Илона Захарова)\Все что удалось найти в интернете\Илонка\1718799049539d.jpeg (dda7f2a9)
OK: P:\Photo\Из Сети\Кошечка (Илона Захарова)\Все что удалось найти в интернете\Илонка\1718799115470.jpeg
✅ CRC OK: P:\Photo\Из Сети\Кошечка (Илона Захарова)\Все что удалось найти в интернете\Илонка\1718799115470.jpeg (38aa688c)
OK: P:\Photo\Из Сети\Кошечка (Илона Захарова)\Все что удалось найти в интернете\Илонка\1718799180632.jpeg
✅ CRC OK: P:\Photo\Из Сети\Кошечка (Илона Захарова)\Все что удалось найти в интернете\Илонка\1718799180632.jpeg (9355554f)
OK: P:\Photo\Из Сети\Кошечка (Илона Захарова)\Все что удалось найти в интернете\Илонка\1718799185646.jpeg
✅ CRC OK: P:\Photo\Из Сети\Кошечка (Илона Захарова)\Все что удалось найти в интернете\Илонка\1718799185646.jpeg (2e7e0e39)
OK: P:\Photo\Из Сети\Кошечка (Илона Захарова)\Все что удалось найти в интернете\Илонка\1718799205600.jpeg
✅ CRC OK: P:\Photo\Из Сети\Кошечка (Илона Захарова)\Все что удалось найти в интернете\Илонка\1718799205600.jpeg (8db32443)
OK: P:\Photo\Из Сети\Кошечка (Илона Захарова)\Все что удалось найти в интернете\Илонка\1718799242313.jpeg
✅ CRC OK: P:\Photo\Из Сети\Кошечка (Илона Захарова)\Все что удалось найти в интернете\Илонка\1718799242313.jpeg (5b05fc70)
OK: P:\Photo\Из Сети\Кошечка (Илона Захарова)\Все что удалось найти в интернете\Илонка\1719125081864.jpeg
✅ CRC OK: P:\Photo\Из Сети\Кошечка (Илона Захарова)\Все что удалось найти в интернете\Илонка\1719125081864.jpeg (663b2ed7)
OK: P:\Photo\Из Сети\Кошечка (Илона Захарова)\Все что удалось найти в интернете\Илонка\1721623402587.jpeg
✅ CRC OK: P:\Photo\Из Сети\Кошечка (Илона Захарова)\Все что удалось найти в интернете\Илонка\1721623402587.jpeg (53dd76b6)
OK: P:\Photo\Из Сети\Кошечка (Илона Захарова)\Все что удалось найти в интернете\Илонка\1721623402588.jpeg
✅ CRC OK: P:\Photo\Из Сети\Кошечка (Илона Захарова)\Все что удалось найти в интернете\Илонка\1721623402588.jpeg (f3ce4a38)
OK: P:\Photo\Из Сети\Кошечка (Илона Захарова)\Все что удалось найти в интернете\Илонка\1723619444948.jpeg
✅ CRC OK: P:\Photo\Из Сети\Кошечка (Илона Захарова)\Все что удалось найти в интернете\Илонка\1723619444948.jpeg (253ac2b3)
OK: P:\Photo\Из Сети\Кошечка (Илона Захарова)\Все что удалось найти в интернете\Илонка\1724209572491.jpeg
✅ CRC OK: P:\Photo\Из Сети\Кошечка (Илона Захарова)\Все что удалось найти в интернете\Илонка\1724209572491.jpeg (7453addb)
OK: P:\Photo\Из Сети\Кошечка (Илона Захарова)\Все что удалось найти в интернете\Илонка\1724209572492.jpeg
✅ CRC OK: P:\Photo\Из Сети\Кошечка (Илона Захарова)\Все что удалось найти в интернете\Илонка\1724209572492.jpeg (9fde61a5)
OK: P:\Photo\Из Сети\Кошечка (Илона Захарова)\Все что удалось найти в интернете\Илонка\1724209584415.jpeg
✅ CRC OK: P:\Photo\Из Сети\Кошечка (Илона Захарова)\Все что удалось найти в интернете\Илонка\1724209584415.jpeg (d186d554)
OK: P:\Photo\Из Сети\Кошечка (Илона Захарова)\Все что удалось найти в интернете\Илонка\1724209589498.jpeg
✅ CRC OK: P:\Photo\Из Сети\Кошечка (Илона Захарова)\Все что удалось найти в интернете\Илонка\1724209589498.jpeg (e2021a48)
OK: P:\Photo\Из Сети\Кошечка (Илона Захарова)\Все что удалось найти в интернете\Илонка\1724209733820.jpeg
✅ CRC OK: P:\Photo\Из Сети\Кошечка (Илона Захарова)\Все что удалось найти в интернете\Илонка\1724209733820.jpeg (d1ab764f)
OK: P:\Photo\Из Сети\Кошечка (Илона Захарова)\Все что удалось найти в интернете\Илонка\172420973382065.jpeg
✅ CRC OK: P:\Photo\Из Сети\Кошечка (Илона Захарова)\Все что удалось найти в интернете\Илонка\172420973382065.jpeg (71391a2b)
OK: P:\Photo\Из Сети\Кошечка (Илона Захарова)\Все что удалось найти в интернете\Илонка\1724209813494.jpeg
✅ CRC OK: P:\Photo\Из Сети\Кошечка (Илона Захарова)\Все что удалось найти в интернете\Илонка\1724209813494.jpeg (c260119d)
OK: P:\Photo\Из Сети\Кошечка (Илона Захарова)\Все что удалось найти в интернете\Илонка\1724209842261.jpeg
✅ CRC OK: P:\Photo\Из Сети\Кошечка (Илона Захарова)\Все что удалось найти в интернете\Илонка\1724209842261.jpeg (495f96a1)
OK: P:\Photo\Из Сети\Кошечка (Илона Захарова)\Все что удалось найти в интернете\Илонка\1724210025621.jpeg
✅ CRC OK: P:\Photo\Из Сети\Кошечка (Илона Захарова)\Все что удалось найти в интернете\Илонка\1724210025621.jpeg (6421f50a)
OK: P:\Photo\Из Сети\Кошечка (Илона Захарова)\Все что удалось найти в интернете\Илонка\1724210091846.jpeg
✅ CRC OK: P:\Photo\Из Сети\Кошечка (Илона Захарова)\Все что удалось найти в интернете\Илонка\1724210091846.jpeg (48b8c1b8)
OK: P:\Photo\Из Сети\Кошечка (Илона Захарова)\Все что удалось найти в интернете\Илонка\1724210127866.jpeg
✅ CRC OK: P:\Photo\Из Сети\Кошечка (Илона Захарова)\Все что удалось найти в интернете\Илонка\1724210127866.jpeg (79d24563)
OK: P:\Photo\Из Сети\Кошечка (Илона Захарова)\Все что удалось найти в интернете\Илонка\172421012786643456.jpeg
✅ CRC OK: P:\Photo\Из Сети\Кошечка (Илона Захарова)\Все что удалось найти в интернете\Илонка\172421012786643456.jpeg (1de99113)
OK: P:\Photo\Из Сети\Кошечка (Илона Захарова)\Все что удалось найти в интернете\Илонка\1724210138317.jpeg
✅ CRC OK: P:\Photo\Из Сети\Кошечка (Илона Захарова)\Все что удалось найти в интернете\Илонка\1724210138317.jpeg (06f03c99)
OK: P:\Photo\Из Сети\Кошечка (Илона Захарова)\Все что удалось найти в интернете\Илонка\1724210138317567.jpeg
✅ CRC OK: P:\Photo\Из Сети\Кошечка (Илона Захарова)\Все что удалось найти в интернете\Илонка\1724210138317567.jpeg (1e66ae42)
OK: P:\Photo\Из Сети\Кошечка (Илона Захарова)\Все что удалось найти в интернете\Илонка\1724210149734.jpeg
✅ CRC OK: P:\Photo\Из Сети\Кошечка (Илона Захарова)\Все что удалось найти в интернете\Илонка\1724210149734.jpeg (973bf58a)
OK: P:\Photo\Из Сети\Кошечка (Илона Захарова)\Все что удалось найти в интернете\Илонка\1724210249791.jpeg
✅ CRC OK: P:\Photo\Из Сети\Кошечка (Илона Захарова)\Все что удалось найти в интернете\Илонка\1724210249791.jpeg (53dd76b6)
OK: P:\Photo\Из Сети\Кошечка (Илона Захарова)\Все что удалось найти в интернете\Илонка\1724210282855.jpeg
✅ CRC OK: P:\Photo\Из Сети\Кошечка (Илона Захарова)\Все что удалось найти в интернете\Илонка\1724210282855.jpeg (f725fb69)
OK: P:\Photo\Из Сети\Кошечка (Илона Захарова)\Все что удалось найти в интернете\Илонка\1724562506377.jpeg
✅ CRC OK: P:\Photo\Из Сети\Кошечка (Илона Захарова)\Все что удалось найти в интернете\Илонка\1724562506377.jpeg (29100893)
OK: P:\Photo\Из Сети\Кошечка (Илона Захарова)\Все что удалось найти в интернете\Илонка\1724562506378.jpeg
✅ CRC OK: P:\Photo\Из Сети\Кошечка (Илона Захарова)\Все что удалось найти в интернете\Илонка\1724562506378.jpeg (da8da366)
OK: P:\Photo\Из Сети\Кошечка (Илона Захарова)\Все что удалось найти в интернете\Илонка\1725632539639.jpeg
✅ CRC OK: P:\Photo\Из Сети\Кошечка (Илона Захарова)\Все что удалось найти в интернете\Илонка\1725632539639.jpeg (711db582)
OK: P:\Photo\Из Сети\Кошечка (Илона Захарова)\Все что удалось найти в интернете\Илонка\1727692410871.jpeg
✅ CRC OK: P:\Photo\Из Сети\Кошечка (Илона Захарова)\Все что удалось найти в интернете\Илонка\1727692410871.jpeg (1af87fbc)
OK: P:\Photo\Из Сети\Кошечка (Илона Захарова)\Все что удалось найти в интернете\Илонка\1727692410872.jpeg
✅ CRC OK: P:\Photo\Из Сети\Кошечка (Илона Захарова)\Все что удалось найти в интернете\Илонка\1727692410872.jpeg (076c3cec)
OK: P:\Photo\Из Сети\Кошечка (Илона Захарова)\Все что удалось найти в интернете\Илонка\1741233650111.jpeg
✅ CRC OK: P:\Photo\Из Сети\Кошечка (Илона Захарова)\Все что удалось найти в интернете\Илонка\1741233650111.jpeg (23b40696)
OK: P:\Photo\Из Сети\Кошечка (Илона Захарова)\Все что удалось найти в интернете\Илонка\1741233694471.jpeg
✅ CRC OK: P:\Photo\Из Сети\Кошечка (Илона Захарова)\Все что удалось найти в интернете\Илонка\1741233694471.jpeg (e7a69ac6)
OK: P:\Photo\Из Сети\Кошечка (Илона Захарова)\Все что удалось найти в интернете\Илонка\1741236071451.jpeg
✅ CRC OK: P:\Photo\Из Сети\Кошечка (Илона Захарова)\Все что удалось найти в интернете\Илонка\1741236071451.jpeg (c62017dc)
OK: P:\Photo\Из Сети\Кошечка (Илона Захарова)\Все что удалось найти в интернете\Илонка\1757567589948.jpeg
✅ CRC OK: P:\Photo\Из Сети\Кошечка (Илона Захарова)\Все что удалось найти в интернете\Илонка\1757567589948.jpeg (19de22c0)
OK: P:\Photo\Из Сети\Кошечка (Илона Захарова)\Все что удалось найти в интернете\Илонка\1757567675558.jpeg
✅ CRC OK: P:\Photo\Из Сети\Кошечка (Илона Захарова)\Все что удалось найти в интернете\Илонка\1757567675558.jpeg (e6faf9fd)
OK: P:\Photo\Из Сети\Кошечка (Илона Захарова)\Все что удалось найти в интернете\Илонка\1757567688555.jpeg
✅ CRC OK: P:\Photo\Из Сети\Кошечка (Илона Захарова)\Все что удалось найти в интернете\Илонка\1757567688555.jpeg (b508aa64)
OK: P:\Photo\Из Сети\Кошечка (Илона Захарова)\Все что удалось найти в интернете\Илонка\1757567688556.jpeg
✅ CRC OK: P:\Photo\Из Сети\Кошечка (Илона Захарова)\Все что удалось найти в интернете\Илонка\1757567688556.jpeg (f81e7f64)
OK: P:\Photo\Из Сети\Кошечка (Илона Захарова)\Все что удалось найти в интернете\Илонка\2592199241692382672.mp4
✅ CRC OK: P:\Photo\Из Сети\Кошечка (Илона Захарова)\Все что удалось найти в интернете\Илонка\2592199241692382672.mp4 (445c0908)
OK: P:\Photo\Из Сети\Кошечка (Илона Захарова)\Все что удалось найти в интернете\Илонка\2594359480242642566.mp4
✅ CRC OK: P:\Photo\Из Сети\Кошечка (Илона Захарова)\Все что удалось найти в интернете\Илонка\2594359480242642566.mp4 (393efcab)
OK: P:\Photo\Из Сети\Кошечка (Илона Захарова)\Все что удалось найти в интернете\Илонка\2632428630410839740.mp4
✅ CRC OK: P:\Photo\Из Сети\Кошечка (Илона Захарова)\Все что удалось найти в интернете\Илонка\2632428630410839740.mp4 (761c8bb4)
OK: P:\Photo\Из Сети\Кошечка (Илона Захарова)\Все что удалось найти в интернете\Илонка\2637506692750788425.mp4
✅ CRC OK: P:\Photo\Из Сети\Кошечка (Илона Захарова)\Все что удалось найти в интернете\Илонка\2637506692750788425.mp4 (82178be0)
OK: P:\Photo\Из Сети\Кошечка (Илона Захарова)\Все что удалось найти в интернете\Илонка\2672204171694421840.mp4
✅ CRC OK: P:\Photo\Из Сети\Кошечка (Илона Захарова)\Все что удалось найти в интернете\Илонка\2672204171694421840.mp4 (ef2a12f8)
OK: P:\Photo\Из Сети\Кошечка (Илона Захарова)\Все что удалось найти в интернете\Илонка\3262262019729214787.mp4
✅ CRC OK: P:\Photo\Из Сети\Кошечка (Илона Захарова)\Все что удалось найти в интернете\Илонка\3262262019729214787.mp4 (8b47cb38)
OK: P:\Photo\Из Сети\Кошечка (Илона Захарова)\Все что удалось найти в интернете\Илонка\7645685467570.jpeg
✅ CRC OK: P:\Photo\Из Сети\Кошечка (Илона Захарова)\Все что удалось найти в интернете\Илонка\7645685467570.jpeg (5eda34ad)
OK: P:\Photo\Из Сети\Кошечка (Илона Захарова)\Все что удалось найти в интернете\Илонка\_miss.julia_1716092218127.jpeg
✅ CRC OK: P:\Photo\Из Сети\Кошечка (Илона Захарова)\Все что удалось найти в интернете\Илонка\_miss.julia_1716092218127.jpeg (d72fb3c1)
OK: P:\Photo\Из Сети\Кошечка (Илона Захарова)\Все что удалось найти в интернете\Илонка\_miss.julia_1716092229593.jpeg
✅ CRC OK: P:\Photo\Из Сети\Кошечка (Илона Захарова)\Все что удалось найти в интернете\Илонка\_miss.julia_1716092229593.jpeg (cbcddad9)
OK: P:\Photo\Из Сети\Кошечка (Илона Захарова)\Все что удалось найти в интернете\Илонка\_miss.julia_1716092247941.jpeg
✅ CRC OK: P:\Photo\Из Сети\Кошечка (Илона Захарова)\Все что удалось найти в интернете\Илонка\_miss.julia_1716092247941.jpeg (3a28ec03)
OK: P:\Photo\Из Сети\Кошечка (Илона Захарова)\Все что удалось найти в интернете\Илонка\black.blond.club_1714630061235.jpeg
✅ CRC OK: P:\Photo\Из Сети\Кошечка (Илона Захарова)\Все что удалось найти в интернете\Илонка\black.blond.club_1714630061235.jpeg (2890de30)
OK: P:\Photo\Из Сети\Кошечка (Илона Захарова)\Все что удалось найти в интернете\Илонка\black.blond.hair_1714627838296.jpeg
✅ CRC OK: P:\Photo\Из Сети\Кошечка (Илона Захарова)\Все что удалось найти в интернете\Илонка\black.blond.hair_1714627838296.jpeg (741c404e)
OK: P:\Photo\Из Сети\Кошечка (Илона Захарова)\Все что удалось найти в интернете\Илонка\black.blond.hair_1714627858167.jpeg
✅ CRC OK: P:\Photo\Из Сети\Кошечка (Илона Захарова)\Все что удалось найти в интернете\Илонка\black.blond.hair_1714627858167.jpeg (04648502)
OK: P:\Photo\Из Сети\Кошечка (Илона Захарова)\Все что удалось найти в интернете\Илонка\black.blond.hair_1714627871090.jpeg
✅ CRC OK: P:\Photo\Из Сети\Кошечка (Илона Захарова)\Все что удалось найти в интернете\Илонка\black.blond.hair_1714627871090.jpeg (9f9fa805)
OK: P:\Photo\Из Сети\Кошечка (Илона Захарова)\Все что удалось найти в интернете\Илонка\black.blond.hair_1714627896991.jpeg
✅ CRC OK: P:\Photo\Из Сети\Кошечка (Илона Захарова)\Все что удалось найти в интернете\Илонка\black.blond.hair_1714627896991.jpeg (16202bb3)
OK: P:\Photo\Из Сети\Кошечка (Илона Захарова)\Все что удалось найти в интернете\Илонка\black.blond.hair_1714627931940.jpeg
✅ CRC OK: P:\Photo\Из Сети\Кошечка (Илона Захарова)\Все что удалось найти в интернете\Илонка\black.blond.hair_1714627931940.jpeg (f8d57f04)
OK: P:\Photo\Из Сети\Кошечка (Илона Захарова)\Все что удалось найти в интернете\Илонка\black.blond.hair_1714627943043.jpeg
✅ CRC OK: P:\Photo\Из Сети\Кошечка (Илона Захарова)\Все что удалось найти в интернете\Илонка\black.blond.hair_1714627943043.jpeg (c362bb2c)
OK: P:\Photo\Из Сети\Кошечка (Илона Захарова)\Все что удалось найти в интернете\Илонка\black.blond.hair_1714627959700.jpeg
✅ CRC OK: P:\Photo\Из Сети\Кошечка (Илона Захарова)\Все что удалось найти в интернете\Илонка\black.blond.hair_1714627959700.jpeg (52a0ee90)
OK: P:\Photo\Из Сети\Кошечка (Илона Захарова)\Все что удалось найти в интернете\Илонка\black.blond.hair_1714628130683.jpeg
✅ CRC OK: P:\Photo\Из Сети\Кошечка (Илона Захарова)\Все что удалось найти в интернете\Илонка\black.blond.hair_1714628130683.jpeg (8beb4d34)
OK: P:\Photo\Из Сети\Кошечка (Илона Захарова)\Все что удалось найти в интернете\Илонка\black.blond.hair_1714629327817.jpeg
✅ CRC OK: P:\Photo\Из Сети\Кошечка (Илона Захарова)\Все что удалось найти в интернете\Илонка\black.blond.hair_1714629327817.jpeg (d0340b5b)
OK: P:\Photo\Из Сети\Кошечка (Илона Захарова)\Все что удалось найти в интернете\Илонка\ghosts_0777_1714630123988.jpeg
✅ CRC OK: P:\Photo\Из Сети\Кошечка (Илона Захарова)\Все что удалось найти в интернете\Илонка\ghosts_0777_1714630123988.jpeg (cb6929d3)
OK: P:\Photo\Из Сети\Кошечка (Илона Захарова)\Все что удалось найти в интернете\Илонка\ilona13_-20250703_214831-257278.jpg
✅ CRC OK: P:\Photo\Из Сети\Кошечка (Илона Захарова)\Все что удалось найти в интернете\Илонка\ilona13_-20250703_214831-257278.jpg (96acba85)
OK: P:\Photo\Из Сети\Кошечка (Илона Захарова)\Все что удалось найти в интернете\Илонка\ilona13_1714629737720.jpeg
✅ CRC OK: P:\Photo\Из Сети\Кошечка (Илона Захарова)\Все что удалось найти в интернете\Илонка\ilona13_1714629737720.jpeg (a34708a5)
OK: P:\Photo\Из Сети\Кошечка (Илона Захарова)\Все что удалось найти в интернете\Илонка\ilona13_1714629737721.jpeg
✅ CRC OK: P:\Photo\Из Сети\Кошечка (Илона Захарова)\Все что удалось найти в интернете\Илонка\ilona13_1714629737721.jpeg (956b7a81)
OK: P:\Photo\Из Сети\Кошечка (Илона Захарова)\Все что удалось найти в интернете\Илонка\ilona13_1714629792019.jpeg
✅ CRC OK: P:\Photo\Из Сети\Кошечка (Илона Захарова)\Все что удалось найти в интернете\Илонка\ilona13_1714629792019.jpeg (7bf17641)
OK: P:\Photo\Из Сети\Кошечка (Илона Захарова)\Все что удалось найти в интернете\Илонка\ilona13_1714629817258.jpeg
✅ CRC OK: P:\Photo\Из Сети\Кошечка (Илона Захарова)\Все что удалось найти в интернете\Илонка\ilona13_1714629817258.jpeg (04449308)
OK: P:\Photo\Из Сети\Кошечка (Илона Захарова)\Все что удалось найти в интернете\Илонка\ilona13_1714629829072.jpeg
✅ CRC OK: P:\Photo\Из Сети\Кошечка (Илона Захарова)\Все что удалось найти в интернете\Илонка\ilona13_1714629829072.jpeg (c057e66e)
OK: P:\Photo\Из Сети\Кошечка (Илона Захарова)\Все что удалось найти в интернете\Илонка\ilona13_1714629866046.jpeg
✅ CRC OK: P:\Photo\Из Сети\Кошечка (Илона Захарова)\Все что удалось найти в интернете\Илонка\ilona13_1714629866046.jpeg (e9dd606e)
OK: P:\Photo\Из Сети\Кошечка (Илона Захарова)\Все что удалось найти в интернете\Илонка\ilona13_1714629886447.jpeg
✅ CRC OK: P:\Photo\Из Сети\Кошечка (Илона Захарова)\Все что удалось найти в интернете\Илонка\ilona13_1714629886447.jpeg (3b9a4656)
OK: P:\Photo\Из Сети\Кошечка (Илона Захарова)\Все что удалось найти в интернете\Илонка\ilona13_1714629896955.jpeg
✅ CRC OK: P:\Photo\Из Сети\Кошечка (Илона Захарова)\Все что удалось найти в интернете\Илонка\ilona13_1714629896955.jpeg (44abd369)
OK: P:\Photo\Из Сети\Кошечка (Илона Захарова)\Все что удалось найти в интернете\Илонка\ilona13_1714629918960.jpeg
✅ CRC OK: P:\Photo\Из Сети\Кошечка (Илона Захарова)\Все что удалось найти в интернете\Илонка\ilona13_1714629918960.jpeg (4cbc725a)
OK: P:\Photo\Из Сети\Кошечка (Илона Захарова)\Все что удалось найти в интернете\Илонка\ilona13_1714629931796.jpeg
✅ CRC OK: P:\Photo\Из Сети\Кошечка (Илона Захарова)\Все что удалось найти в интернете\Илонка\ilona13_1714629931796.jpeg (9a679d4f)
OK: P:\Photo\Из Сети\Кошечка (Илона Захарова)\Все что удалось найти в интернете\Илонка\ilona13_1714629944645.jpeg
✅ CRC OK: P:\Photo\Из Сети\Кошечка (Илона Захарова)\Все что удалось найти в интернете\Илонка\ilona13_1714629944645.jpeg (0c26dde6)
OK: P:\Photo\Из Сети\Кошечка (Илона Захарова)\Все что удалось найти в интернете\Илонка\ilona13_1714629950280.jpeg
✅ CRC OK: P:\Photo\Из Сети\Кошечка (Илона Захарова)\Все что удалось найти в интернете\Илонка\ilona13_1714629950280.jpeg (39d9b3ba)
OK: P:\Photo\Из Сети\Кошечка (Илона Захарова)\Все что удалось найти в интернете\Илонка\ilona13_1714629957554.jpeg
✅ CRC OK: P:\Photo\Из Сети\Кошечка (Илона Захарова)\Все что удалось найти в интернете\Илонка\ilona13_1714629957554.jpeg (c7ac2dfe)
OK: P:\Photo\Из Сети\Кошечка (Илона Захарова)\Все что удалось найти в интернете\Илонка\ilona13_1714629972362.jpeg
✅ CRC OK: P:\Photo\Из Сети\Кошечка (Илона Захарова)\Все что удалось найти в интернете\Илонка\ilona13_1714629972362.jpeg (5192d908)
OK: P:\Photo\Из Сети\Кошечка (Илона Захарова)\Все что удалось найти в интернете\Илонка\ilona13_1714629997328.jpeg
✅ CRC OK: P:\Photo\Из Сети\Кошечка (Илона Захарова)\Все что удалось найти в интернете\Илонка\ilona13_1714629997328.jpeg (3db44835)
OK: P:\Photo\Из Сети\Кошечка (Илона Захарова)\Все что удалось найти в интернете\Илонка\ilona13_1714630021345.jpeg
✅ CRC OK: P:\Photo\Из Сети\Кошечка (Илона Захарова)\Все что удалось найти в интернете\Илонка\ilona13_1714630021345.jpeg (7c0b2a62)
OK: P:\Photo\Из Сети\Кошечка (Илона Захарова)\Все что удалось найти в интернете\Илонка\ilona13_1714630026776.jpeg
✅ CRC OK: P:\Photo\Из Сети\Кошечка (Илона Захарова)\Все что удалось найти в интернете\Илонка\ilona13_1714630026776.jpeg (40801ead)
OK: P:\Photo\Из Сети\Кошечка (Илона Захарова)\Все что удалось найти в интернете\Илонка\ilona13_1714630032533.jpeg
✅ CRC OK: P:\Photo\Из Сети\Кошечка (Илона Захарова)\Все что удалось найти в интернете\Илонка\ilona13_1714630032533.jpeg (9a558058)
OK: P:\Photo\Из Сети\Кошечка (Илона Захарова)\Все что удалось найти в интернете\Илонка\ilona13_1714630041236.jpeg
✅ CRC OK: P:\Photo\Из Сети\Кошечка (Илона Захарова)\Все что удалось найти в интернете\Илонка\ilona13_1714630041236.jpeg (5b2b721c)
OK: P:\Photo\Из Сети\Кошечка (Илона Захарова)\Все что удалось найти в интернете\Илонка\ilona13_1714630048721.jpeg
✅ CRC OK: P:\Photo\Из Сети\Кошечка (Илона Захарова)\Все что удалось найти в интернете\Илонка\ilona13_1714630048721.jpeg (9c3c79cf)
OK: P:\Photo\Из Сети\Кошечка (Илона Захарова)\Все что удалось найти в интернете\Илонка\ilona13_1714630100370.jpeg
✅ CRC OK: P:\Photo\Из Сети\Кошечка (Илона Захарова)\Все что удалось найти в интернете\Илонка\ilona13_1714630100370.jpeg (3a0183fb)
OK: P:\Photo\Из Сети\Кошечка (Илона Захарова)\Все что удалось найти в интернете\Илонка\ilona13_1714630136574.jpeg
✅ CRC OK: P:\Photo\Из Сети\Кошечка (Илона Захарова)\Все что удалось найти в интернете\Илонка\ilona13_1714630136574.jpeg (61a4c869)
OK: P:\Photo\Из Сети\Кошечка (Илона Захарова)\Все что удалось найти в интернете\Илонка\ilona13_1714630151480.jpeg
✅ CRC OK: P:\Photo\Из Сети\Кошечка (Илона Захарова)\Все что удалось найти в интернете\Илонка\ilona13_1714630151480.jpeg (b7c6b4fe)
OK: P:\Photo\Из Сети\Кошечка (Илона Захарова)\Все что удалось найти в интернете\Илонка\ilona13_1714630163792.jpeg
✅ CRC OK: P:\Photo\Из Сети\Кошечка (Илона Захарова)\Все что удалось найти в интернете\Илонка\ilona13_1714630163792.jpeg (6024ea39)
OK: P:\Photo\Из Сети\Кошечка (Илона Захарова)\Все что удалось найти в интернете\Илонка\ilona13_1714630170795.jpeg
✅ CRC OK: P:\Photo\Из Сети\Кошечка (Илона Захарова)\Все что удалось найти в интернете\Илонка\ilona13_1714630170795.jpeg (7fffec2b)
OK: P:\Photo\Из Сети\Кошечка (Илона Захарова)\Все что удалось найти в интернете\Илонка\ilona13_1714630186874.jpeg
✅ CRC OK: P:\Photo\Из Сети\Кошечка (Илона Захарова)\Все что удалось найти в интернете\Илонка\ilona13_1714630186874.jpeg (25f60bef)
OK: P:\Photo\Из Сети\Кошечка (Илона Захарова)\Все что удалось найти в интернете\Илонка\ilona13_1714630200761.jpeg
✅ CRC OK: P:\Photo\Из Сети\Кошечка (Илона Захарова)\Все что удалось найти в интернете\Илонка\ilona13_1714630200761.jpeg (991d0533)
OK: P:\Photo\Из Сети\Кошечка (Илона Захарова)\Все что удалось найти в интернете\Илонка\ilona13_1714630208713.jpeg
✅ CRC OK: P:\Photo\Из Сети\Кошечка (Илона Захарова)\Все что удалось найти в интернете\Илонка\ilona13_1714630208713.jpeg (1042737b)
OK: P:\Photo\Из Сети\Кошечка (Илона Захарова)\Все что удалось найти в интернете\Илонка\ilona13_1714630268580.jpeg
✅ CRC OK: P:\Photo\Из Сети\Кошечка (Илона Захарова)\Все что удалось найти в интернете\Илонка\ilona13_1714630268580.jpeg (8ddc56eb)
OK: P:\Photo\Из Сети\Кошечка (Илона Захарова)\Все что удалось найти в интернете\Илонка\ilona13_1714630418945.jpeg
✅ CRC OK: P:\Photo\Из Сети\Кошечка (Илона Захарова)\Все что удалось найти в интернете\Илонка\ilona13_1714630418945.jpeg (fbb8070b)
OK: P:\Photo\Из Сети\Кошечка (Илона Захарова)\Все что удалось найти в интернете\Илонка\ilona13_1714630436372.jpeg
✅ CRC OK: P:\Photo\Из Сети\Кошечка (Илона Захарова)\Все что удалось найти в интернете\Илонка\ilona13_1714630436372.jpeg (a3d04394)
OK: P:\Photo\Из Сети\Кошечка (Илона Захарова)\Все что удалось найти в интернете\Илонка\ilona13_1714630442601.jpeg
✅ CRC OK: P:\Photo\Из Сети\Кошечка (Илона Захарова)\Все что удалось найти в интернете\Илонка\ilona13_1714630442601.jpeg (ea8faf11)
OK: P:\Photo\Из Сети\Кошечка (Илона Захарова)\Все что удалось найти в интернете\Илонка\ilona13_1714630455486.jpeg
✅ CRC OK: P:\Photo\Из Сети\Кошечка (Илона Захарова)\Все что удалось найти в интернете\Илонка\ilona13_1714630455486.jpeg (e08c68c8)
OK: P:\Photo\Из Сети\Кошечка (Илона Захарова)\Все что удалось найти в интернете\Илонка\ilona13_1714630463918.jpeg
✅ CRC OK: P:\Photo\Из Сети\Кошечка (Илона Захарова)\Все что удалось найти в интернете\Илонка\ilona13_1714630463918.jpeg (71f96117)
OK: P:\Photo\Из Сети\Кошечка (Илона Захарова)\Все что удалось найти в интернете\Илонка\ilona13_1714630472110.jpeg
✅ CRC OK: P:\Photo\Из Сети\Кошечка (Илона Захарова)\Все что удалось найти в интернете\Илонка\ilona13_1714630472110.jpeg (346d5e7c)
OK: P:\Photo\Из Сети\Кошечка (Илона Захарова)\Все что удалось найти в интернете\Илонка\ilona13_1714630480260.jpeg
✅ CRC OK: P:\Photo\Из Сети\Кошечка (Илона Захарова)\Все что удалось найти в интернете\Илонка\ilona13_1714630480260.jpeg (bed057a9)
OK: P:\Photo\Из Сети\Кошечка (Илона Захарова)\Все что удалось найти в интернете\Илонка\ilona13_1714630517690.jpeg
✅ CRC OK: P:\Photo\Из Сети\Кошечка (Илона Захарова)\Все что удалось найти в интернете\Илонка\ilona13_1714630517690.jpeg (42b6c96a)
OK: P:\Photo\Из Сети\Кошечка (Илона Захарова)\Все что удалось найти в интернете\Илонка\ilona13_1719125220942.jpeg
✅ CRC OK: P:\Photo\Из Сети\Кошечка (Илона Захарова)\Все что удалось найти в интернете\Илонка\ilona13_1719125220942.jpeg (4554017b)
OK: P:\Photo\Из Сети\Кошечка (Илона Захарова)\Все что удалось найти в интернете\Илонка\ilona13_1719125229380.jpeg
✅ CRC OK: P:\Photo\Из Сети\Кошечка (Илона Захарова)\Все что удалось найти в интернете\Илонка\ilona13_1719125229380.jpeg (91405fd7)
OK: P:\Photo\Из Сети\Кошечка (Илона Захарова)\Все что удалось найти в интернете\Илонка\ilona13_1719125230411.jpeg
✅ CRC OK: P:\Photo\Из Сети\Кошечка (Илона Захарова)\Все что удалось найти в интернете\Илонка\ilona13_1719125230411.jpeg (1d53edba)
OK: P:\Photo\Из Сети\Кошечка (Илона Захарова)\Все что удалось найти в интернете\Илонка\ilona13_1719125235670.jpeg
✅ CRC OK: P:\Photo\Из Сети\Кошечка (Илона Захарова)\Все что удалось найти в интернете\Илонка\ilona13_1719125235670.jpeg (7e20f0e2)
OK: P:\Photo\Из Сети\Кошечка (Илона Захарова)\Все что удалось найти в интернете\Илонка\ilona13_1719125242112.jpeg
✅ CRC OK: P:\Photo\Из Сети\Кошечка (Илона Захарова)\Все что удалось найти в интернете\Илонка\ilona13_1719125242112.jpeg (663b2ed7)
OK: P:\Photo\Из Сети\Кошечка (Илона Захарова)\Все что удалось найти в интернете\Илонка\ilona13_1741236439659.jpeg
✅ CRC OK: P:\Photo\Из Сети\Кошечка (Илона Захарова)\Все что удалось найти в интернете\Илонка\ilona13_1741236439659.jpeg (afe1ee4a)
OK: P:\Photo\Из Сети\Кошечка (Илона Захарова)\Все что удалось найти в интернете\Илонка\ilona13_1741236461376.jpeg
✅ CRC OK: P:\Photo\Из Сети\Кошечка (Илона Захарова)\Все что удалось найти в интернете\Илонка\ilona13_1741236461376.jpeg (ef7ec919)
OK: P:\Photo\Из Сети\Кошечка (Илона Захарова)\Все что удалось найти в интернете\Илонка\madness_staff_1714631047532.jpeg
✅ CRC OK: P:\Photo\Из Сети\Кошечка (Илона Захарова)\Все что удалось найти в интернете\Илонка\madness_staff_1714631047532.jpeg (90ac2ac4)
OK: P:\Photo\Из Сети\Кошечка (Илона Захарова)\Все что удалось найти в интернете\Илонка\madness_staff_1714631047533.jpeg
✅ CRC OK: P:\Photo\Из Сети\Кошечка (Илона Захарова)\Все что удалось найти в интернете\Илонка\madness_staff_1714631047533.jpeg (a594d9e2)
OK: P:\Photo\Из Сети\Кошечка (Илона Захарова)\Все что удалось найти в интернете\Илонка\madness_staff_1714631054404.jpeg
✅ CRC OK: P:\Photo\Из Сети\Кошечка (Илона Захарова)\Все что удалось найти в интернете\Илонка\madness_staff_1714631054404.jpeg (6bf78f09)
OK: P:\Photo\Из Сети\Кошечка (Илона Захарова)\Все что удалось найти в интернете\Илонка\madness_staff_1714631073667.jpeg
✅ CRC OK: P:\Photo\Из Сети\Кошечка (Илона Захарова)\Все что удалось найти в интернете\Илонка\madness_staff_1714631073667.jpeg (d1131a2a)
OK: P:\Photo\Из Сети\Кошечка (Илона Захарова)\Все что удалось найти в интернете\Илонка\madness_staff_1714631097708.jpeg
✅ CRC OK: P:\Photo\Из Сети\Кошечка (Илона Захарова)\Все что удалось найти в интернете\Илонка\madness_staff_1714631097708.jpeg (90ac2ac4)
OK: P:\Photo\Из Сети\Кошечка (Илона Захарова)\Все что удалось найти в интернете\Илонка\madness_staff_1714631109767.jpeg
✅ CRC OK: P:\Photo\Из Сети\Кошечка (Илона Захарова)\Все что удалось найти в интернете\Илонка\madness_staff_1714631109767.jpeg (f1eb3e1d)
OK: P:\Photo\Из Сети\Кошечка (Илона Захарова)\Все что удалось найти в интернете\Илонка\madness_staff_1714631116335.jpeg
✅ CRC OK: P:\Photo\Из Сети\Кошечка (Илона Захарова)\Все что удалось найти в интернете\Илонка\madness_staff_1714631116335.jpeg (f7fa4cb8)
OK: P:\Photo\Из Сети\Кошечка (Илона Захарова)\Все что удалось найти в интернете\Илонка\madness_staff_1714631116717.jpeg
✅ CRC OK: P:\Photo\Из Сети\Кошечка (Илона Захарова)\Все что удалось найти в интернете\Илонка\madness_staff_1714631116717.jpeg (987dc135)
OK: P:\Photo\Из Сети\Кошечка (Илона Захарова)\Все что удалось найти в интернете\Илонка\madness_staff_1714631138473.jpeg
✅ CRC OK: P:\Photo\Из Сети\Кошечка (Илона Захарова)\Все что удалось найти в интернете\Илонка\madness_staff_1714631138473.jpeg (45f637e9)
OK: P:\Photo\Из Сети\Кошечка (Илона Захарова)\Все что удалось найти в интернете\Илонка\madness_staff_1714631155741.jpeg
✅ CRC OK: P:\Photo\Из Сети\Кошечка (Илона Захарова)\Все что удалось найти в интернете\Илонка\madness_staff_1714631155741.jpeg (2bb1a373)
OK: P:\Photo\Из Сети\Кошечка (Илона Захарова)\Все что удалось найти в интернете\Илонка\madness_staff_1714631167602.jpeg
✅ CRC OK: P:\Photo\Из Сети\Кошечка (Илона Захарова)\Все что удалось найти в интернете\Илонка\madness_staff_1714631167602.jpeg (fa1b16e3)
OK: P:\Photo\Из Сети\Кошечка (Илона Захарова)\Все что удалось найти в интернете\Илонка\madness_staff_1714631190455.jpeg
✅ CRC OK: P:\Photo\Из Сети\Кошечка (Илона Захарова)\Все что удалось найти в интернете\Илонка\madness_staff_1714631190455.jpeg (fd054ed2)
OK: P:\Photo\Из Сети\Кошечка (Илона Захарова)\Все что удалось найти в интернете\Илонка\madness_staff_1714631190456.jpeg
✅ CRC OK: P:\Photo\Из Сети\Кошечка (Илона Захарова)\Все что удалось найти в интернете\Илонка\madness_staff_1714631190456.jpeg (02bf8561)
OK: P:\Photo\Из Сети\Кошечка (Илона Захарова)\Все что удалось найти в интернете\Илонка\madness_staff_1714631209750.jpeg
✅ CRC OK: P:\Photo\Из Сети\Кошечка (Илона Захарова)\Все что удалось найти в интернете\Илонка\madness_staff_1714631209750.jpeg (d61548e6)
OK: P:\Photo\Из Сети\Кошечка (Илона Захарова)\Все что удалось найти в интернете\Илонка\madness_staff_1714631245453.jpeg
✅ CRC OK: P:\Photo\Из Сети\Кошечка (Илона Захарова)\Все что удалось найти в интернете\Илонка\madness_staff_1714631245453.jpeg (0fce66f0)
OK: P:\Photo\Из Сети\Кошечка (Илона Захарова)\Все что удалось найти в интернете\Илонка\madness_staff_1714631258387.jpeg
✅ CRC OK: P:\Photo\Из Сети\Кошечка (Илона Захарова)\Все что удалось найти в интернете\Илонка\madness_staff_1714631258387.jpeg (752d824d)
OK: P:\Photo\Из Сети\Кошечка (Илона Захарова)\Досье.txt
✅ CRC OK: P:\Photo\Из Сети\Кошечка (Илона Захарова)\Досье.txt (96037721)
OK: P:\Photo\Из Сети\Кошечка (Илона Захарова)\Илонка ИИ
OK: P:\Photo\Из Сети\Кошечка (Илона Захарова)\Илонка ИИ\1.png
✅ CRC OK: P:\Photo\Из Сети\Кошечка (Илона Захарова)\Илонка ИИ\1.png (9fb098c3)
OK: P:\Photo\Из Сети\Кошечка (Илона Захарова)\Илонка ИИ\11.png
✅ CRC OK: P:\Photo\Из Сети\Кошечка (Илона Захарова)\Илонка ИИ\11.png (1ee496e7)
OK: P:\Photo\Из Сети\Кошечка (Илона Захарова)\Илонка ИИ\2.png
✅ CRC OK: P:\Photo\Из Сети\Кошечка (Илона Захарова)\Илонка ИИ\2.png (dd82bf51)
OK: P:\Photo\Из Сети\Кошечка (Илона Захарова)\Илонка ИИ\3.png
✅ CRC OK: P:\Photo\Из Сети\Кошечка (Илона Захарова)\Илонка ИИ\3.png (416c26ef)
OK: P:\Photo\Из Сети\Кошечка (Илона Захарова)\Илонка ИИ\4.png
✅ CRC OK: P:\Photo\Из Сети\Кошечка (Илона Захарова)\Илонка ИИ\4.png (50a9623d)
OK: P:\Photo\Из Сети\Кошечка (Илона Захарова)\Илонка ИИ\5.png
✅ CRC OK: P:\Photo\Из Сети\Кошечка (Илона Захарова)\Илонка ИИ\5.png (d5e64a4b)
OK: P:\Photo\Из Сети\Кошечка (Илона Захарова)\Илонка ИИ\``.png
✅ CRC OK: P:\Photo\Из Сети\Кошечка (Илона Захарова)\Илонка ИИ\``.png (d72293fa)
OK: P:\Photo\Из Сети\Кошечка (Илона Захарова)\Илонка ИИ\Без имени.png
✅ CRC OK: P:\Photo\Из Сети\Кошечка (Илона Захарова)\Илонка ИИ\Без имени.png (5e2287c7)
OK: P:\Photo\Из Сети\Кошечка (Илона Захарова)\Илонка ИИ\Без имени1.png
✅ CRC OK: P:\Photo\Из Сети\Кошечка (Илона Захарова)\Илонка ИИ\Без имени1.png (7835e193)
OK: P:\Photo\Из Сети\Кошечка (Илона Захарова)\Ириска,Лёха,Сашя,Касен,Я.jpg
✅ CRC OK: P:\Photo\Из Сети\Кошечка (Илона Захарова)\Ириска,Лёха,Сашя,Касен,Я.jpg (e16b868e)
OK: P:\Photo\Из Сети\Кошечка (Илона Захарова)\Копия KoШka - 4ePTёHok.jpg
✅ CRC OK: P:\Photo\Из Сети\Кошечка (Илона Захарова)\Копия KoШka - 4ePTёHok.jpg (58eac6dd)
OK: P:\Photo\Из Сети\Кошечка (Илона Захарова)\Фото000.jpg
✅ CRC OK: P:\Photo\Из Сети\Кошечка (Илона Захарова)\Фото000.jpg (87bc1b82)
OK: P:\Photo\Из Сети\Кошечка (Илона Захарова)\Фото003.jpg
✅ CRC OK: P:\Photo\Из Сети\Кошечка (Илона Захарова)\Фото003.jpg (a2f051eb)
OK: P:\Photo\Из Сети\Кошечка (Илона Захарова)\Я и Лина3.jpg
✅ CRC OK: P:\Photo\Из Сети\Кошечка (Илона Захарова)\Я и Лина3.jpg (c2e2579a)
OK: P:\Photo\Из Сети\Кошечка (Илона Захарова)\Я... =Р.jpg
✅ CRC OK: P:\Photo\Из Сети\Кошечка (Илона Захарова)\Я... =Р.jpg (07723dc7)
OK: P:\Photo\Из Сети\Кошечка (Илона Захарова)\а2.jpg
✅ CRC OK: P:\Photo\Из Сети\Кошечка (Илона Захарова)\а2.jpg (fa3b53cd)
OK: P:\Photo\Из Сети\Кошечка (Илона Захарова)\йа.jpg
✅ CRC OK: P:\Photo\Из Сети\Кошечка (Илона Захарова)\йа.jpg (0bd8d327)
OK: P:\Photo\Из Сети\Кошечка (Илона Захарова)\от Ириски.jpg
✅ CRC OK: P:\Photo\Из Сети\Кошечка (Илона Захарова)\от Ириски.jpg (987a3fa6)
OK: P:\Photo\Из Сети\Кошечка (Илона Захарова)\эта!.jpg
✅ CRC OK: P:\Photo\Из Сети\Кошечка (Илона Захарова)\эта!.jpg (a2cebb42)
OK: P:\Photo\Из Сети\Кристина Асмус
OK: P:\Photo\Из Сети\Кристина Асмус\0jawAovDawE.jpg
✅ CRC OK: P:\Photo\Из Сети\Кристина Асмус\0jawAovDawE.jpg (d0bbb228)
OK: P:\Photo\Из Сети\Кристина Асмус\100369917-2809951859.jpg
✅ CRC OK: P:\Photo\Из Сети\Кристина Асмус\100369917-2809951859.jpg (9c3eab8c)
OK: P:\Photo\Из Сети\Кристина Асмус\100481555-8590444179.jpg
✅ CRC OK: P:\Photo\Из Сети\Кристина Асмус\100481555-8590444179.jpg (4667a928)
OK: P:\Photo\Из Сети\Кристина Асмус\101656947-2682634012.jpg
✅ CRC OK: P:\Photo\Из Сети\Кристина Асмус\101656947-2682634012.jpg (ab749945)
OK: P:\Photo\Из Сети\Кристина Асмус\120373796-3826198527.jpg
✅ CRC OK: P:\Photo\Из Сети\Кристина Асмус\120373796-3826198527.jpg (8ba97b15)
OK: P:\Photo\Из Сети\Кристина Асмус\123456789-(6)(1).jpg
✅ CRC OK: P:\Photo\Из Сети\Кристина Асмус\123456789-(6)(1).jpg (206a3763)
OK: P:\Photo\Из Сети\Кристина Асмус\1332750976_7265262jg3.jpg
✅ CRC OK: P:\Photo\Из Сети\Кристина Асмус\1332750976_7265262jg3.jpg (2199229c)
OK: P:\Photo\Из Сети\Кристина Асмус\1359137236_1696754051.jpg
✅ CRC OK: P:\Photo\Из Сети\Кристина Асмус\1359137236_1696754051.jpg (c8735f70)
OK: P:\Photo\Из Сети\Кристина Асмус\1573463857273a4229768422a429c906c7d8cdf0b23f9.jpg
✅ CRC OK: P:\Photo\Из Сети\Кристина Асмус\1573463857273a4229768422a429c906c7d8cdf0b23f9.jpg (acf1f3b2)
OK: P:\Photo\Из Сети\Кристина Асмус\1632174854_29-krasavica-info-p-kristina-asmus-krasivo-model-31.jpg
✅ CRC OK: P:\Photo\Из Сети\Кристина Асмус\1632174854_29-krasavica-info-p-kristina-asmus-krasivo-model-31.jpg (1a38b1ed)
OK: P:\Photo\Из Сети\Кристина Асмус\33214365.jpg
✅ CRC OK: P:\Photo\Из Сети\Кристина Асмус\33214365.jpg (640076b8)
OK: P:\Photo\Из Сети\Кристина Асмус\53a374bebab0cbe274dd479de605828e.jpg
✅ CRC OK: P:\Photo\Из Сети\Кристина Асмус\53a374bebab0cbe274dd479de605828e.jpg (8f4a4153)
OK: P:\Photo\Из Сети\Кристина Асмус\58409536-82381101799.jpg
✅ CRC OK: P:\Photo\Из Сети\Кристина Асмус\58409536-82381101799.jpg (8b9c2935)
OK: P:\Photo\Из Сети\Кристина Асмус\5b6de1afa1c11.jpg
✅ CRC OK: P:\Photo\Из Сети\Кристина Асмус\5b6de1afa1c11.jpg (10ffd1a3)
OK: P:\Photo\Из Сети\Кристина Асмус\61876075-48081527604.jpg
✅ CRC OK: P:\Photo\Из Сети\Кристина Асмус\61876075-48081527604.jpg (9e898aaf)
OK: P:\Photo\Из Сети\Кристина Асмус\62115602-37016510361.jpg
✅ CRC OK: P:\Photo\Из Сети\Кристина Асмус\62115602-37016510361.jpg (2cdf16f3)
OK: P:\Photo\Из Сети\Кристина Асмус\64272729-48174427590.jpg
✅ CRC OK: P:\Photo\Из Сети\Кристина Асмус\64272729-48174427590.jpg (1b4c10ee)
OK: P:\Photo\Из Сети\Кристина Асмус\65813958-21208703642.jpg
✅ CRC OK: P:\Photo\Из Сети\Кристина Асмус\65813958-21208703642.jpg (eabf2c87)
OK: P:\Photo\Из Сети\Кристина Асмус\65899359-47040795374.jpg
✅ CRC OK: P:\Photo\Из Сети\Кристина Асмус\65899359-47040795374.jpg (6f3b3554)
OK: P:\Photo\Из Сети\Кристина Асмус\66395519-22810298719.jpg
✅ CRC OK: P:\Photo\Из Сети\Кристина Асмус\66395519-22810298719.jpg (1835aafb)
OK: P:\Photo\Из Сети\Кристина Асмус\67584271-15825852522.jpg
✅ CRC OK: P:\Photo\Из Сети\Кристина Асмус\67584271-15825852522.jpg (cab430e3)
OK: P:\Photo\Из Сети\Кристина Асмус\82251158-25361011766.jpg
✅ CRC OK: P:\Photo\Из Сети\Кристина Асмус\82251158-25361011766.jpg (4b6b8d44)
OK: P:\Photo\Из Сети\Кристина Асмус\82735881-81813223536.jpg
✅ CRC OK: P:\Photo\Из Сети\Кристина Асмус\82735881-81813223536.jpg (3e4c67a8)
OK: P:\Photo\Из Сети\Кристина Асмус\82895603-25172615718.jpg
✅ CRC OK: P:\Photo\Из Сети\Кристина Асмус\82895603-25172615718.jpg (e07e864c)
OK: P:\Photo\Из Сети\Кристина Асмус\84070431-17987891328.jpg
✅ CRC OK: P:\Photo\Из Сети\Кристина Асмус\84070431-17987891328.jpg (98efb993)
OK: P:\Photo\Из Сети\Кристина Асмус\84306012-24165386016.jpg
✅ CRC OK: P:\Photo\Из Сети\Кристина Асмус\84306012-24165386016.jpg (62b79eba)
OK: P:\Photo\Из Сети\Кристина Асмус\84330347-28170153946.jpg
✅ CRC OK: P:\Photo\Из Сети\Кристина Асмус\84330347-28170153946.jpg (d60414a5)
OK: P:\Photo\Из Сети\Кристина Асмус\87580091-28102794023.jpg
✅ CRC OK: P:\Photo\Из Сети\Кристина Асмус\87580091-28102794023.jpg (b8c85ac6)
OK: P:\Photo\Из Сети\Кристина Асмус\89318452-33834958043.jpg
✅ CRC OK: P:\Photo\Из Сети\Кристина Асмус\89318452-33834958043.jpg (72a45701)
OK: P:\Photo\Из Сети\Кристина Асмус\90091738-90321793679.jpg
✅ CRC OK: P:\Photo\Из Сети\Кристина Асмус\90091738-90321793679.jpg (e7a59736)
OK: P:\Photo\Из Сети\Кристина Асмус\90436938-21167217672.jpg
✅ CRC OK: P:\Photo\Из Сети\Кристина Асмус\90436938-21167217672.jpg (de192abb)
OK: P:\Photo\Из Сети\Кристина Асмус\90486230-24250058355.jpg
✅ CRC OK: P:\Photo\Из Сети\Кристина Асмус\90486230-24250058355.jpg (9463e6d1)
OK: P:\Photo\Из Сети\Кристина Асмус\90509043-21965500923.jpg
✅ CRC OK: P:\Photo\Из Сети\Кристина Асмус\90509043-21965500923.jpg (14d9f6cb)
OK: P:\Photo\Из Сети\Кристина Асмус\91025757-64667825951.jpg
✅ CRC OK: P:\Photo\Из Сети\Кристина Асмус\91025757-64667825951.jpg (897e73fd)
OK: P:\Photo\Из Сети\Кристина Асмус\91105651-68245608916.jpg
✅ CRC OK: P:\Photo\Из Сети\Кристина Асмус\91105651-68245608916.jpg (70a2d9d7)
OK: P:\Photo\Из Сети\Кристина Асмус\91148374-14441922373.jpg
✅ CRC OK: P:\Photo\Из Сети\Кристина Асмус\91148374-14441922373.jpg (8fefca6e)
OK: P:\Photo\Из Сети\Кристина Асмус\91210872-52834947143.jpg
✅ CRC OK: P:\Photo\Из Сети\Кристина Асмус\91210872-52834947143.jpg (3d75b242)
OK: P:\Photo\Из Сети\Кристина Асмус\91258040-16157580501.jpg
✅ CRC OK: P:\Photo\Из Сети\Кристина Асмус\91258040-16157580501.jpg (6cde2bbe)
OK: P:\Photo\Из Сети\Кристина Асмус\91542398-12787867089.jpg
✅ CRC OK: P:\Photo\Из Сети\Кристина Асмус\91542398-12787867089.jpg (cfc2dbbb)
OK: P:\Photo\Из Сети\Кристина Асмус\95496262-59237031162.jpg
✅ CRC OK: P:\Photo\Из Сети\Кристина Асмус\95496262-59237031162.jpg (802e0164)
OK: P:\Photo\Из Сети\Кристина Асмус\97212919-54146808988.jpg
✅ CRC OK: P:\Photo\Из Сети\Кристина Асмус\97212919-54146808988.jpg (6a0c76a0)
OK: P:\Photo\Из Сети\Кристина Асмус\97356577-96537605391.jpg
✅ CRC OK: P:\Photo\Из Сети\Кристина Асмус\97356577-96537605391.jpg (48059410)
OK: P:\Photo\Из Сети\Кристина Асмус\AAACAS3QXvWeSYepYF9LIrTYfXZlKg_gunstTz89eA45VCrpHLDoe2tOkOT6KpQlMvNKisq00hhsA1hvkr329se_xtY.jpg
✅ CRC OK: P:\Photo\Из Сети\Кристина Асмус\AAACAS3QXvWeSYepYF9LIrTYfXZlKg_gunstTz89eA45VCrpHLDoe2tOkOT6KpQlMvNKisq00hhsA1hvkr329se_xtY.jpg (bb638194)
OK: P:\Photo\Из Сети\Кристина Асмус\AAACR6C4yYEv5Imk24CrRRN1V5PA6ouCqexgG2QLYjP85f3QEAuh_PD11YMVTCsyX14J_pXweq9Ki-6yPJY5Pc8ARgQ.jpg
✅ CRC OK: P:\Photo\Из Сети\Кристина Асмус\AAACR6C4yYEv5Imk24CrRRN1V5PA6ouCqexgG2QLYjP85f3QEAuh_PD11YMVTCsyX14J_pXweq9Ki-6yPJY5Pc8ARgQ.jpg (b43e61fe)
OK: P:\Photo\Из Сети\Кристина Асмус\AAACwjue-vMRSIaH3Pna9CGEa7Yt_ofAyM69JAxSsuLxuDZN8ScLQ_EtJTC7a33Zc71lfopQTaGg2JYx1JZgixf2A0U.jpg
✅ CRC OK: P:\Photo\Из Сети\Кристина Асмус\AAACwjue-vMRSIaH3Pna9CGEa7Yt_ofAyM69JAxSsuLxuDZN8ScLQ_EtJTC7a33Zc71lfopQTaGg2JYx1JZgixf2A0U.jpg (3fb5e166)
OK: P:\Photo\Из Сети\Кристина Асмус\FiqnDs4_Kqs.jpg
✅ CRC OK: P:\Photo\Из Сети\Кристина Асмус\FiqnDs4_Kqs.jpg (f9102da4)
OK: P:\Photo\Из Сети\Кристина Асмус\HdEL3wVny14.jpg
✅ CRC OK: P:\Photo\Из Сети\Кристина Асмус\HdEL3wVny14.jpg (bb5fdf86)
OK: P:\Photo\Из Сети\Кристина Асмус\Kristina-Asmus.jpg
✅ CRC OK: P:\Photo\Из Сети\Кристина Асмус\Kristina-Asmus.jpg (28b1c803)
OK: P:\Photo\Из Сети\Кристина Асмус\UB74LxmARbU.jpg
✅ CRC OK: P:\Photo\Из Сети\Кристина Асмус\UB74LxmARbU.jpg (c198eae1)
OK: P:\Photo\Из Сети\Кристина Асмус\asmus_kristina_rf_19-1.jpg
✅ CRC OK: P:\Photo\Из Сети\Кристина Асмус\asmus_kristina_rf_19-1.jpg (54c9fff0)
OK: P:\Photo\Из Сети\Кристина Асмус\asmuskristina-119922.jpg
✅ CRC OK: P:\Photo\Из Сети\Кристина Асмус\asmuskristina-119922.jpg (85470907)
OK: P:\Photo\Из Сети\Кристина Асмус\asmuskristina-120040.jpg
✅ CRC OK: P:\Photo\Из Сети\Кристина Асмус\asmuskristina-120040.jpg (d00d2ed0)
OK: P:\Photo\Из Сети\Кристина Асмус\asmuskristina-120351.jpg
✅ CRC OK: P:\Photo\Из Сети\Кристина Асмус\asmuskristina-120351.jpg (1bf069ac)
OK: P:\Photo\Из Сети\Кристина Асмус\asmuskristina-121000.jpg
✅ CRC OK: P:\Photo\Из Сети\Кристина Асмус\asmuskristina-121000.jpg (7feb6cc4)
OK: P:\Photo\Из Сети\Кристина Асмус\asmuskristina-202009(2).jpg
✅ CRC OK: P:\Photo\Из Сети\Кристина Асмус\asmuskristina-202009(2).jpg (249b9db7)
OK: P:\Photo\Из Сети\Кристина Асмус\asmuskristina-202009(8).jpg
✅ CRC OK: P:\Photo\Из Сети\Кристина Асмус\asmuskristina-202009(8).jpg (822f53b1)
OK: P:\Photo\Из Сети\Кристина Асмус\asmuskristina-202009.jpg
✅ CRC OK: P:\Photo\Из Сети\Кристина Асмус\asmuskristina-202009.jpg (1a3b5a9a)
OK: P:\Photo\Из Сети\Кристина Асмус\c49ef408c58694f590b254546b0a1b25.jpg
✅ CRC OK: P:\Photo\Из Сети\Кристина Асмус\c49ef408c58694f590b254546b0a1b25.jpg (c4acb570)
OK: P:\Photo\Из Сети\Кристина Асмус\dublyer8.jpg
✅ CRC OK: P:\Photo\Из Сети\Кристина Асмус\dublyer8.jpg (ab5235ca)
OK: P:\Photo\Из Сети\Кристина Асмус\ef59e12cb89a.jpg
✅ CRC OK: P:\Photo\Из Сети\Кристина Асмус\ef59e12cb89a.jpg (59fd30e9)
OK: P:\Photo\Из Сети\Кристина Асмус\tumblr_7245381f16624e253e299d89be873af3_5af464b4_400.jpg
✅ CRC OK: P:\Photo\Из Сети\Кристина Асмус\tumblr_7245381f16624e253e299d89be873af3_5af464b4_400.jpg (2cb971b5)
OK: P:\Photo\Из Сети\Кристина Асмус\tumblr_88c7eab8fea904e78291bba66829aa5c_28130aa8_2048.jpg
✅ CRC OK: P:\Photo\Из Сети\Кристина Асмус\tumblr_88c7eab8fea904e78291bba66829aa5c_28130aa8_2048.jpg (906aca6d)
OK: P:\Photo\Из Сети\Кристина Асмус\tumblr_8e9cde73c07b2c9c2fe7bddb9c0f7acc_2f7111b2_500.jpg
✅ CRC OK: P:\Photo\Из Сети\Кристина Асмус\tumblr_8e9cde73c07b2c9c2fe7bddb9c0f7acc_2f7111b2_500.jpg (2ee5c6f2)
OK: P:\Photo\Из Сети\Кристина Асмус\tumblr_9d830b2f412bdbff7420cda018b99169_355e5977_1280.jpg
✅ CRC OK: P:\Photo\Из Сети\Кристина Асмус\tumblr_9d830b2f412bdbff7420cda018b99169_355e5977_1280.jpg (69a4b6c6)
OK: P:\Photo\Из Сети\Кристина Асмус\tumblr_e5bde2b6abe7ca2f85f9e5e5904634e1_a225a458_500.jpg
✅ CRC OK: P:\Photo\Из Сети\Кристина Асмус\tumblr_e5bde2b6abe7ca2f85f9e5e5904634e1_a225a458_500.jpg (c202986e)
OK: P:\Photo\Из Сети\Кристина Асмус\tumblr_p6b125pgpE1rkp067o1_640.jpg
✅ CRC OK: P:\Photo\Из Сети\Кристина Асмус\tumblr_p6b125pgpE1rkp067o1_640.jpg (da5579c8)
OK: P:\Photo\Из Сети\Кристина Асмус\Асмус1280x1024
OK: P:\Photo\Из Сети\Кристина Асмус\Асмус1280x1024\ka01.jpg
✅ CRC OK: P:\Photo\Из Сети\Кристина Асмус\Асмус1280x1024\ka01.jpg (9c7b7109)
OK: P:\Photo\Из Сети\Кристина Асмус\Асмус1280x1024\ka02.jpg
✅ CRC OK: P:\Photo\Из Сети\Кристина Асмус\Асмус1280x1024\ka02.jpg (0bcf2f35)
OK: P:\Photo\Из Сети\Кристина Асмус\Асмус1280x1024\ka03.jpg
✅ CRC OK: P:\Photo\Из Сети\Кристина Асмус\Асмус1280x1024\ka03.jpg (6caff3ab)
OK: P:\Photo\Из Сети\Кристина Асмус\Асмус1280x1024\ka04.jpg
✅ CRC OK: P:\Photo\Из Сети\Кристина Асмус\Асмус1280x1024\ka04.jpg (dbbbe9eb)
OK: P:\Photo\Из Сети\Кристина Асмус\Асмус1280x1024\ka05.jpg
✅ CRC OK: P:\Photo\Из Сети\Кристина Асмус\Асмус1280x1024\ka05.jpg (eaed6049)
OK: P:\Photo\Из Сети\Кристина Асмус\Асмус1280x1024\ka06.jpg
✅ CRC OK: P:\Photo\Из Сети\Кристина Асмус\Асмус1280x1024\ka06.jpg (7ff7559d)
OK: P:\Photo\Из Сети\Кристина Асмус\Асмус1280x1024\ka07.jpg
✅ CRC OK: P:\Photo\Из Сети\Кристина Асмус\Асмус1280x1024\ka07.jpg (d5ca436b)
OK: P:\Photo\Из Сети\Кристина Асмус\Асмус1280x1024\ka08.jpg
✅ CRC OK: P:\Photo\Из Сети\Кристина Асмус\Асмус1280x1024\ka08.jpg (6e3b4b45)
OK: P:\Photo\Из Сети\Кристина Асмус\Асмус1280x1024\ka09.jpg
✅ CRC OK: P:\Photo\Из Сети\Кристина Асмус\Асмус1280x1024\ka09.jpg (71f25190)
OK: P:\Photo\Из Сети\Кристина Асмус\Асмус1280x1024\ka10.jpg
✅ CRC OK: P:\Photo\Из Сети\Кристина Асмус\Асмус1280x1024\ka10.jpg (9cdf527e)
OK: P:\Photo\Из Сети\Кристина Асмус\Асмус1280x1024\ka11.jpg
✅ CRC OK: P:\Photo\Из Сети\Кристина Асмус\Асмус1280x1024\ka11.jpg (93a9417c)
OK: P:\Photo\Из Сети\Кристина Асмус\Асмус1280x1024\ka12.jpg
✅ CRC OK: P:\Photo\Из Сети\Кристина Асмус\Асмус1280x1024\ka12.jpg (95154e33)
OK: P:\Photo\Из Сети\Кристина Асмус\Асмус1280x1024\ka13.jpg
✅ CRC OK: P:\Photo\Из Сети\Кристина Асмус\Асмус1280x1024\ka13.jpg (22fec898)
OK: P:\Photo\Из Сети\Кристина Асмус\Асмус1280x1024\ka14.jpg
✅ CRC OK: P:\Photo\Из Сети\Кристина Асмус\Асмус1280x1024\ka14.jpg (6f0a1b1e)
OK: P:\Photo\Из Сети\Кристина Асмус\Асмус1280x1024\ka15.jpg
✅ CRC OK: P:\Photo\Из Сети\Кристина Асмус\Асмус1280x1024\ka15.jpg (5f3ceeea)
OK: P:\Photo\Из Сети\Кристина Асмус\Асмус1280x1024\ka16.jpg
✅ CRC OK: P:\Photo\Из Сети\Кристина Асмус\Асмус1280x1024\ka16.jpg (a676f751)
OK: P:\Photo\Из Сети\Кристина Асмус\Асмус1280x1024\ka17.jpg
✅ CRC OK: P:\Photo\Из Сети\Кристина Асмус\Асмус1280x1024\ka17.jpg (b6a0e16a)
OK: P:\Photo\Из Сети\Кристина Асмус\Кристина Асмус
OK: P:\Photo\Из Сети\Кристина Асмус\Кристина Асмус\1.jpg
✅ CRC OK: P:\Photo\Из Сети\Кристина Асмус\Кристина Асмус\1.jpg (d0acabe6)
OK: P:\Photo\Из Сети\Кристина Асмус\Кристина Асмус\10.jpg
✅ CRC OK: P:\Photo\Из Сети\Кристина Асмус\Кристина Асмус\10.jpg (77534421)
OK: P:\Photo\Из Сети\Кристина Асмус\Кристина Асмус\100.jpg
✅ CRC OK: P:\Photo\Из Сети\Кристина Асмус\Кристина Асмус\100.jpg (b99c7960)
OK: P:\Photo\Из Сети\Кристина Асмус\Кристина Асмус\101.jpg
✅ CRC OK: P:\Photo\Из Сети\Кристина Асмус\Кристина Асмус\101.jpg (4713a80b)
OK: P:\Photo\Из Сети\Кристина Асмус\Кристина Асмус\102.jpg
✅ CRC OK: P:\Photo\Из Сети\Кристина Асмус\Кристина Асмус\102.jpg (ec47db68)
OK: P:\Photo\Из Сети\Кристина Асмус\Кристина Асмус\103.jpg
✅ CRC OK: P:\Photo\Из Сети\Кристина Асмус\Кристина Асмус\103.jpg (7599e6ce)
OK: P:\Photo\Из Сети\Кристина Асмус\Кристина Асмус\104.jpg
✅ CRC OK: P:\Photo\Из Сети\Кристина Асмус\Кристина Асмус\104.jpg (eeab1f2e)
OK: P:\Photo\Из Сети\Кристина Асмус\Кристина Асмус\105.jpg
✅ CRC OK: P:\Photo\Из Сети\Кристина Асмус\Кристина Асмус\105.jpg (db86ddd2)
OK: P:\Photo\Из Сети\Кристина Асмус\Кристина Асмус\106.jpg
✅ CRC OK: P:\Photo\Из Сети\Кристина Асмус\Кристина Асмус\106.jpg (99eb30d0)
OK: P:\Photo\Из Сети\Кристина Асмус\Кристина Асмус\107.jpg
✅ CRC OK: P:\Photo\Из Сети\Кристина Асмус\Кристина Асмус\107.jpg (89e61fc6)
OK: P:\Photo\Из Сети\Кристина Асмус\Кристина Асмус\108.jpg
✅ CRC OK: P:\Photo\Из Сети\Кристина Асмус\Кристина Асмус\108.jpg (69f654f0)
OK: P:\Photo\Из Сети\Кристина Асмус\Кристина Асмус\109.jpg
✅ CRC OK: P:\Photo\Из Сети\Кристина Асмус\Кристина Асмус\109.jpg (23c9ac5f)
OK: P:\Photo\Из Сети\Кристина Асмус\Кристина Асмус\11.jpg
✅ CRC OK: P:\Photo\Из Сети\Кристина Асмус\Кристина Асмус\11.jpg (64b55c29)
OK: P:\Photo\Из Сети\Кристина Асмус\Кристина Асмус\110.jpg
✅ CRC OK: P:\Photo\Из Сети\Кристина Асмус\Кристина Асмус\110.jpg (21f6152f)
OK: P:\Photo\Из Сети\Кристина Асмус\Кристина Асмус\111.jpg
✅ CRC OK: P:\Photo\Из Сети\Кристина Асмус\Кристина Асмус\111.jpg (f8da52b5)
OK: P:\Photo\Из Сети\Кристина Асмус\Кристина Асмус\112.jpg
✅ CRC OK: P:\Photo\Из Сети\Кристина Асмус\Кристина Асмус\112.jpg (4f6f5f6f)
OK: P:\Photo\Из Сети\Кристина Асмус\Кристина Асмус\113.jpg
✅ CRC OK: P:\Photo\Из Сети\Кристина Асмус\Кристина Асмус\113.jpg (1f373672)
OK: P:\Photo\Из Сети\Кристина Асмус\Кристина Асмус\114.jpg
✅ CRC OK: P:\Photo\Из Сети\Кристина Асмус\Кристина Асмус\114.jpg (63d3dd99)
OK: P:\Photo\Из Сети\Кристина Асмус\Кристина Асмус\115.jpg
✅ CRC OK: P:\Photo\Из Сети\Кристина Асмус\Кристина Асмус\115.jpg (7834dd91)
OK: P:\Photo\Из Сети\Кристина Асмус\Кристина Асмус\116.jpg
✅ CRC OK: P:\Photo\Из Сети\Кристина Асмус\Кристина Асмус\116.jpg (f549271c)
OK: P:\Photo\Из Сети\Кристина Асмус\Кристина Асмус\117.jpg
✅ CRC OK: P:\Photo\Из Сети\Кристина Асмус\Кристина Асмус\117.jpg (14fb78ba)
OK: P:\Photo\Из Сети\Кристина Асмус\Кристина Асмус\118.jpg
✅ CRC OK: P:\Photo\Из Сети\Кристина Асмус\Кристина Асмус\118.jpg (124f645f)
OK: P:\Photo\Из Сети\Кристина Асмус\Кристина Асмус\119.jpg
✅ CRC OK: P:\Photo\Из Сети\Кристина Асмус\Кристина Асмус\119.jpg (9f2e4f09)
OK: P:\Photo\Из Сети\Кристина Асмус\Кристина Асмус\12.jpg
✅ CRC OK: P:\Photo\Из Сети\Кристина Асмус\Кристина Асмус\12.jpg (fe0dcbf2)
OK: P:\Photo\Из Сети\Кристина Асмус\Кристина Асмус\120.jpg
✅ CRC OK: P:\Photo\Из Сети\Кристина Асмус\Кристина Асмус\120.jpg (2ad4fb22)
OK: P:\Photo\Из Сети\Кристина Асмус\Кристина Асмус\13.jpg
✅ CRC OK: P:\Photo\Из Сети\Кристина Асмус\Кристина Асмус\13.jpg (f3a4eed0)
OK: P:\Photo\Из Сети\Кристина Асмус\Кристина Асмус\14.jpg
✅ CRC OK: P:\Photo\Из Сети\Кристина Асмус\Кристина Асмус\14.jpg (787fb9ab)
OK: P:\Photo\Из Сети\Кристина Асмус\Кристина Асмус\15.jpg
✅ CRC OK: P:\Photo\Из Сети\Кристина Асмус\Кристина Асмус\15.jpg (b97217dd)
OK: P:\Photo\Из Сети\Кристина Асмус\Кристина Асмус\16.jpg
✅ CRC OK: P:\Photo\Из Сети\Кристина Асмус\Кристина Асмус\16.jpg (e3b9877d)
OK: P:\Photo\Из Сети\Кристина Асмус\Кристина Асмус\17.jpg
✅ CRC OK: P:\Photo\Из Сети\Кристина Асмус\Кристина Асмус\17.jpg (af2681ac)
OK: P:\Photo\Из Сети\Кристина Асмус\Кристина Асмус\18.jpg
✅ CRC OK: P:\Photo\Из Сети\Кристина Асмус\Кристина Асмус\18.jpg (ba3e6510)
OK: P:\Photo\Из Сети\Кристина Асмус\Кристина Асмус\19.jpg
✅ CRC OK: P:\Photo\Из Сети\Кристина Асмус\Кристина Асмус\19.jpg (da54d76b)
OK: P:\Photo\Из Сети\Кристина Асмус\Кристина Асмус\2.jpg
✅ CRC OK: P:\Photo\Из Сети\Кристина Асмус\Кристина Асмус\2.jpg (f1581dff)
OK: P:\Photo\Из Сети\Кристина Асмус\Кристина Асмус\20.jpg
✅ CRC OK: P:\Photo\Из Сети\Кристина Асмус\Кристина Асмус\20.jpg (83457ae0)
OK: P:\Photo\Из Сети\Кристина Асмус\Кристина Асмус\21.jpg
✅ CRC OK: P:\Photo\Из Сети\Кристина Асмус\Кристина Асмус\21.jpg (fc60398f)
OK: P:\Photo\Из Сети\Кристина Асмус\Кристина Асмус\22.jpg
✅ CRC OK: P:\Photo\Из Сети\Кристина Асмус\Кристина Асмус\22.jpg (1e9fd23d)
OK: P:\Photo\Из Сети\Кристина Асмус\Кристина Асмус\23.jpg
✅ CRC OK: P:\Photo\Из Сети\Кристина Асмус\Кристина Асмус\23.jpg (9ea8c56e)
OK: P:\Photo\Из Сети\Кристина Асмус\Кристина Асмус\24.jpg
✅ CRC OK: P:\Photo\Из Сети\Кристина Асмус\Кристина Асмус\24.jpg (9b8d98d4)
OK: P:\Photo\Из Сети\Кристина Асмус\Кристина Асмус\25.jpg
✅ CRC OK: P:\Photo\Из Сети\Кристина Асмус\Кристина Асмус\25.jpg (40e7a734)
OK: P:\Photo\Из Сети\Кристина Асмус\Кристина Асмус\26.jpg
✅ CRC OK: P:\Photo\Из Сети\Кристина Асмус\Кристина Асмус\26.jpg (ead22d12)
OK: P:\Photo\Из Сети\Кристина Асмус\Кристина Асмус\27.jpg
✅ CRC OK: P:\Photo\Из Сети\Кристина Асмус\Кристина Асмус\27.jpg (e8ec208a)
OK: P:\Photo\Из Сети\Кристина Асмус\Кристина Асмус\28.jpg
✅ CRC OK: P:\Photo\Из Сети\Кристина Асмус\Кристина Асмус\28.jpg (2ca4646c)
OK: P:\Photo\Из Сети\Кристина Асмус\Кристина Асмус\29.jpg
✅ CRC OK: P:\Photo\Из Сети\Кристина Асмус\Кристина Асмус\29.jpg (4bfb5bdc)
OK: P:\Photo\Из Сети\Кристина Асмус\Кристина Асмус\3.jpg
✅ CRC OK: P:\Photo\Из Сети\Кристина Асмус\Кристина Асмус\3.jpg (a17d5428)
OK: P:\Photo\Из Сети\Кристина Асмус\Кристина Асмус\30.jpg
✅ CRC OK: P:\Photo\Из Сети\Кристина Асмус\Кристина Асмус\30.jpg (b6f3cf52)
OK: P:\Photo\Из Сети\Кристина Асмус\Кристина Асмус\31.jpg
✅ CRC OK: P:\Photo\Из Сети\Кристина Асмус\Кристина Асмус\31.jpg (7ab4d5fa)
OK: P:\Photo\Из Сети\Кристина Асмус\Кристина Асмус\32.jpg
✅ CRC OK: P:\Photo\Из Сети\Кристина Асмус\Кристина Асмус\32.jpg (446f4172)
OK: P:\Photo\Из Сети\Кристина Асмус\Кристина Асмус\33.jpg
✅ CRC OK: P:\Photo\Из Сети\Кристина Асмус\Кристина Асмус\33.jpg (a194b9ac)
OK: P:\Photo\Из Сети\Кристина Асмус\Кристина Асмус\34.jpg
✅ CRC OK: P:\Photo\Из Сети\Кристина Асмус\Кристина Асмус\34.jpg (57579124)
OK: P:\Photo\Из Сети\Кристина Асмус\Кристина Асмус\35.jpg
✅ CRC OK: P:\Photo\Из Сети\Кристина Асмус\Кристина Асмус\35.jpg (ec18f88e)
OK: P:\Photo\Из Сети\Кристина Асмус\Кристина Асмус\36.jpg
✅ CRC OK: P:\Photo\Из Сети\Кристина Асмус\Кристина Асмус\36.jpg (01407ca7)
OK: P:\Photo\Из Сети\Кристина Асмус\Кристина Асмус\37.jpg
✅ CRC OK: P:\Photo\Из Сети\Кристина Асмус\Кристина Асмус\37.jpg (c8ffdf37)
OK: P:\Photo\Из Сети\Кристина Асмус\Кристина Асмус\38.jpg
✅ CRC OK: P:\Photo\Из Сети\Кристина Асмус\Кристина Асмус\38.jpg (e581ea30)
OK: P:\Photo\Из Сети\Кристина Асмус\Кристина Асмус\39.jpg
✅ CRC OK: P:\Photo\Из Сети\Кристина Асмус\Кристина Асмус\39.jpg (da05c7f9)
OK: P:\Photo\Из Сети\Кристина Асмус\Кристина Асмус\4.jpg
✅ CRC OK: P:\Photo\Из Сети\Кристина Асмус\Кристина Асмус\4.jpg (f9c2e52d)
OK: P:\Photo\Из Сети\Кристина Асмус\Кристина Асмус\40.jpg
✅ CRC OK: P:\Photo\Из Сети\Кристина Асмус\Кристина Асмус\40.jpg (d06c19b4)
OK: P:\Photo\Из Сети\Кристина Асмус\Кристина Асмус\41.jpg
✅ CRC OK: P:\Photo\Из Сети\Кристина Асмус\Кристина Асмус\41.jpg (c40db698)
OK: P:\Photo\Из Сети\Кристина Асмус\Кристина Асмус\42.jpg
✅ CRC OK: P:\Photo\Из Сети\Кристина Асмус\Кристина Асмус\42.jpg (11aa165b)
OK: P:\Photo\Из Сети\Кристина Асмус\Кристина Асмус\43.jpg
✅ CRC OK: P:\Photo\Из Сети\Кристина Асмус\Кристина Асмус\43.jpg (f84b8fec)
OK: P:\Photo\Из Сети\Кристина Асмус\Кристина Асмус\44.jpg
✅ CRC OK: P:\Photo\Из Сети\Кристина Асмус\Кристина Асмус\44.jpg (efcc7207)
OK: P:\Photo\Из Сети\Кристина Асмус\Кристина Асмус\45.jpg
✅ CRC OK: P:\Photo\Из Сети\Кристина Асмус\Кристина Асмус\45.jpg (a6a0f8ad)
OK: P:\Photo\Из Сети\Кристина Асмус\Кристина Асмус\46.jpg
✅ CRC OK: P:\Photo\Из Сети\Кристина Асмус\Кристина Асмус\46.jpg (17f9f98c)
OK: P:\Photo\Из Сети\Кристина Асмус\Кристина Асмус\47.jpg
✅ CRC OK: P:\Photo\Из Сети\Кристина Асмус\Кристина Асмус\47.jpg (670e6742)
OK: P:\Photo\Из Сети\Кристина Асмус\Кристина Асмус\48.jpg
✅ CRC OK: P:\Photo\Из Сети\Кристина Асмус\Кристина Асмус\48.jpg (d1173b38)
OK: P:\Photo\Из Сети\Кристина Асмус\Кристина Асмус\49.jpg
✅ CRC OK: P:\Photo\Из Сети\Кристина Асмус\Кристина Асмус\49.jpg (eb5e0869)
OK: P:\Photo\Из Сети\Кристина Асмус\Кристина Асмус\5.jpg
✅ CRC OK: P:\Photo\Из Сети\Кристина Асмус\Кристина Асмус\5.jpg (94cdbf73)
OK: P:\Photo\Из Сети\Кристина Асмус\Кристина Асмус\50.jpg
✅ CRC OK: P:\Photo\Из Сети\Кристина Асмус\Кристина Асмус\50.jpg (08bf1f2a)
OK: P:\Photo\Из Сети\Кристина Асмус\Кристина Асмус\51.jpg
✅ CRC OK: P:\Photo\Из Сети\Кристина Асмус\Кристина Асмус\51.jpg (552f5ee2)
OK: P:\Photo\Из Сети\Кристина Асмус\Кристина Асмус\52.jpg
✅ CRC OK: P:\Photo\Из Сети\Кристина Асмус\Кристина Асмус\52.jpg (b5a95f01)
OK: P:\Photo\Из Сети\Кристина Асмус\Кристина Асмус\53.jpg
✅ CRC OK: P:\Photo\Из Сети\Кристина Асмус\Кристина Асмус\53.jpg (f012f416)
OK: P:\Photo\Из Сети\Кристина Асмус\Кристина Асмус\54.jpg
✅ CRC OK: P:\Photo\Из Сети\Кристина Асмус\Кристина Асмус\54.jpg (57edc0f0)
OK: P:\Photo\Из Сети\Кристина Асмус\Кристина Асмус\55.jpg
✅ CRC OK: P:\Photo\Из Сети\Кристина Асмус\Кристина Асмус\55.jpg (0dfe319e)
OK: P:\Photo\Из Сети\Кристина Асмус\Кристина Асмус\56.jpg
✅ CRC OK: P:\Photo\Из Сети\Кристина Асмус\Кристина Асмус\56.jpg (a1b258ec)
OK: P:\Photo\Из Сети\Кристина Асмус\Кристина Асмус\57.jpg
✅ CRC OK: P:\Photo\Из Сети\Кристина Асмус\Кристина Асмус\57.jpg (59875ad1)
OK: P:\Photo\Из Сети\Кристина Асмус\Кристина Асмус\58.jpg
✅ CRC OK: P:\Photo\Из Сети\Кристина Асмус\Кристина Асмус\58.jpg (ac9ad887)
OK: P:\Photo\Из Сети\Кристина Асмус\Кристина Асмус\59.jpg
✅ CRC OK: P:\Photo\Из Сети\Кристина Асмус\Кристина Асмус\59.jpg (dbddbe24)
OK: P:\Photo\Из Сети\Кристина Асмус\Кристина Асмус\6.jpg
✅ CRC OK: P:\Photo\Из Сети\Кристина Асмус\Кристина Асмус\6.jpg (674709c4)
OK: P:\Photo\Из Сети\Кристина Асмус\Кристина Асмус\60.jpg
✅ CRC OK: P:\Photo\Из Сети\Кристина Асмус\Кристина Асмус\60.jpg (c61da929)
OK: P:\Photo\Из Сети\Кристина Асмус\Кристина Асмус\61.jpg
✅ CRC OK: P:\Photo\Из Сети\Кристина Асмус\Кристина Асмус\61.jpg (1e727718)
OK: P:\Photo\Из Сети\Кристина Асмус\Кристина Асмус\62.jpg
✅ CRC OK: P:\Photo\Из Сети\Кристина Асмус\Кристина Асмус\62.jpg (b2fec937)
OK: P:\Photo\Из Сети\Кристина Асмус\Кристина Асмус\63.jpg
✅ CRC OK: P:\Photo\Из Сети\Кристина Асмус\Кристина Асмус\63.jpg (720ff600)
OK: P:\Photo\Из Сети\Кристина Асмус\Кристина Асмус\64.jpg
✅ CRC OK: P:\Photo\Из Сети\Кристина Асмус\Кристина Асмус\64.jpg (75754739)
OK: P:\Photo\Из Сети\Кристина Асмус\Кристина Асмус\65.jpg
✅ CRC OK: P:\Photo\Из Сети\Кристина Асмус\Кристина Асмус\65.jpg (8f1858cd)
OK: P:\Photo\Из Сети\Кристина Асмус\Кристина Асмус\66.jpg
✅ CRC OK: P:\Photo\Из Сети\Кристина Асмус\Кристина Асмус\66.jpg (624de7fb)
OK: P:\Photo\Из Сети\Кристина Асмус\Кристина Асмус\67.jpg
✅ CRC OK: P:\Photo\Из Сети\Кристина Асмус\Кристина Асмус\67.jpg (ad15852d)
OK: P:\Photo\Из Сети\Кристина Асмус\Кристина Асмус\68.jpg
✅ CRC OK: P:\Photo\Из Сети\Кристина Асмус\Кристина Асмус\68.jpg (ce13d481)
OK: P:\Photo\Из Сети\Кристина Асмус\Кристина Асмус\69.jpg
✅ CRC OK: P:\Photo\Из Сети\Кристина Асмус\Кристина Асмус\69.jpg (171f7f27)
OK: P:\Photo\Из Сети\Кристина Асмус\Кристина Асмус\7.jpg
✅ CRC OK: P:\Photo\Из Сети\Кристина Асмус\Кристина Асмус\7.jpg (7fa5dc34)
OK: P:\Photo\Из Сети\Кристина Асмус\Кристина Асмус\70.jpg
✅ CRC OK: P:\Photo\Из Сети\Кристина Асмус\Кристина Асмус\70.jpg (a3a94e0f)
OK: P:\Photo\Из Сети\Кристина Асмус\Кристина Асмус\71.jpg
✅ CRC OK: P:\Photo\Из Сети\Кристина Асмус\Кристина Асмус\71.jpg (7727d69c)
OK: P:\Photo\Из Сети\Кристина Асмус\Кристина Асмус\72.jpg
✅ CRC OK: P:\Photo\Из Сети\Кристина Асмус\Кристина Асмус\72.jpg (822975e3)
OK: P:\Photo\Из Сети\Кристина Асмус\Кристина Асмус\73.jpg
✅ CRC OK: P:\Photo\Из Сети\Кристина Асмус\Кристина Асмус\73.jpg (b7afabe2)
OK: P:\Photo\Из Сети\Кристина Асмус\Кристина Асмус\74.jpg
✅ CRC OK: P:\Photo\Из Сети\Кристина Асмус\Кристина Асмус\74.jpg (c8d0c80f)
OK: P:\Photo\Из Сети\Кристина Асмус\Кристина Асмус\75.jpg
✅ CRC OK: P:\Photo\Из Сети\Кристина Асмус\Кристина Асмус\75.jpg (fe3ce3a3)
OK: P:\Photo\Из Сети\Кристина Асмус\Кристина Асмус\76.jpg
✅ CRC OK: P:\Photo\Из Сети\Кристина Асмус\Кристина Асмус\76.jpg (2f650f07)
OK: P:\Photo\Из Сети\Кристина Асмус\Кристина Асмус\77.jpg
✅ CRC OK: P:\Photo\Из Сети\Кристина Асмус\Кристина Асмус\77.jpg (815a6fe8)
OK: P:\Photo\Из Сети\Кристина Асмус\Кристина Асмус\78.jpg
✅ CRC OK: P:\Photo\Из Сети\Кристина Асмус\Кристина Асмус\78.jpg (1a3b9a48)
OK: P:\Photo\Из Сети\Кристина Асмус\Кристина Асмус\79.jpg
✅ CRC OK: P:\Photo\Из Сети\Кристина Асмус\Кристина Асмус\79.jpg (6c70690d)
OK: P:\Photo\Из Сети\Кристина Асмус\Кристина Асмус\8.jpg
✅ CRC OK: P:\Photo\Из Сети\Кристина Асмус\Кристина Асмус\8.jpg (c740bbb7)
OK: P:\Photo\Из Сети\Кристина Асмус\Кристина Асмус\80.jpg
✅ CRC OK: P:\Photo\Из Сети\Кристина Асмус\Кристина Асмус\80.jpg (65dad3d1)
OK: P:\Photo\Из Сети\Кристина Асмус\Кристина Асмус\81.jpg
✅ CRC OK: P:\Photo\Из Сети\Кристина Асмус\Кристина Асмус\81.jpg (138e654b)
OK: P:\Photo\Из Сети\Кристина Асмус\Кристина Асмус\82.jpg
✅ CRC OK: P:\Photo\Из Сети\Кристина Асмус\Кристина Асмус\82.jpg (a1b62465)
OK: P:\Photo\Из Сети\Кристина Асмус\Кристина Асмус\83.jpg
✅ CRC OK: P:\Photo\Из Сети\Кристина Асмус\Кристина Асмус\83.jpg (f4f4cdfb)
OK: P:\Photo\Из Сети\Кристина Асмус\Кристина Асмус\84.jpg
✅ CRC OK: P:\Photo\Из Сети\Кристина Асмус\Кристина Асмус\84.jpg (08701190)
OK: P:\Photo\Из Сети\Кристина Асмус\Кристина Асмус\85.jpg
✅ CRC OK: P:\Photo\Из Сети\Кристина Асмус\Кристина Асмус\85.jpg (1b40ba52)
OK: P:\Photo\Из Сети\Кристина Асмус\Кристина Асмус\86.jpg
✅ CRC OK: P:\Photo\Из Сети\Кристина Асмус\Кристина Асмус\86.jpg (d379e02f)
OK: P:\Photo\Из Сети\Кристина Асмус\Кристина Асмус\87.jpg
✅ CRC OK: P:\Photo\Из Сети\Кристина Асмус\Кристина Асмус\87.jpg (5ce6901d)
OK: P:\Photo\Из Сети\Кристина Асмус\Кристина Асмус\88.jpg
✅ CRC OK: P:\Photo\Из Сети\Кристина Асмус\Кристина Асмус\88.jpg (2c1de94e)
OK: P:\Photo\Из Сети\Кристина Асмус\Кристина Асмус\89.jpg
✅ CRC OK: P:\Photo\Из Сети\Кристина Асмус\Кристина Асмус\89.jpg (0fe3ed4c)
OK: P:\Photo\Из Сети\Кристина Асмус\Кристина Асмус\9.jpg
✅ CRC OK: P:\Photo\Из Сети\Кристина Асмус\Кристина Асмус\9.jpg (6027c0f2)
OK: P:\Photo\Из Сети\Кристина Асмус\Кристина Асмус\90.jpg
✅ CRC OK: P:\Photo\Из Сети\Кристина Асмус\Кристина Асмус\90.jpg (eea31775)
OK: P:\Photo\Из Сети\Кристина Асмус\Кристина Асмус\91.jpg
✅ CRC OK: P:\Photo\Из Сети\Кристина Асмус\Кристина Асмус\91.jpg (6d7f8d5a)
OK: P:\Photo\Из Сети\Кристина Асмус\Кристина Асмус\92.jpg
✅ CRC OK: P:\Photo\Из Сети\Кристина Асмус\Кристина Асмус\92.jpg (3cee01b5)
OK: P:\Photo\Из Сети\Кристина Асмус\Кристина Асмус\93.jpg
✅ CRC OK: P:\Photo\Из Сети\Кристина Асмус\Кристина Асмус\93.jpg (2944466c)
OK: P:\Photo\Из Сети\Кристина Асмус\Кристина Асмус\94.jpg
✅ CRC OK: P:\Photo\Из Сети\Кристина Асмус\Кристина Асмус\94.jpg (a368f1ce)
OK: P:\Photo\Из Сети\Кристина Асмус\Кристина Асмус\95.jpg
✅ CRC OK: P:\Photo\Из Сети\Кристина Асмус\Кристина Асмус\95.jpg (f96d8d4f)
OK: P:\Photo\Из Сети\Кристина Асмус\Кристина Асмус\96.jpg
✅ CRC OK: P:\Photo\Из Сети\Кристина Асмус\Кристина Асмус\96.jpg (aa72a108)
OK: P:\Photo\Из Сети\Кристина Асмус\Кристина Асмус\97.jpg
✅ CRC OK: P:\Photo\Из Сети\Кристина Асмус\Кристина Асмус\97.jpg (bc178cb6)
OK: P:\Photo\Из Сети\Кристина Асмус\Кристина Асмус\98.jpg
✅ CRC OK: P:\Photo\Из Сети\Кристина Асмус\Кристина Асмус\98.jpg (453edd9f)
OK: P:\Photo\Из Сети\Кристина Асмус\Кристина Асмус\99.jpg
✅ CRC OK: P:\Photo\Из Сети\Кристина Асмус\Кристина Асмус\99.jpg (f6bb277e)
OK: P:\Photo\Из Сети\Леля
OK: P:\Photo\Из Сети\Леля\x_0ebafc1b.jpg
✅ CRC OK: P:\Photo\Из Сети\Леля\x_0ebafc1b.jpg (7c391911)
OK: P:\Photo\Из Сети\Леля\x_194aff4d.jpg
✅ CRC OK: P:\Photo\Из Сети\Леля\x_194aff4d.jpg (9d227b41)
OK: P:\Photo\Из Сети\Леля\x_2757ecba.jpg
✅ CRC OK: P:\Photo\Из Сети\Леля\x_2757ecba.jpg (fc034b43)
OK: P:\Photo\Из Сети\Леля\x_29233ac5.jpg
✅ CRC OK: P:\Photo\Из Сети\Леля\x_29233ac5.jpg (5f1a0a1f)
OK: P:\Photo\Из Сети\Леля\x_2b73524a.jpg
✅ CRC OK: P:\Photo\Из Сети\Леля\x_2b73524a.jpg (c8f968c2)
OK: P:\Photo\Из Сети\Леля\x_3932ed08.jpg
✅ CRC OK: P:\Photo\Из Сети\Леля\x_3932ed08.jpg (b2aa8370)
OK: P:\Photo\Из Сети\Леля\x_42b24b43.jpg
✅ CRC OK: P:\Photo\Из Сети\Леля\x_42b24b43.jpg (027e82b3)
OK: P:\Photo\Из Сети\Леля\x_47cdf6c5.jpg
✅ CRC OK: P:\Photo\Из Сети\Леля\x_47cdf6c5.jpg (0547c394)
OK: P:\Photo\Из Сети\Леля\x_51eb8067.jpg
✅ CRC OK: P:\Photo\Из Сети\Леля\x_51eb8067.jpg (2b054503)
OK: P:\Photo\Из Сети\Леля\x_572f36b6.jpg
✅ CRC OK: P:\Photo\Из Сети\Леля\x_572f36b6.jpg (3127a295)
OK: P:\Photo\Из Сети\Леля\x_5741e6cb.jpg
✅ CRC OK: P:\Photo\Из Сети\Леля\x_5741e6cb.jpg (d1dee8cc)
OK: P:\Photo\Из Сети\Леля\x_595b6da1.jpg
✅ CRC OK: P:\Photo\Из Сети\Леля\x_595b6da1.jpg (10df9b5e)
OK: P:\Photo\Из Сети\Леля\x_5c70671e.jpg
✅ CRC OK: P:\Photo\Из Сети\Леля\x_5c70671e.jpg (0e505f9a)
OK: P:\Photo\Из Сети\Леля\x_85459795.jpg
✅ CRC OK: P:\Photo\Из Сети\Леля\x_85459795.jpg (da7baa1a)
OK: P:\Photo\Из Сети\Леля\x_90dbb16c.jpg
✅ CRC OK: P:\Photo\Из Сети\Леля\x_90dbb16c.jpg (fc607329)
OK: P:\Photo\Из Сети\Леля\x_98c10026.jpg
✅ CRC OK: P:\Photo\Из Сети\Леля\x_98c10026.jpg (268c774f)
OK: P:\Photo\Из Сети\Леля\x_9b205109.jpg
✅ CRC OK: P:\Photo\Из Сети\Леля\x_9b205109.jpg (8092b7e1)
OK: P:\Photo\Из Сети\Леля\x_a1439990.jpg
✅ CRC OK: P:\Photo\Из Сети\Леля\x_a1439990.jpg (12354a9c)
OK: P:\Photo\Из Сети\Леля\x_a45ef2b1.jpg
✅ CRC OK: P:\Photo\Из Сети\Леля\x_a45ef2b1.jpg (13b4129b)
OK: P:\Photo\Из Сети\Леля\x_a8236980.jpg
✅ CRC OK: P:\Photo\Из Сети\Леля\x_a8236980.jpg (81373101)
OK: P:\Photo\Из Сети\Леля\x_b1aee592.jpg
✅ CRC OK: P:\Photo\Из Сети\Леля\x_b1aee592.jpg (ac1d03f5)
OK: P:\Photo\Из Сети\Леля\x_b9aa103c.jpg
✅ CRC OK: P:\Photo\Из Сети\Леля\x_b9aa103c.jpg (31995647)
OK: P:\Photo\Из Сети\Леля\x_ba08bbab.jpg
✅ CRC OK: P:\Photo\Из Сети\Леля\x_ba08bbab.jpg (2cf8d0c8)
OK: P:\Photo\Из Сети\Леля\x_be42d3e9.jpg
✅ CRC OK: P:\Photo\Из Сети\Леля\x_be42d3e9.jpg (4024f5ee)
OK: P:\Photo\Из Сети\Леля\x_c779855e.jpg
✅ CRC OK: P:\Photo\Из Сети\Леля\x_c779855e.jpg (bf106336)
OK: P:\Photo\Из Сети\Леля\x_cabee186.jpg
✅ CRC OK: P:\Photo\Из Сети\Леля\x_cabee186.jpg (a0662de5)
OK: P:\Photo\Из Сети\Леля\x_d0c846cb.jpg
✅ CRC OK: P:\Photo\Из Сети\Леля\x_d0c846cb.jpg (5d354ce4)
OK: P:\Photo\Из Сети\Леля\x_d53ba6ba.jpg
✅ CRC OK: P:\Photo\Из Сети\Леля\x_d53ba6ba.jpg (bac5f312)
OK: P:\Photo\Из Сети\Леля\x_d5f5a96e.jpg
✅ CRC OK: P:\Photo\Из Сети\Леля\x_d5f5a96e.jpg (a44811d3)
OK: P:\Photo\Из Сети\Леля\x_da03057a.jpg
✅ CRC OK: P:\Photo\Из Сети\Леля\x_da03057a.jpg (deeb751d)
OK: P:\Photo\Из Сети\Леля\x_db86bfcf.jpg
✅ CRC OK: P:\Photo\Из Сети\Леля\x_db86bfcf.jpg (1c4964b0)
OK: P:\Photo\Из Сети\Леля\x_e750d5d1.jpg
✅ CRC OK: P:\Photo\Из Сети\Леля\x_e750d5d1.jpg (4de378d6)
OK: P:\Photo\Из Сети\Леля\x_ea801080.jpg
✅ CRC OK: P:\Photo\Из Сети\Леля\x_ea801080.jpg (b1924380)
OK: P:\Photo\Из Сети\Леля\x_ec06ef96.jpg
✅ CRC OK: P:\Photo\Из Сети\Леля\x_ec06ef96.jpg (35037072)
OK: P:\Photo\Из Сети\Леля\x_ece73106.jpg
✅ CRC OK: P:\Photo\Из Сети\Леля\x_ece73106.jpg (f073d4a5)
OK: P:\Photo\Из Сети\Леля\x_f14a502b.jpg
✅ CRC OK: P:\Photo\Из Сети\Леля\x_f14a502b.jpg (2f08464d)
OK: P:\Photo\Из Сети\Малиночка
OK: P:\Photo\Из Сети\Малиночка\1564.jpg
✅ CRC OK: P:\Photo\Из Сети\Малиночка\1564.jpg (5fee0ec8)
OK: P:\Photo\Из Сети\Малиночка\DSC00740.JPG
✅ CRC OK: P:\Photo\Из Сети\Малиночка\DSC00740.JPG (976c12dc)
OK: P:\Photo\Из Сети\Малиночка\DSC00753.JPG
✅ CRC OK: P:\Photo\Из Сети\Малиночка\DSC00753.JPG (e3d2d581)
OK: P:\Photo\Из Сети\Малиночка\DSC00988.JPG
✅ CRC OK: P:\Photo\Из Сети\Малиночка\DSC00988.JPG (0819c5de)
OK: P:\Photo\Из Сети\Малиночка\DSC01064.JPG
✅ CRC OK: P:\Photo\Из Сети\Малиночка\DSC01064.JPG (6ed5b2d1)
OK: P:\Photo\Из Сети\Малиночка\DSC01073.JPG
✅ CRC OK: P:\Photo\Из Сети\Малиночка\DSC01073.JPG (bee5b25a)
OK: P:\Photo\Из Сети\Малиночка\DSC01080.JPG
✅ CRC OK: P:\Photo\Из Сети\Малиночка\DSC01080.JPG (b89fdc44)
OK: P:\Photo\Из Сети\Малиночка\DSC01081.JPG
✅ CRC OK: P:\Photo\Из Сети\Малиночка\DSC01081.JPG (7fd3981e)
OK: P:\Photo\Из Сети\Малиночка\IMG0028A.jpg
✅ CRC OK: P:\Photo\Из Сети\Малиночка\IMG0028A.jpg (994ae427)
OK: P:\Photo\Из Сети\Малиночка\PA180023.JPG
✅ CRC OK: P:\Photo\Из Сети\Малиночка\PA180023.JPG (c5ea7388)
OK: P:\Photo\Из Сети\Малиночка\PA180024.JPG
✅ CRC OK: P:\Photo\Из Сети\Малиночка\PA180024.JPG (b948c49c)
OK: P:\Photo\Из Сети\Малиночка\PA250009.JPG
✅ CRC OK: P:\Photo\Из Сети\Малиночка\PA250009.JPG (3522ed12)
OK: P:\Photo\Из Сети\Малиночка\PA250026.JPG
✅ CRC OK: P:\Photo\Из Сети\Малиночка\PA250026.JPG (56b8e21b)
OK: P:\Photo\Из Сети\Малиночка\PA250028.JPG
✅ CRC OK: P:\Photo\Из Сети\Малиночка\PA250028.JPG (888c297f)
OK: P:\Photo\Из Сети\Малиночка\PA250030.JPG
✅ CRC OK: P:\Photo\Из Сети\Малиночка\PA250030.JPG (9054bf54)
OK: P:\Photo\Из Сети\Малиночка\PA250032.JPG
✅ CRC OK: P:\Photo\Из Сети\Малиночка\PA250032.JPG (63aa0c6f)
OK: P:\Photo\Из Сети\Малиночка\PC289071.JPG
✅ CRC OK: P:\Photo\Из Сети\Малиночка\PC289071.JPG (c71c1a6d)
OK: P:\Photo\Из Сети\Малиночка\x_4690a910.jpg
✅ CRC OK: P:\Photo\Из Сети\Малиночка\x_4690a910.jpg (d53c4a3a)
OK: P:\Photo\Из Сети\Малиночка\Ангелочек.jpg
✅ CRC OK: P:\Photo\Из Сети\Малиночка\Ангелочек.jpg (f6f12deb)
OK: P:\Photo\Из Сети\Малиночка\Золушка.jpg
✅ CRC OK: P:\Photo\Из Сети\Малиночка\Золушка.jpg (e66b1b19)
OK: P:\Photo\Из Сети\Малиночка\Инжек.Лекция по политэкономии.jpg
✅ CRC OK: P:\Photo\Из Сети\Малиночка\Инжек.Лекция по политэкономии.jpg (a62e9fa2)
OK: P:\Photo\Из Сети\Малиночка\Катрин!Культурология.jpg
✅ CRC OK: P:\Photo\Из Сети\Малиночка\Катрин!Культурология.jpg (5a94280b)
OK: P:\Photo\Из Сети\Малиночка\Ну это я как вы догадались)).jpg
✅ CRC OK: P:\Photo\Из Сети\Малиночка\Ну это я как вы догадались)).jpg (fdba431c)
OK: P:\Photo\Из Сети\Малиночка\Охренено.JPG
✅ CRC OK: P:\Photo\Из Сети\Малиночка\Охренено.JPG (7b3b3765)
OK: P:\Photo\Из Сети\Малиночка\Подсолнух.jpg
✅ CRC OK: P:\Photo\Из Сети\Малиночка\Подсолнух.jpg (111fb58a)
OK: P:\Photo\Из Сети\Малиночка\Танец Зонтики=).jpg
✅ CRC OK: P:\Photo\Из Сети\Малиночка\Танец Зонтики=).jpg (6bdca114)
OK: P:\Photo\Из Сети\Малиночка\У Юлечки в гостях.jpg
✅ CRC OK: P:\Photo\Из Сети\Малиночка\У Юлечки в гостях.jpg (977645cf)
OK: P:\Photo\Из Сети\Малиночка\Я кушаю мороженое.jpg
✅ CRC OK: P:\Photo\Из Сети\Малиночка\Я кушаю мороженое.jpg (f7c39bfc)
OK: P:\Photo\Из Сети\Машенька
OK: P:\Photo\Из Сети\Машенька\0810855f9b07-gthumb-gwdata1600-gfitdatamax.jpg
✅ CRC OK: P:\Photo\Из Сети\Машенька\0810855f9b07-gthumb-gwdata1600-gfitdatamax.jpg (9fdb3864)
OK: P:\Photo\Из Сети\Машенька\14240603_975617252567845_1698386036_n-gthumb-gwdata1600-gfitdatamax.jpg
✅ CRC OK: P:\Photo\Из Сети\Машенька\14240603_975617252567845_1698386036_n-gthumb-gwdata1600-gfitdatamax.jpg (61134dd7)
OK: P:\Photo\Из Сети\Машенька\1920sx.webp
✅ CRC OK: P:\Photo\Из Сети\Машенька\1920sx.webp (78c6d4a5)
OK: P:\Photo\Из Сети\Машенька\1920x.webp
✅ CRC OK: P:\Photo\Из Сети\Машенька\1920x.webp (4e4b6339)
OK: P:\Photo\Из Сети\Машенька\192sd0x.webp
✅ CRC OK: P:\Photo\Из Сети\Машенька\192sd0x.webp (4e566b0c)
OK: P:\Photo\Из Сети\Машенька\192в0x.webp
✅ CRC OK: P:\Photo\Из Сети\Машенька\192в0x.webp (3580f7cc)
OK: P:\Photo\Из Сети\Машенька\1s920x.webp
✅ CRC OK: P:\Photo\Из Сети\Машенька\1s920x.webp (869a3fa6)
OK: P:\Photo\Из Сети\Машенька\28294_1-gthumb-gwdata1600-gfitdatamax.jpg
✅ CRC OK: P:\Photo\Из Сети\Машенька\28294_1-gthumb-gwdata1600-gfitdatamax.jpg (54389d01)
OK: P:\Photo\Из Сети\Машенька\335343286-gthumb-gwdata1600-gfitdatamax.jpg
✅ CRC OK: P:\Photo\Из Сети\Машенька\335343286-gthumb-gwdata1600-gfitdatamax.jpg (4f32d61a)
OK: P:\Photo\Из Сети\Машенька\59b2426b_3741_ee54_3741_ee1a174b3ae8.photo.0-gthumb-gwdata1600-gfitdatamax.jpg
✅ CRC OK: P:\Photo\Из Сети\Машенька\59b2426b_3741_ee54_3741_ee1a174b3ae8.photo.0-gthumb-gwdata1600-gfitdatamax.jpg (307b4497)
OK: P:\Photo\Из Сети\Машенька\6-gthumb-gwdata1600-gfitdatamax.jpg
✅ CRC OK: P:\Photo\Из Сети\Машенька\6-gthumb-gwdata1600-gfitdatamax.jpg (221b7863)
OK: P:\Photo\Из Сети\Машенька\677837.jpg
✅ CRC OK: P:\Photo\Из Сети\Машенька\677837.jpg (7e375672)
OK: P:\Photo\Из Сети\Машенька\677851.jpg
✅ CRC OK: P:\Photo\Из Сети\Машенька\677851.jpg (7765942c)
OK: P:\Photo\Из Сети\Машенька\677880.jpg
✅ CRC OK: P:\Photo\Из Сети\Машенька\677880.jpg (24817ad2)
OK: P:\Photo\Из Сети\Машенька\677881.jpg
✅ CRC OK: P:\Photo\Из Сети\Машенька\677881.jpg (d673f80c)
OK: P:\Photo\Из Сети\Машенька\677884.jpg
✅ CRC OK: P:\Photo\Из Сети\Машенька\677884.jpg (81a48b62)
OK: P:\Photo\Из Сети\Машенька\677887.jpg
✅ CRC OK: P:\Photo\Из Сети\Машенька\677887.jpg (483240c9)
OK: P:\Photo\Из Сети\Машенька\67a7799185-gthumb-gwdata1600-gfitdatamax.jpg
✅ CRC OK: P:\Photo\Из Сети\Машенька\67a7799185-gthumb-gwdata1600-gfitdatamax.jpg (8e712307)
OK: P:\Photo\Из Сети\Машенька\83892882-49799178777-gthumb-gwdata1600-gfitdatamax.jpg
✅ CRC OK: P:\Photo\Из Сети\Машенька\83892882-49799178777-gthumb-gwdata1600-gfitdatamax.jpg (21f588b1)
OK: P:\Photo\Из Сети\Машенька\937527.jpg
✅ CRC OK: P:\Photo\Из Сети\Машенька\937527.jpg (2d159dd7)
OK: P:\Photo\Из Сети\Машенька\937531.jpg
✅ CRC OK: P:\Photo\Из Сети\Машенька\937531.jpg (ce5107c5)
OK: P:\Photo\Из Сети\Машенька\937536.jpg
✅ CRC OK: P:\Photo\Из Сети\Машенька\937536.jpg (379c6539)
OK: P:\Photo\Из Сети\Машенька\Anna_Hilkevich_6-gthumb-gwdata1600-gfitdatamax.jpg
✅ CRC OK: P:\Photo\Из Сети\Машенька\Anna_Hilkevich_6-gthumb-gwdata1600-gfitdatamax.jpg (cf73399b)
OK: P:\Photo\Из Сети\Машенька\Hilkevich_1500x1000-gthumb-gwdata1600-gfitdatamax.jpg
✅ CRC OK: P:\Photo\Из Сети\Машенька\Hilkevich_1500x1000-gthumb-gwdata1600-gfitdatamax.jpg (a5f2e63c)
OK: P:\Photo\Из Сети\Машенька\_20160229_1412177899-gthumb-gwdata1600-gfitdatamax.jpg
✅ CRC OK: P:\Photo\Из Сети\Машенька\_20160229_1412177899-gthumb-gwdata1600-gfitdatamax.jpg (221e7f71)
OK: P:\Photo\Из Сети\Машенька\anna-hilkevich39.jpg
✅ CRC OK: P:\Photo\Из Сети\Машенька\anna-hilkevich39.jpg (53b9c418)
OK: P:\Photo\Из Сети\Машенька\anna-hilkevich7-1024x652.jpg
✅ CRC OK: P:\Photo\Из Сети\Машенька\anna-hilkevich7-1024x652.jpg (5f06d78f)
OK: P:\Photo\Из Сети\Машенька\anna_hilkevich_pokazala_soblaznitelnye_foto_s_rozovym_flamingo_iz_basseyna_1-gthumb-gwdata1600-gfitdatamax.jpg
✅ CRC OK: P:\Photo\Из Сети\Машенька\anna_hilkevich_pokazala_soblaznitelnye_foto_s_rozovym_flamingo_iz_basseyna_1-gthumb-gwdata1600-gfitdatamax.jpg (7113ac7e)
OK: P:\Photo\Из Сети\Машенька\anna_khilkevich_11_02-gthumb-gwdata1600-gfitdatamax.jpg
✅ CRC OK: P:\Photo\Из Сети\Машенька\anna_khilkevich_11_02-gthumb-gwdata1600-gfitdatamax.jpg (078b02d6)
OK: P:\Photo\Из Сети\Машенька\anna_khilkevich_18-gthumb-gwdata1600-gfitdatamax.jpg
✅ CRC OK: P:\Photo\Из Сети\Машенька\anna_khilkevich_18-gthumb-gwdata1600-gfitdatamax.jpg (6670f2e0)
OK: P:\Photo\Из Сети\Машенька\bef6559adcd2c92e41af6b16109c30c6-gthumb-gwdata1600-gfitdatamax.jpg
✅ CRC OK: P:\Photo\Из Сети\Машенька\bef6559adcd2c92e41af6b16109c30c6-gthumb-gwdata1600-gfitdatamax.jpg (6ce67bca)
OK: P:\Photo\Из Сети\Машенька\khilkevich-anna-golaya-34.jpg
✅ CRC OK: P:\Photo\Из Сети\Машенька\khilkevich-anna-golaya-34.jpg (972cf924)
OK: P:\Photo\Из Сети\Машенька\khilkevich_8_03-gthumb-gwdata1600-gfitdatamax.jpg
✅ CRC OK: P:\Photo\Из Сети\Машенька\khilkevich_8_03-gthumb-gwdata1600-gfitdatamax.jpg (f397b39f)
OK: P:\Photo\Из Сети\Машенька\offi.maryy_1704952837000.jpeg
✅ CRC OK: P:\Photo\Из Сети\Машенька\offi.maryy_1704952837000.jpeg (8e28695e)
OK: P:\Photo\Из Сети\Машенька\offi.maryy_1704952883264.jpeg
✅ CRC OK: P:\Photo\Из Сети\Машенька\offi.maryy_1704952883264.jpeg (3e4871c0)
OK: P:\Photo\Из Сети\Машенька\offi.maryy_1704952928814.jpeg
✅ CRC OK: P:\Photo\Из Сети\Машенька\offi.maryy_1704952928814.jpeg (5ba17786)
OK: P:\Photo\Из Сети\Машенька\offi.maryy_1704953002256.jpeg
✅ CRC OK: P:\Photo\Из Сети\Машенька\offi.maryy_1704953002256.jpeg (e2fb098f)
OK: P:\Photo\Из Сети\Машенька\offi.maryy_1704953061374.jpeg
✅ CRC OK: P:\Photo\Из Сети\Машенька\offi.maryy_1704953061374.jpeg (80b1380d)
OK: P:\Photo\Из Сети\Машенька\offi.maryy_1704953195641.jpeg
✅ CRC OK: P:\Photo\Из Сети\Машенька\offi.maryy_1704953195641.jpeg (5a6a8fa1)
OK: P:\Photo\Из Сети\Машенька\offi.maryy_1704953220336.jpeg
✅ CRC OK: P:\Photo\Из Сети\Машенька\offi.maryy_1704953220336.jpeg (c2de1150)
OK: P:\Photo\Из Сети\Машенька\orig.jpg
✅ CRC OK: P:\Photo\Из Сети\Машенька\orig.jpg (57d81e5b)
OK: P:\Photo\Из Сети\МойСайт
OK: P:\Photo\Из Сети\МойСайт\b-baton
OK: P:\Photo\Из Сети\МойСайт\b-baton\180.html
✅ CRC OK: P:\Photo\Из Сети\МойСайт\b-baton\180.html (3f42700c)
OK: P:\Photo\Из Сети\МойСайт\b-baton\183.rar
✅ CRC OK: P:\Photo\Из Сети\МойСайт\b-baton\183.rar (5d12a6db)
OK: P:\Photo\Из Сети\МойСайт\b-baton\1A.html
✅ CRC OK: P:\Photo\Из Сети\МойСайт\b-baton\1A.html (69d24656)
OK: P:\Photo\Из Сети\МойСайт\b-baton\2.html
✅ CRC OK: P:\Photo\Из Сети\МойСайт\b-baton\2.html (37768bd7)
OK: P:\Photo\Из Сети\МойСайт\b-baton\A.html
✅ CRC OK: P:\Photo\Из Сети\МойСайт\b-baton\A.html (5f3cb0f9)
OK: P:\Photo\Из Сети\МойСайт\b-baton\AVP.html
✅ CRC OK: P:\Photo\Из Сети\МойСайт\b-baton\AVP.html (ec4fa806)
OK: P:\Photo\Из Сети\МойСайт\b-baton\Bat.html
✅ CRC OK: P:\Photo\Из Сети\МойСайт\b-baton\Bat.html (a4292e81)
OK: P:\Photo\Из Сети\МойСайт\b-baton\Books
OK: P:\Photo\Из Сети\МойСайт\b-baton\Books.html
✅ CRC OK: P:\Photo\Из Сети\МойСайт\b-baton\Books.html (c4464705)
OK: P:\Photo\Из Сети\МойСайт\b-baton\Books\A.rar
✅ CRC OK: P:\Photo\Из Сети\МойСайт\b-baton\Books\A.rar (43410573)
OK: P:\Photo\Из Сети\МойСайт\b-baton\Books\ASM1.rar
✅ CRC OK: P:\Photo\Из Сети\МойСайт\b-baton\Books\ASM1.rar (6834833e)
OK: P:\Photo\Из Сети\МойСайт\b-baton\Books\DOS.rar
✅ CRC OK: P:\Photo\Из Сети\МойСайт\b-baton\Books\DOS.rar (7638bd84)
OK: P:\Photo\Из Сети\МойСайт\b-baton\Books\H1.rar
✅ CRC OK: P:\Photo\Из Сети\МойСайт\b-baton\Books\H1.rar (a00c6235)
OK: P:\Photo\Из Сети\МойСайт\b-baton\Books\Hack-Hunt.rar
✅ CRC OK: P:\Photo\Из Сети\МойСайт\b-baton\Books\Hack-Hunt.rar (7d679c74)
OK: P:\Photo\Из Сети\МойСайт\b-baton\Books\Hack.rar
✅ CRC OK: P:\Photo\Из Сети\МойСайт\b-baton\Books\Hack.rar (11faa169)
OK: P:\Photo\Из Сети\МойСайт\b-baton\Books\J.rar
✅ CRC OK: P:\Photo\Из Сети\МойСайт\b-baton\Books\J.rar (31ad9e61)
OK: P:\Photo\Из Сети\МойСайт\b-baton\Books\Lection.rar
✅ CRC OK: P:\Photo\Из Сети\МойСайт\b-baton\Books\Lection.rar (1ea9ba03)
OK: P:\Photo\Из Сети\МойСайт\b-baton\Books\MSDOS1.rar
✅ CRC OK: P:\Photo\Из Сети\МойСайт\b-baton\Books\MSDOS1.rar (315103c7)
OK: P:\Photo\Из Сети\МойСайт\b-baton\Books\P.rar
✅ CRC OK: P:\Photo\Из Сети\МойСайт\b-baton\Books\P.rar (5e88e4df)
OK: P:\Photo\Из Сети\МойСайт\b-baton\Books\Slov.rar
✅ CRC OK: P:\Photo\Из Сети\МойСайт\b-baton\Books\Slov.rar (ca89503f)
OK: P:\Photo\Из Сети\МойСайт\b-baton\Books\V.rar
✅ CRC OK: P:\Photo\Из Сети\МойСайт\b-baton\Books\V.rar (80133a5b)
OK: P:\Photo\Из Сети\МойСайт\b-baton\Books\VGW32.rar
✅ CRC OK: P:\Photo\Из Сети\МойСайт\b-baton\Books\VGW32.rar (80aa7a09)
OK: P:\Photo\Из Сети\МойСайт\b-baton\Books\Virstory.rar
✅ CRC OK: P:\Photo\Из Сети\МойСайт\b-baton\Books\Virstory.rar (3b2b8dda)
OK: P:\Photo\Из Сети\МойСайт\b-baton\Books\W.rar
✅ CRC OK: P:\Photo\Из Сети\МойСайт\b-baton\Books\W.rar (0dbf1976)
OK: P:\Photo\Из Сети\МойСайт\b-baton\Books\asmtut52.rar
✅ CRC OK: P:\Photo\Из Сети\МойСайт\b-baton\Books\asmtut52.rar (e40b4cf4)
OK: P:\Photo\Из Сети\МойСайт\b-baton\Books\c.rar
✅ CRC OK: P:\Photo\Из Сети\МойСайт\b-baton\Books\c.rar (5f128d28)
OK: P:\Photo\Из Сети\МойСайт\b-baton\Books\e.rar
✅ CRC OK: P:\Photo\Из Сети\МойСайт\b-baton\Books\e.rar (18dc1ee0)
OK: P:\Photo\Из Сети\МойСайт\b-baton\Books\ida.rar
✅ CRC OK: P:\Photo\Из Сети\МойСайт\b-baton\Books\ida.rar (af3ce908)
OK: P:\Photo\Из Сети\МойСайт\b-baton\Books\kak_napisat_virus.rar
✅ CRC OK: P:\Photo\Из Сети\МойСайт\b-baton\Books\kak_napisat_virus.rar (2e3f6aad)
OK: P:\Photo\Из Сети\МойСайт\b-baton\Books\msdos2.rar
✅ CRC OK: P:\Photo\Из Сети\МойСайт\b-baton\Books\msdos2.rar (c3eae1e4)
OK: P:\Photo\Из Сети\МойСайт\b-baton\Books\program.rar
✅ CRC OK: P:\Photo\Из Сети\МойСайт\b-baton\Books\program.rar (5a6aacd4)
OK: P:\Photo\Из Сети\МойСайт\b-baton\Books\sovety.rar
✅ CRC OK: P:\Photo\Из Сети\МойСайт\b-baton\Books\sovety.rar (e21d0f95)
OK: P:\Photo\Из Сети\МойСайт\b-baton\Books\sprav.rar
✅ CRC OK: P:\Photo\Из Сети\МойСайт\b-baton\Books\sprav.rar (b822e6b2)
OK: P:\Photo\Из Сети\МойСайт\b-baton\Books\u.rar
✅ CRC OK: P:\Photo\Из Сети\МойСайт\b-baton\Books\u.rar (219d2059)
OK: P:\Photo\Из Сети\МойСайт\b-baton\Books\vir.rar
✅ CRC OK: P:\Photo\Из Сети\МойСайт\b-baton\Books\vir.rar (6e88e244)
OK: P:\Photo\Из Сети\МойСайт\b-baton\Brut.html
✅ CRC OK: P:\Photo\Из Сети\МойСайт\b-baton\Brut.html (bce0eab2)
OK: P:\Photo\Из Сети\МойСайт\b-baton\C.html
✅ CRC OK: P:\Photo\Из Сети\МойСайт\b-baton\C.html (3f066fae)
OK: P:\Photo\Из Сети\МойСайт\b-baton\CGI.html
✅ CRC OK: P:\Photo\Из Сети\МойСайт\b-baton\CGI.html (2f6ddb87)
OK: P:\Photo\Из Сети\МойСайт\b-baton\CI.rar
✅ CRC OK: P:\Photo\Из Сети\МойСайт\b-baton\CI.rar (2cd63bb0)
OK: P:\Photo\Из Сети\МойСайт\b-baton\CromeoB1024C20.jpg
✅ CRC OK: P:\Photo\Из Сети\МойСайт\b-baton\CromeoB1024C20.jpg (d9b6dc21)
OK: P:\Photo\Из Сети\МойСайт\b-baton\D.html
✅ CRC OK: P:\Photo\Из Сети\МойСайт\b-baton\D.html (04bfc7d5)
OK: P:\Photo\Из Сети\МойСайт\b-baton\Entry.rar
✅ CRC OK: P:\Photo\Из Сети\МойСайт\b-baton\Entry.rar (20b406d1)
OK: P:\Photo\Из Сети\МойСайт\b-baton\Ftp.rar
✅ CRC OK: P:\Photo\Из Сети\МойСайт\b-baton\Ftp.rar (912a2362)
OK: P:\Photo\Из Сети\МойСайт\b-baton\HS.html
✅ CRC OK: P:\Photo\Из Сети\МойСайт\b-baton\HS.html (485a9573)
OK: P:\Photo\Из Сети\МойСайт\b-baton\Hack-soft.html
✅ CRC OK: P:\Photo\Из Сети\МойСайт\b-baton\Hack-soft.html (c7200665)
OK: P:\Photo\Из Сети\МойСайт\b-baton\I.html
✅ CRC OK: P:\Photo\Из Сети\МойСайт\b-baton\I.html (d1165aaf)
OK: P:\Photo\Из Сети\МойСайт\b-baton\Info
OK: P:\Photo\Из Сети\МойСайт\b-baton\Info.html
✅ CRC OK: P:\Photo\Из Сети\МойСайт\b-baton\Info.html (f7d60310)
OK: P:\Photo\Из Сети\МойСайт\b-baton\Info1.html
✅ CRC OK: P:\Photo\Из Сети\МойСайт\b-baton\Info1.html (17e332de)
OK: P:\Photo\Из Сети\МойСайт\b-baton\Info\180.html
✅ CRC OK: P:\Photo\Из Сети\МойСайт\b-baton\Info\180.html (3f42700c)
OK: P:\Photo\Из Сети\МойСайт\b-baton\Info\2.html
✅ CRC OK: P:\Photo\Из Сети\МойСайт\b-baton\Info\2.html (37768bd7)
OK: P:\Photo\Из Сети\МойСайт\b-baton\Info\4201.html
✅ CRC OK: P:\Photo\Из Сети\МойСайт\b-baton\Info\4201.html (05f3acc9)
OK: P:\Photo\Из Сети\МойСайт\b-baton\Info\4210.html
✅ CRC OK: P:\Photo\Из Сети\МойСайт\b-baton\Info\4210.html (bc4ad5dd)
OK: P:\Photo\Из Сети\МойСайт\b-baton\Info\A.html
✅ CRC OK: P:\Photo\Из Сети\МойСайт\b-baton\Info\A.html (5f3cb0f9)
OK: P:\Photo\Из Сети\МойСайт\b-baton\Info\AVP.html
✅ CRC OK: P:\Photo\Из Сети\МойСайт\b-baton\Info\AVP.html (ec4fa806)
OK: P:\Photo\Из Сети\МойСайт\b-baton\Info\Bat.html
✅ CRC OK: P:\Photo\Из Сети\МойСайт\b-baton\Info\Bat.html (a4292e81)
OK: P:\Photo\Из Сети\МойСайт\b-baton\Info\C.html
✅ CRC OK: P:\Photo\Из Сети\МойСайт\b-baton\Info\C.html (3f066fae)
OK: P:\Photo\Из Сети\МойСайт\b-baton\Info\CGI.html
✅ CRC OK: P:\Photo\Из Сети\МойСайт\b-baton\Info\CGI.html (2f6ddb87)
OK: P:\Photo\Из Сети\МойСайт\b-baton\Info\Comp.html
✅ CRC OK: P:\Photo\Из Сети\МойСайт\b-baton\Info\Comp.html (8e7028c9)
OK: P:\Photo\Из Сети\МойСайт\b-baton\Info\Cr-Cd.html
✅ CRC OK: P:\Photo\Из Сети\МойСайт\b-baton\Info\Cr-Cd.html (af78cbf3)
OK: P:\Photo\Из Сети\МойСайт\b-baton\Info\D.html
✅ CRC OK: P:\Photo\Из Сети\МойСайт\b-baton\Info\D.html (04bfc7d5)
OK: P:\Photo\Из Сети\МойСайт\b-baton\Info\Dos.html
✅ CRC OK: P:\Photo\Из Сети\МойСайт\b-baton\Info\Dos.html (91d7a262)
OK: P:\Photo\Из Сети\МойСайт\b-baton\Info\E.html
✅ CRC OK: P:\Photo\Из Сети\МойСайт\b-baton\Info\E.html (5c2c1d76)
OK: P:\Photo\Из Сети\МойСайт\b-baton\Info\FAQ.html
✅ CRC OK: P:\Photo\Из Сети\МойСайт\b-baton\Info\FAQ.html (ebf364be)
OK: P:\Photo\Из Сети\МойСайт\b-baton\Info\FAQ1.Html
✅ CRC OK: P:\Photo\Из Сети\МойСайт\b-baton\Info\FAQ1.Html (9dc4321f)
OK: P:\Photo\Из Сети\МойСайт\b-baton\Info\I.html
✅ CRC OK: P:\Photo\Из Сети\МойСайт\b-baton\Info\I.html (d1165aaf)
OK: P:\Photo\Из Сети\МойСайт\b-baton\Info\Inet.htm
✅ CRC OK: P:\Photo\Из Сети\МойСайт\b-baton\Info\Inet.htm (617abab4)
OK: P:\Photo\Из Сети\МойСайт\b-baton\Info\Info1.html
✅ CRC OK: P:\Photo\Из Сети\МойСайт\b-baton\Info\Info1.html (17e332de)
OK: P:\Photo\Из Сети\МойСайт\b-baton\Info\Is.Html
✅ CRC OK: P:\Photo\Из Сети\МойСайт\b-baton\Info\Is.Html (2985c648)
OK: P:\Photo\Из Сети\МойСайт\b-baton\Info\L.html
✅ CRC OK: P:\Photo\Из Сети\МойСайт\b-baton\Info\L.html (ea956498)
OK: P:\Photo\Из Сети\МойСайт\b-baton\Info\Links.html
✅ CRC OK: P:\Photo\Из Сети\МойСайт\b-baton\Info\Links.html (63f8be4e)
OK: P:\Photo\Из Сети\МойСайт\b-baton\Info\Loc.html
✅ CRC OK: P:\Photo\Из Сети\МойСайт\b-baton\Info\Loc.html (7ac11851)
OK: P:\Photo\Из Сети\МойСайт\b-baton\Info\M.html
✅ CRC OK: P:\Photo\Из Сети\МойСайт\b-baton\Info\M.html (89e36220)
OK: P:\Photo\Из Сети\МойСайт\b-baton\Info\Ma.html
✅ CRC OK: P:\Photo\Из Сети\МойСайт\b-baton\Info\Ma.html (693605f9)
OK: P:\Photo\Из Сети\МойСайт\b-baton\Info\Me.html
✅ CRC OK: P:\Photo\Из Сети\МойСайт\b-baton\Info\Me.html (0aa55c00)
OK: P:\Photo\Из Сети\МойСайт\b-baton\Info\Mi.Html
✅ CRC OK: P:\Photo\Из Сети\МойСайт\b-baton\Info\Mi.Html (715d4a7a)
OK: P:\Photo\Из Сети\МойСайт\b-baton\Info\Mirc.html
✅ CRC OK: P:\Photo\Из Сети\МойСайт\b-baton\Info\Mirc.html (252473d5)
OK: P:\Photo\Из Сети\МойСайт\b-baton\Info\Raskr.html
✅ CRC OK: P:\Photo\Из Сети\МойСайт\b-baton\Info\Raskr.html (7a3c653e)
OK: P:\Photo\Из Сети\МойСайт\b-baton\Info\T.html
✅ CRC OK: P:\Photo\Из Сети\МойСайт\b-baton\Info\T.html (4bdadf8f)
OK: P:\Photo\Из Сети\МойСайт\b-baton\Info\Tr.html
✅ CRC OK: P:\Photo\Из Сети\МойСайт\b-baton\Info\Tr.html (ff0a9cbc)
OK: P:\Photo\Из Сети\МойСайт\b-baton\Info\Virus.html
✅ CRC OK: P:\Photo\Из Сети\МойСайт\b-baton\Info\Virus.html (d67ba6f8)
OK: P:\Photo\Из Сети\МойСайт\b-baton\Info\VtoriePasporta.html
✅ CRC OK: P:\Photo\Из Сети\МойСайт\b-baton\Info\VtoriePasporta.html (11f9145e)
OK: P:\Photo\Из Сети\МойСайт\b-baton\Info\VzBat.html
✅ CRC OK: P:\Photo\Из Сети\МойСайт\b-baton\Info\VzBat.html (65383efb)
OK: P:\Photo\Из Сети\МойСайт\b-baton\Info\VzlomNIX.html
✅ CRC OK: P:\Photo\Из Сети\МойСайт\b-baton\Info\VzlomNIX.html (f5dff93b)
OK: P:\Photo\Из Сети\МойСайт\b-baton\Info\W.html
✅ CRC OK: P:\Photo\Из Сети\МойСайт\b-baton\Info\W.html (d41d8cd9)
OK: P:\Photo\Из Сети\МойСайт\b-baton\Info\b.html
✅ CRC OK: P:\Photo\Из Сети\МойСайт\b-baton\Info\b.html (c75bfe55)
OK: P:\Photo\Из Сети\МойСайт\b-baton\Info\vbs.htm
✅ CRC OK: P:\Photo\Из Сети\МойСайт\b-baton\Info\vbs.htm (d41d8cd9)
OK: P:\Photo\Из Сети\МойСайт\b-baton\Info\vs.Html
✅ CRC OK: P:\Photo\Из Сети\МойСайт\b-baton\Info\vs.Html (e173067a)
OK: P:\Photo\Из Сети\МойСайт\b-baton\Info\vz.htm
✅ CRC OK: P:\Photo\Из Сети\МойСайт\b-baton\Info\vz.htm (bd2d0b2d)
OK: P:\Photo\Из Сети\МойСайт\b-baton\Info\vzlom.htm
✅ CRC OK: P:\Photo\Из Сети\МойСайт\b-baton\Info\vzlom.htm (fc7a1304)
OK: P:\Photo\Из Сети\МойСайт\b-baton\Ip.html
✅ CRC OK: P:\Photo\Из Сети\МойСайт\b-baton\Ip.html (e0b5ea2a)
OK: P:\Photo\Из Сети\МойСайт\b-baton\Is.Html
✅ CRC OK: P:\Photo\Из Сети\МойСайт\b-baton\Is.Html (2985c648)
OK: P:\Photo\Из Сети\МойСайт\b-baton\Keylog.html
✅ CRC OK: P:\Photo\Из Сети\МойСайт\b-baton\Keylog.html (4cf88f76)
OK: P:\Photo\Из Сети\МойСайт\b-baton\L.html
✅ CRC OK: P:\Photo\Из Сети\МойСайт\b-baton\L.html (ea956498)
OK: P:\Photo\Из Сети\МойСайт\b-baton\Links.html
✅ CRC OK: P:\Photo\Из Сети\МойСайт\b-baton\Links.html (63f8be4e)
OK: P:\Photo\Из Сети\МойСайт\b-baton\M.html
✅ CRC OK: P:\Photo\Из Сети\МойСайт\b-baton\M.html (89e36220)
OK: P:\Photo\Из Сети\МойСайт\b-baton\Ma.html
✅ CRC OK: P:\Photo\Из Сети\МойСайт\b-baton\Ma.html (693605f9)
OK: P:\Photo\Из Сети\МойСайт\b-baton\Mail.html
✅ CRC OK: P:\Photo\Из Сети\МойСайт\b-baton\Mail.html (b52a5f05)
OK: P:\Photo\Из Сети\МойСайт\b-baton\Me.html
✅ CRC OK: P:\Photo\Из Сети\МойСайт\b-baton\Me.html (0aa55c00)
OK: P:\Photo\Из Сети\МойСайт\b-baton\Mi.Html
✅ CRC OK: P:\Photo\Из Сети\МойСайт\b-baton\Mi.Html (715d4a7a)
OK: P:\Photo\Из Сети\МойСайт\b-baton\Mirc.html
✅ CRC OK: P:\Photo\Из Сети\МойСайт\b-baton\Mirc.html (252473d5)
OK: P:\Photo\Из Сети\МойСайт\b-baton\New.rar
✅ CRC OK: P:\Photo\Из Сети\МойСайт\b-baton\New.rar (18b9db54)
OK: P:\Photo\Из Сети\МойСайт\b-baton\Nuke.html
✅ CRC OK: P:\Photo\Из Сети\МойСайт\b-baton\Nuke.html (7f1d14b4)
OK: P:\Photo\Из Сети\МойСайт\b-baton\PassView.rar
✅ CRC OK: P:\Photo\Из Сети\МойСайт\b-baton\PassView.rar (3098190f)
OK: P:\Photo\Из Сети\МойСайт\b-baton\Sniffer.html
✅ CRC OK: P:\Photo\Из Сети\МойСайт\b-baton\Sniffer.html (a7c48041)
OK: P:\Photo\Из Сети\МойСайт\b-baton\Soft
OK: P:\Photo\Из Сети\МойСайт\b-baton\Soft\Brut
OK: P:\Photo\Из Сети\МойСайт\b-baton\Soft\Brut\Brutus.rar
✅ CRC OK: P:\Photo\Из Сети\МойСайт\b-baton\Soft\Brut\Brutus.rar (1118ae88)
OK: P:\Photo\Из Сети\МойСайт\b-baton\Soft\Brut\FTPHakka.rar
✅ CRC OK: P:\Photo\Из Сети\МойСайт\b-baton\Soft\Brut\FTPHakka.rar (83fa13f6)
OK: P:\Photo\Из Сети\МойСайт\b-baton\Soft\Brut\HackMail.rar
✅ CRC OK: P:\Photo\Из Сети\МойСайт\b-baton\Soft\Brut\HackMail.rar (2eeb9fa1)
OK: P:\Photo\Из Сети\МойСайт\b-baton\Soft\Brut\Passg.rar
✅ CRC OK: P:\Photo\Из Сети\МойСайт\b-baton\Soft\Brut\Passg.rar (45b8622a)
OK: P:\Photo\Из Сети\МойСайт\b-baton\Soft\Brut\Passlist.rar
✅ CRC OK: P:\Photo\Из Сети\МойСайт\b-baton\Soft\Brut\Passlist.rar (8e118166)
OK: P:\Photo\Из Сети\МойСайт\b-baton\Soft\Brut\Xfaktor.rar
✅ CRC OK: P:\Photo\Из Сети\МойСайт\b-baton\Soft\Brut\Xfaktor.rar (7c628195)
OK: P:\Photo\Из Сети\МойСайт\b-baton\Soft\IpScan
OK: P:\Photo\Из Сети\МойСайт\b-baton\Soft\IpScan\183.rar
✅ CRC OK: P:\Photo\Из Сети\МойСайт\b-baton\Soft\IpScan\183.rar (09310965)
OK: P:\Photo\Из Сети\МойСайт\b-baton\Soft\IpScan\Npc.rar
✅ CRC OK: P:\Photo\Из Сети\МойСайт\b-baton\Soft\IpScan\Npc.rar (38f069cd)
OK: P:\Photo\Из Сети\МойСайт\b-baton\Soft\IpScan\X-Scanner
OK: P:\Photo\Из Сети\МойСайт\b-baton\Soft\IpScan\X-Scanner.rar
✅ CRC OK: P:\Photo\Из Сети\МойСайт\b-baton\Soft\IpScan\X-Scanner.rar (f426b238)
OK: P:\Photo\Из Сети\МойСайт\b-baton\Soft\IpScan\X-Scanner\X-scan
OK: P:\Photo\Из Сети\МойСайт\b-baton\Soft\IpScan\X-Scanner\X-scan\X-SCAN.EXE
✅ CRC OK: P:\Photo\Из Сети\МойСайт\b-baton\Soft\IpScan\X-Scanner\X-scan\X-SCAN.EXE (c7830f0d)
OK: P:\Photo\Из Сети\МойСайт\b-baton\Soft\IpScan\abc.rar
✅ CRC OK: P:\Photo\Из Сети\МойСайт\b-baton\Soft\IpScan\abc.rar (d8df2fce)
OK: P:\Photo\Из Сети\МойСайт\b-baton\Soft\IpScan\dcs.rar
✅ CRC OK: P:\Photo\Из Сети\МойСайт\b-baton\Soft\IpScan\dcs.rar (137521f1)
OK: P:\Photo\Из Сети\МойСайт\b-baton\Soft\IpScan\fast.rar
✅ CRC OK: P:\Photo\Из Сети\МойСайт\b-baton\Soft\IpScan\fast.rar (d2a963b0)
OK: P:\Photo\Из Сети\МойСайт\b-baton\Soft\IpScan\m.rar
✅ CRC OK: P:\Photo\Из Сети\МойСайт\b-baton\Soft\IpScan\m.rar (bf364db7)
OK: P:\Photo\Из Сети\МойСайт\b-baton\Soft\IpScan\xs.rar
✅ CRC OK: P:\Photo\Из Сети\МойСайт\b-baton\Soft\IpScan\xs.rar (22bfa474)
OK: P:\Photo\Из Сети\МойСайт\b-baton\Soft\Keylogger
OK: P:\Photo\Из Сети\МойСайт\b-baton\Soft\MailBombers
OK: P:\Photo\Из Сети\МойСайт\b-baton\Soft\MailBombers\DarkMalier20.rar
✅ CRC OK: P:\Photo\Из Сети\МойСайт\b-baton\Soft\MailBombers\DarkMalier20.rar (74132796)
OK: P:\Photo\Из Сети\МойСайт\b-baton\Soft\MailBombers\Richmailer.rar
✅ CRC OK: P:\Photo\Из Сети\МойСайт\b-baton\Soft\MailBombers\Richmailer.rar (eab4832c)
OK: P:\Photo\Из Сети\МойСайт\b-baton\Soft\MailBombers\fbomb.rar
✅ CRC OK: P:\Photo\Из Сети\МойСайт\b-baton\Soft\MailBombers\fbomb.rar (b335c6ca)
OK: P:\Photo\Из Сети\МойСайт\b-baton\Soft\MailBombers\flame.rar
✅ CRC OK: P:\Photo\Из Сети\МойСайт\b-baton\Soft\MailBombers\flame.rar (b3fc0386)
OK: P:\Photo\Из Сети\МойСайт\b-baton\Soft\Nuke
OK: P:\Photo\Из Сети\МойСайт\b-baton\Soft\Nuke\MSNUKE.rar
✅ CRC OK: P:\Photo\Из Сети\МойСайт\b-baton\Soft\Nuke\MSNUKE.rar (a4bb67db)
OK: P:\Photo\Из Сети\МойСайт\b-baton\Soft\Nuke\Nuke.rar
✅ CRC OK: P:\Photo\Из Сети\МойСайт\b-baton\Soft\Nuke\Nuke.rar (a3176931)
OK: P:\Photo\Из Сети\МойСайт\b-baton\Soft\Nuke\igmp.rar
✅ CRC OK: P:\Photo\Из Сети\МойСайт\b-baton\Soft\Nuke\igmp.rar (3671edc7)
OK: P:\Photo\Из Сети\МойСайт\b-baton\Soft\Nuke\nukeit.rar
✅ CRC OK: P:\Photo\Из Сети\МойСайт\b-baton\Soft\Nuke\nukeit.rar (76a5d5cb)
OK: P:\Photo\Из Сети\МойСайт\b-baton\Soft\Nuke\pnuke.rar
✅ CRC OK: P:\Photo\Из Сети\МойСайт\b-baton\Soft\Nuke\pnuke.rar (6c95574e)
OK: P:\Photo\Из Сети\МойСайт\b-baton\Soft\Nuke\smbdie.rar
✅ CRC OK: P:\Photo\Из Сети\МойСайт\b-baton\Soft\Nuke\smbdie.rar (071ce466)
OK: P:\Photo\Из Сети\МойСайт\b-baton\Soft\Sniffer
OK: P:\Photo\Из Сети\МойСайт\b-baton\Soft\Sniffer\WinSniffer.rar
✅ CRC OK: P:\Photo\Из Сети\МойСайт\b-baton\Soft\Sniffer\WinSniffer.rar (8636175f)
OK: P:\Photo\Из Сети\МойСайт\b-baton\Soft\Sniffer\XaviorBeta7.rar
✅ CRC OK: P:\Photo\Из Сети\МойСайт\b-baton\Soft\Sniffer\XaviorBeta7.rar (e312064a)
OK: P:\Photo\Из Сети\МойСайт\b-baton\Soft\Sniffer\Z.rar
✅ CRC OK: P:\Photo\Из Сети\МойСайт\b-baton\Soft\Sniffer\Z.rar (3d71491b)
OK: P:\Photo\Из Сети\МойСайт\b-baton\Soft\Sniffer\activ.rar
✅ CRC OK: P:\Photo\Из Сети\МойСайт\b-baton\Soft\Sniffer\activ.rar (5aa4f191)
OK: P:\Photo\Из Сети\МойСайт\b-baton\Soft\Sniffer\cain25b28.rar
✅ CRC OK: P:\Photo\Из Сети\МойСайт\b-baton\Soft\Sniffer\cain25b28.rar (413ea229)
OK: P:\Photo\Из Сети\МойСайт\b-baton\Soft\Sniffer\gmt150.rar
✅ CRC OK: P:\Photo\Из Сети\МойСайт\b-baton\Soft\Sniffer\gmt150.rar (a7a92baf)
OK: P:\Photo\Из Сети\МойСайт\b-baton\Soft\Trojans
OK: P:\Photo\Из Сети\МойСайт\b-baton\Soft\Trojans\A-l.rar
✅ CRC OK: P:\Photo\Из Сети\МойСайт\b-baton\Soft\Trojans\A-l.rar (f0b2fb94)
OK: P:\Photo\Из Сети\МойСайт\b-baton\Soft\Trojans\DonaldDick.rar
✅ CRC OK: P:\Photo\Из Сети\МойСайт\b-baton\Soft\Trojans\DonaldDick.rar (e52c3035)
OK: P:\Photo\Из Сети\МойСайт\b-baton\Soft\Trojans\GhSpy.rar
✅ CRC OK: P:\Photo\Из Сети\МойСайт\b-baton\Soft\Trojans\GhSpy.rar (1d657804)
OK: P:\Photo\Из Сети\МойСайт\b-baton\Soft\Trojans\LD2.6.rar
✅ CRC OK: P:\Photo\Из Сети\МойСайт\b-baton\Soft\Trojans\LD2.6.rar (79972dde)
OK: P:\Photo\Из Сети\МойСайт\b-baton\Soft\Trojans\Leviathan.rar
✅ CRC OK: P:\Photo\Из Сети\МойСайт\b-baton\Soft\Trojans\Leviathan.rar (9446d427)
OK: P:\Photo\Из Сети\МойСайт\b-baton\Soft\Trojans\M2.rar
✅ CRC OK: P:\Photo\Из Сети\МойСайт\b-baton\Soft\Trojans\M2.rar (42dbd282)
OK: P:\Photo\Из Сети\МойСайт\b-baton\Soft\Trojans\Metro.rar
✅ CRC OK: P:\Photo\Из Сети\МойСайт\b-baton\Soft\Trojans\Metro.rar (ca0b1a6d)
OK: P:\Photo\Из Сети\МойСайт\b-baton\Soft\Trojans\R3c.rar
✅ CRC OK: P:\Photo\Из Сети\МойСайт\b-baton\Soft\Trojans\R3c.rar (c9ec72f9)
OK: P:\Photo\Из Сети\МойСайт\b-baton\Soft\Trojans\Titanium.rar
✅ CRC OK: P:\Photo\Из Сети\МойСайт\b-baton\Soft\Trojans\Titanium.rar (75346443)
OK: P:\Photo\Из Сети\МойСайт\b-baton\Soft\Trojans\a311.rar
✅ CRC OK: P:\Photo\Из Сети\МойСайт\b-baton\Soft\Trojans\a311.rar (391047e5)
OK: P:\Photo\Из Сети\МойСайт\b-baton\Soft\Trojans\bo2k.rar
✅ CRC OK: P:\Photo\Из Сети\МойСайт\b-baton\Soft\Trojans\bo2k.rar (eef8f099)
OK: P:\Photo\Из Сети\МойСайт\b-baton\Soft\Trojans\gip1131.rar
✅ CRC OK: P:\Photo\Из Сети\МойСайт\b-baton\Soft\Trojans\gip1131.rar (59b81ff0)
OK: P:\Photo\Из Сети\МойСайт\b-baton\Soft\Trojans\minild.rar
✅ CRC OK: P:\Photo\Из Сети\МойСайт\b-baton\Soft\Trojans\minild.rar (7347b3ae)
OK: P:\Photo\Из Сети\МойСайт\b-baton\Soft\Trojans\naeb.rar
✅ CRC OK: P:\Photo\Из Сети\МойСайт\b-baton\Soft\Trojans\naeb.rar (57020a20)
OK: P:\Photo\Из Сети\МойСайт\b-baton\Soft\VirGen
OK: P:\Photo\Из Сети\МойСайт\b-baton\Soft\VirGen\Ansi.rar
✅ CRC OK: P:\Photo\Из Сети\МойСайт\b-baton\Soft\VirGen\Ansi.rar (c9d081cc)
OK: P:\Photo\Из Сети\МойСайт\b-baton\Soft\VirGen\Ansimaker.rar
✅ CRC OK: P:\Photo\Из Сети\МойСайт\b-baton\Soft\VirGen\Ansimaker.rar (641bcf8f)
OK: P:\Photo\Из Сети\МойСайт\b-baton\Soft\VirGen\Batch.rar
✅ CRC OK: P:\Photo\Из Сети\МойСайт\b-baton\Soft\VirGen\Batch.rar (9ed5e677)
OK: P:\Photo\Из Сети\МойСайт\b-baton\Soft\VirGen\Constr.rar
✅ CRC OK: P:\Photo\Из Сети\МойСайт\b-baton\Soft\VirGen\Constr.rar (4fced3f5)
OK: P:\Photo\Из Сети\МойСайт\b-baton\Soft\VirGen\TSR.rar
✅ CRC OK: P:\Photo\Из Сети\МойСайт\b-baton\Soft\VirGen\TSR.rar (447e61e9)
OK: P:\Photo\Из Сети\МойСайт\b-baton\Soft\VirGen\V-lab.rar
✅ CRC OK: P:\Photo\Из Сети\МойСайт\b-baton\Soft\VirGen\V-lab.rar (93d17fb7)
OK: P:\Photo\Из Сети\МойСайт\b-baton\Soft\VirGen\VCS.rar
✅ CRC OK: P:\Photo\Из Сети\МойСайт\b-baton\Soft\VirGen\VCS.rar (825cf8d8)
OK: P:\Photo\Из Сети\МойСайт\b-baton\Soft\VirGen\VKT.rar
✅ CRC OK: P:\Photo\Из Сети\МойСайт\b-baton\Soft\VirGen\VKT.rar (be209328)
OK: P:\Photo\Из Сети\МойСайт\b-baton\Soft\VirGen\WWE.rar
✅ CRC OK: P:\Photo\Из Сети\МойСайт\b-baton\Soft\VirGen\WWE.rar (11f7547b)
OK: P:\Photo\Из Сети\МойСайт\b-baton\Soft\VirGen\apocalips.rar
✅ CRC OK: P:\Photo\Из Сети\МойСайт\b-baton\Soft\VirGen\apocalips.rar (67d963ea)
OK: P:\Photo\Из Сети\МойСайт\b-baton\Soft\VirGen\asm.rar
✅ CRC OK: P:\Photo\Из Сети\МойСайт\b-baton\Soft\VirGen\asm.rar (3e78d824)
OK: P:\Photo\Из Сети\МойСайт\b-baton\Soft\VirGen\biohazard.rar
✅ CRC OK: P:\Photo\Из Сети\МойСайт\b-baton\Soft\VirGen\biohazard.rar (550a573d)
OK: P:\Photo\Из Сети\МойСайт\b-baton\Soft\VirGen\cr_worms.rar
✅ CRC OK: P:\Photo\Из Сети\МойСайт\b-baton\Soft\VirGen\cr_worms.rar (f18cbe87)
OK: P:\Photo\Из Сети\МойСайт\b-baton\Soft\VirGen\ewvir.rar
✅ CRC OK: P:\Photo\Из Сети\МойСайт\b-baton\Soft\VirGen\ewvir.rar (4183b8da)
OK: P:\Photo\Из Сети\МойСайт\b-baton\T.html
✅ CRC OK: P:\Photo\Из Сети\МойСайт\b-baton\T.html (4bdadf8f)
OK: P:\Photo\Из Сети\МойСайт\b-baton\Troj.html
✅ CRC OK: P:\Photo\Из Сети\МойСайт\b-baton\Troj.html (0d5154ac)
OK: P:\Photo\Из Сети\МойСайт\b-baton\Virgen.html
✅ CRC OK: P:\Photo\Из Сети\МойСайт\b-baton\Virgen.html (836230f5)
OK: P:\Photo\Из Сети\МойСайт\b-baton\Virii.html
✅ CRC OK: P:\Photo\Из Сети\МойСайт\b-baton\Virii.html (0840c5a1)
OK: P:\Photo\Из Сети\МойСайт\b-baton\Virusez.html
✅ CRC OK: P:\Photo\Из Сети\МойСайт\b-baton\Virusez.html (0f8d66ab)
OK: P:\Photo\Из Сети\МойСайт\b-baton\Xcontr.rar
✅ CRC OK: P:\Photo\Из Сети\МойСайт\b-baton\Xcontr.rar (a208cbe0)
OK: P:\Photo\Из Сети\МойСайт\b-baton\_notes
OK: P:\Photo\Из Сети\МойСайт\b-baton\_notes\mm_entertainment.css.mno
✅ CRC OK: P:\Photo\Из Сети\МойСайт\b-baton\_notes\mm_entertainment.css.mno (d6084bb5)
OK: P:\Photo\Из Сети\МойСайт\b-baton\b.html
✅ CRC OK: P:\Photo\Из Сети\МойСайт\b-baton\b.html (c75bfe55)
OK: P:\Photo\Из Сети\МойСайт\b-baton\ibpk2003.rar
✅ CRC OK: P:\Photo\Из Сети\МойСайт\b-baton\ibpk2003.rar (9c709513)
OK: P:\Photo\Из Сети\МойСайт\b-baton\index.html
✅ CRC OK: P:\Photo\Из Сети\МойСайт\b-baton\index.html (b8678235)
OK: P:\Photo\Из Сети\МойСайт\b-baton\mm_entertainment.css
✅ CRC OK: P:\Photo\Из Сети\МойСайт\b-baton\mm_entertainment.css (dc5266f7)
OK: P:\Photo\Из Сети\МойСайт\b-baton\mm_entertainment_image.jpg
✅ CRC OK: P:\Photo\Из Сети\МойСайт\b-baton\mm_entertainment_image.jpg (579361bd)
OK: P:\Photo\Из Сети\МойСайт\b-baton\mm_spacer.gif
✅ CRC OK: P:\Photo\Из Сети\МойСайт\b-baton\mm_spacer.gif (32547260)
OK: P:\Photo\Из Сети\МойСайт\b-baton\qf.rar
✅ CRC OK: P:\Photo\Из Сети\МойСайт\b-baton\qf.rar (72706f8c)
OK: P:\Photo\Из Сети\МойСайт\b-baton\res2k5_crk.zip
✅ CRC OK: P:\Photo\Из Сети\МойСайт\b-baton\res2k5_crk.zip (44a4422f)
OK: P:\Photo\Из Сети\МойСайт\b-baton\s.rar
✅ CRC OK: P:\Photo\Из Сети\МойСайт\b-baton\s.rar (018937bd)
OK: P:\Photo\Из Сети\МойСайт\b-baton\up.rar
✅ CRC OK: P:\Photo\Из Сети\МойСайт\b-baton\up.rar (f3d45e94)
OK: P:\Photo\Из Сети\МойСайт\b-baton\www.rar
✅ CRC OK: P:\Photo\Из Сети\МойСайт\b-baton\www.rar (ae89645f)
OK: P:\Photo\Из Сети\Мотуз
OK: P:\Photo\Из Сети\Мотуз\[vk] &#10084;_It&#39;s_me_&#10
OK: P:\Photo\Из Сети\Мотуз\[vk] &#10084;_It&#39;s_me_&#10\02855a68.jpg
✅ CRC OK: P:\Photo\Из Сети\Мотуз\[vk] &#10084;_It&#39;s_me_&#10\02855a68.jpg (99dbab12)
OK: P:\Photo\Из Сети\Мотуз\[vk] &#10084;_It&#39;s_me_&#10\053006c2.jpg
✅ CRC OK: P:\Photo\Из Сети\Мотуз\[vk] &#10084;_It&#39;s_me_&#10\053006c2.jpg (da499622)
OK: P:\Photo\Из Сети\Мотуз\[vk] &#10084;_It&#39;s_me_&#10\0640eb1d.jpg
✅ CRC OK: P:\Photo\Из Сети\Мотуз\[vk] &#10084;_It&#39;s_me_&#10\0640eb1d.jpg (bd7a421b)
OK: P:\Photo\Из Сети\Мотуз\[vk] &#10084;_It&#39;s_me_&#10\098f5bde.jpg
✅ CRC OK: P:\Photo\Из Сети\Мотуз\[vk] &#10084;_It&#39;s_me_&#10\098f5bde.jpg (e27931bb)
OK: P:\Photo\Из Сети\Мотуз\[vk] &#10084;_It&#39;s_me_&#10\0ac6e53f.jpg
✅ CRC OK: P:\Photo\Из Сети\Мотуз\[vk] &#10084;_It&#39;s_me_&#10\0ac6e53f.jpg (13a850be)
OK: P:\Photo\Из Сети\Мотуз\[vk] &#10084;_It&#39;s_me_&#10\0dc3ffc3.jpg
✅ CRC OK: P:\Photo\Из Сети\Мотуз\[vk] &#10084;_It&#39;s_me_&#10\0dc3ffc3.jpg (c9fef5af)
OK: P:\Photo\Из Сети\Мотуз\[vk] &#10084;_It&#39;s_me_&#10\117ce93b.jpg
✅ CRC OK: P:\Photo\Из Сети\Мотуз\[vk] &#10084;_It&#39;s_me_&#10\117ce93b.jpg (c2716905)
OK: P:\Photo\Из Сети\Мотуз\[vk] &#10084;_It&#39;s_me_&#10\12732afa.jpg
✅ CRC OK: P:\Photo\Из Сети\Мотуз\[vk] &#10084;_It&#39;s_me_&#10\12732afa.jpg (715491f3)
OK: P:\Photo\Из Сети\Мотуз\[vk] &#10084;_It&#39;s_me_&#10\15ccd312.jpg
✅ CRC OK: P:\Photo\Из Сети\Мотуз\[vk] &#10084;_It&#39;s_me_&#10\15ccd312.jpg (88775204)
OK: P:\Photo\Из Сети\Мотуз\[vk] &#10084;_It&#39;s_me_&#10\1684184c.jpg
✅ CRC OK: P:\Photo\Из Сети\Мотуз\[vk] &#10084;_It&#39;s_me_&#10\1684184c.jpg (abb1d793)
OK: P:\Photo\Из Сети\Мотуз\[vk] &#10084;_It&#39;s_me_&#10\176b4c46.jpg
✅ CRC OK: P:\Photo\Из Сети\Мотуз\[vk] &#10084;_It&#39;s_me_&#10\176b4c46.jpg (5876f54c)
OK: P:\Photo\Из Сети\Мотуз\[vk] &#10084;_It&#39;s_me_&#10\17a9549a.jpg
✅ CRC OK: P:\Photo\Из Сети\Мотуз\[vk] &#10084;_It&#39;s_me_&#10\17a9549a.jpg (fb38cb46)
OK: P:\Photo\Из Сети\Мотуз\[vk] &#10084;_It&#39;s_me_&#10\1de2b462.jpg
✅ CRC OK: P:\Photo\Из Сети\Мотуз\[vk] &#10084;_It&#39;s_me_&#10\1de2b462.jpg (55d9b824)
OK: P:\Photo\Из Сети\Мотуз\[vk] &#10084;_It&#39;s_me_&#10\1e6fca9a.jpg
✅ CRC OK: P:\Photo\Из Сети\Мотуз\[vk] &#10084;_It&#39;s_me_&#10\1e6fca9a.jpg (4abee586)
OK: P:\Photo\Из Сети\Мотуз\[vk] &#10084;_It&#39;s_me_&#10\202c5d50.jpg
✅ CRC OK: P:\Photo\Из Сети\Мотуз\[vk] &#10084;_It&#39;s_me_&#10\202c5d50.jpg (d4c6cf42)
OK: P:\Photo\Из Сети\Мотуз\[vk] &#10084;_It&#39;s_me_&#10\21da75b7.jpg
✅ CRC OK: P:\Photo\Из Сети\Мотуз\[vk] &#10084;_It&#39;s_me_&#10\21da75b7.jpg (8cce181e)
OK: P:\Photo\Из Сети\Мотуз\[vk] &#10084;_It&#39;s_me_&#10\26d41dbb.jpg
✅ CRC OK: P:\Photo\Из Сети\Мотуз\[vk] &#10084;_It&#39;s_me_&#10\26d41dbb.jpg (42fe61a5)
OK: P:\Photo\Из Сети\Мотуз\[vk] &#10084;_It&#39;s_me_&#10\270fabf0.jpg
✅ CRC OK: P:\Photo\Из Сети\Мотуз\[vk] &#10084;_It&#39;s_me_&#10\270fabf0.jpg (bea7e7b2)
OK: P:\Photo\Из Сети\Мотуз\[vk] &#10084;_It&#39;s_me_&#10\27c875ed.jpg
✅ CRC OK: P:\Photo\Из Сети\Мотуз\[vk] &#10084;_It&#39;s_me_&#10\27c875ed.jpg (5eefff67)
OK: P:\Photo\Из Сети\Мотуз\[vk] &#10084;_It&#39;s_me_&#10\28305d1e.jpg
✅ CRC OK: P:\Photo\Из Сети\Мотуз\[vk] &#10084;_It&#39;s_me_&#10\28305d1e.jpg (6a4cd7e0)
OK: P:\Photo\Из Сети\Мотуз\[vk] &#10084;_It&#39;s_me_&#10\324026b4.jpg
✅ CRC OK: P:\Photo\Из Сети\Мотуз\[vk] &#10084;_It&#39;s_me_&#10\324026b4.jpg (6047ffc8)
OK: P:\Photo\Из Сети\Мотуз\[vk] &#10084;_It&#39;s_me_&#10\32dde62f.jpg
✅ CRC OK: P:\Photo\Из Сети\Мотуз\[vk] &#10084;_It&#39;s_me_&#10\32dde62f.jpg (125c09e0)
OK: P:\Photo\Из Сети\Мотуз\[vk] &#10084;_It&#39;s_me_&#10\33e72498.jpg
✅ CRC OK: P:\Photo\Из Сети\Мотуз\[vk] &#10084;_It&#39;s_me_&#10\33e72498.jpg (b2ed757c)
OK: P:\Photo\Из Сети\Мотуз\[vk] &#10084;_It&#39;s_me_&#10\35023318.jpg
✅ CRC OK: P:\Photo\Из Сети\Мотуз\[vk] &#10084;_It&#39;s_me_&#10\35023318.jpg (7bfdbde9)
OK: P:\Photo\Из Сети\Мотуз\[vk] &#10084;_It&#39;s_me_&#10\36858590.jpg
✅ CRC OK: P:\Photo\Из Сети\Мотуз\[vk] &#10084;_It&#39;s_me_&#10\36858590.jpg (0304d90f)
OK: P:\Photo\Из Сети\Мотуз\[vk] &#10084;_It&#39;s_me_&#10\3c83d057.jpg
✅ CRC OK: P:\Photo\Из Сети\Мотуз\[vk] &#10084;_It&#39;s_me_&#10\3c83d057.jpg (23e22190)
OK: P:\Photo\Из Сети\Мотуз\[vk] &#10084;_It&#39;s_me_&#10\3dc09d33.jpg
✅ CRC OK: P:\Photo\Из Сети\Мотуз\[vk] &#10084;_It&#39;s_me_&#10\3dc09d33.jpg (df32562d)
OK: P:\Photo\Из Сети\Мотуз\[vk] &#10084;_It&#39;s_me_&#10\3fde482e.jpg
✅ CRC OK: P:\Photo\Из Сети\Мотуз\[vk] &#10084;_It&#39;s_me_&#10\3fde482e.jpg (c750b228)
OK: P:\Photo\Из Сети\Мотуз\[vk] &#10084;_It&#39;s_me_&#10\426205a6.jpg
✅ CRC OK: P:\Photo\Из Сети\Мотуз\[vk] &#10084;_It&#39;s_me_&#10\426205a6.jpg (7a48f37c)
OK: P:\Photo\Из Сети\Мотуз\[vk] &#10084;_It&#39;s_me_&#10\44d56d38.jpg
✅ CRC OK: P:\Photo\Из Сети\Мотуз\[vk] &#10084;_It&#39;s_me_&#10\44d56d38.jpg (d7028693)
OK: P:\Photo\Из Сети\Мотуз\[vk] &#10084;_It&#39;s_me_&#10\453d13ab.jpg
✅ CRC OK: P:\Photo\Из Сети\Мотуз\[vk] &#10084;_It&#39;s_me_&#10\453d13ab.jpg (bad65427)
OK: P:\Photo\Из Сети\Мотуз\[vk] &#10084;_It&#39;s_me_&#10\47388dcf.jpg
✅ CRC OK: P:\Photo\Из Сети\Мотуз\[vk] &#10084;_It&#39;s_me_&#10\47388dcf.jpg (57bac14e)
OK: P:\Photo\Из Сети\Мотуз\[vk] &#10084;_It&#39;s_me_&#10\4812f4b2.jpg
✅ CRC OK: P:\Photo\Из Сети\Мотуз\[vk] &#10084;_It&#39;s_me_&#10\4812f4b2.jpg (5fb7d17a)
OK: P:\Photo\Из Сети\Мотуз\[vk] &#10084;_It&#39;s_me_&#10\48b27c49.jpg
✅ CRC OK: P:\Photo\Из Сети\Мотуз\[vk] &#10084;_It&#39;s_me_&#10\48b27c49.jpg (42e5d6d2)
OK: P:\Photo\Из Сети\Мотуз\[vk] &#10084;_It&#39;s_me_&#10\48fca9d7.jpg
✅ CRC OK: P:\Photo\Из Сети\Мотуз\[vk] &#10084;_It&#39;s_me_&#10\48fca9d7.jpg (d6fc70ee)
OK: P:\Photo\Из Сети\Мотуз\[vk] &#10084;_It&#39;s_me_&#10\4ccf1af6.jpg
✅ CRC OK: P:\Photo\Из Сети\Мотуз\[vk] &#10084;_It&#39;s_me_&#10\4ccf1af6.jpg (69fd2cf1)
OK: P:\Photo\Из Сети\Мотуз\[vk] &#10084;_It&#39;s_me_&#10\4d26fec9.jpg
✅ CRC OK: P:\Photo\Из Сети\Мотуз\[vk] &#10084;_It&#39;s_me_&#10\4d26fec9.jpg (e34be796)
OK: P:\Photo\Из Сети\Мотуз\[vk] &#10084;_It&#39;s_me_&#10\4f6a2a6a.jpg
✅ CRC OK: P:\Photo\Из Сети\Мотуз\[vk] &#10084;_It&#39;s_me_&#10\4f6a2a6a.jpg (a0669158)
OK: P:\Photo\Из Сети\Мотуз\[vk] &#10084;_It&#39;s_me_&#10\50781ef2.jpg
✅ CRC OK: P:\Photo\Из Сети\Мотуз\[vk] &#10084;_It&#39;s_me_&#10\50781ef2.jpg (301e3aa6)
OK: P:\Photo\Из Сети\Мотуз\[vk] &#10084;_It&#39;s_me_&#10\554513fa.jpg
✅ CRC OK: P:\Photo\Из Сети\Мотуз\[vk] &#10084;_It&#39;s_me_&#10\554513fa.jpg (ca24063b)
OK: P:\Photo\Из Сети\Мотуз\[vk] &#10084;_It&#39;s_me_&#10\5db320c5.jpg
✅ CRC OK: P:\Photo\Из Сети\Мотуз\[vk] &#10084;_It&#39;s_me_&#10\5db320c5.jpg (806772c1)
OK: P:\Photo\Из Сети\Мотуз\[vk] &#10084;_It&#39;s_me_&#10\5f3cb2ba.jpg
✅ CRC OK: P:\Photo\Из Сети\Мотуз\[vk] &#10084;_It&#39;s_me_&#10\5f3cb2ba.jpg (1fd2551c)
OK: P:\Photo\Из Сети\Мотуз\[vk] &#10084;_It&#39;s_me_&#10\65b7cd70.jpg
✅ CRC OK: P:\Photo\Из Сети\Мотуз\[vk] &#10084;_It&#39;s_me_&#10\65b7cd70.jpg (5f970fba)
OK: P:\Photo\Из Сети\Мотуз\[vk] &#10084;_It&#39;s_me_&#10\6a1e6f7a.jpg
✅ CRC OK: P:\Photo\Из Сети\Мотуз\[vk] &#10084;_It&#39;s_me_&#10\6a1e6f7a.jpg (67b15736)
OK: P:\Photo\Из Сети\Мотуз\[vk] &#10084;_It&#39;s_me_&#10\714bb4b4.jpg
✅ CRC OK: P:\Photo\Из Сети\Мотуз\[vk] &#10084;_It&#39;s_me_&#10\714bb4b4.jpg (6f9f640b)
OK: P:\Photo\Из Сети\Мотуз\[vk] &#10084;_It&#39;s_me_&#10\73217631.jpg
✅ CRC OK: P:\Photo\Из Сети\Мотуз\[vk] &#10084;_It&#39;s_me_&#10\73217631.jpg (e74fd8c7)
OK: P:\Photo\Из Сети\Мотуз\[vk] &#10084;_It&#39;s_me_&#10\7734f895.jpg
✅ CRC OK: P:\Photo\Из Сети\Мотуз\[vk] &#10084;_It&#39;s_me_&#10\7734f895.jpg (9b4b133f)
OK: P:\Photo\Из Сети\Мотуз\[vk] &#10084;_It&#39;s_me_&#10\78c7b4c8.jpg
✅ CRC OK: P:\Photo\Из Сети\Мотуз\[vk] &#10084;_It&#39;s_me_&#10\78c7b4c8.jpg (1747a065)
OK: P:\Photo\Из Сети\Мотуз\[vk] &#10084;_It&#39;s_me_&#10\78dfdad2.jpg
✅ CRC OK: P:\Photo\Из Сети\Мотуз\[vk] &#10084;_It&#39;s_me_&#10\78dfdad2.jpg (8bb61cd6)
OK: P:\Photo\Из Сети\Мотуз\[vk] &#10084;_It&#39;s_me_&#10\7a232108.jpg
✅ CRC OK: P:\Photo\Из Сети\Мотуз\[vk] &#10084;_It&#39;s_me_&#10\7a232108.jpg (1373839c)
OK: P:\Photo\Из Сети\Мотуз\[vk] &#10084;_It&#39;s_me_&#10\7b4b041f.jpg
✅ CRC OK: P:\Photo\Из Сети\Мотуз\[vk] &#10084;_It&#39;s_me_&#10\7b4b041f.jpg (a6c41c99)
OK: P:\Photo\Из Сети\Мотуз\[vk] &#10084;_It&#39;s_me_&#10\7ed5f03d.jpg
✅ CRC OK: P:\Photo\Из Сети\Мотуз\[vk] &#10084;_It&#39;s_me_&#10\7ed5f03d.jpg (0f7340c6)
OK: P:\Photo\Из Сети\Мотуз\[vk] &#10084;_It&#39;s_me_&#10\7f79f111.jpg
✅ CRC OK: P:\Photo\Из Сети\Мотуз\[vk] &#10084;_It&#39;s_me_&#10\7f79f111.jpg (21f4d2f9)
OK: P:\Photo\Из Сети\Мотуз\[vk] &#10084;_It&#39;s_me_&#10\8008104b.jpg
✅ CRC OK: P:\Photo\Из Сети\Мотуз\[vk] &#10084;_It&#39;s_me_&#10\8008104b.jpg (a67985f1)
OK: P:\Photo\Из Сети\Мотуз\[vk] &#10084;_It&#39;s_me_&#10\832a2ef9.jpg
✅ CRC OK: P:\Photo\Из Сети\Мотуз\[vk] &#10084;_It&#39;s_me_&#10\832a2ef9.jpg (ac613301)
OK: P:\Photo\Из Сети\Мотуз\[vk] &#10084;_It&#39;s_me_&#10\837cf513.jpg
✅ CRC OK: P:\Photo\Из Сети\Мотуз\[vk] &#10084;_It&#39;s_me_&#10\837cf513.jpg (7cc379b6)
OK: P:\Photo\Из Сети\Мотуз\[vk] &#10084;_It&#39;s_me_&#10\8a9866f5.jpg
✅ CRC OK: P:\Photo\Из Сети\Мотуз\[vk] &#10084;_It&#39;s_me_&#10\8a9866f5.jpg (7598c8c5)
OK: P:\Photo\Из Сети\Мотуз\[vk] &#10084;_It&#39;s_me_&#10\9018d257.jpg
✅ CRC OK: P:\Photo\Из Сети\Мотуз\[vk] &#10084;_It&#39;s_me_&#10\9018d257.jpg (bab2cdfa)
OK: P:\Photo\Из Сети\Мотуз\[vk] &#10084;_It&#39;s_me_&#10\9a611715.jpg
✅ CRC OK: P:\Photo\Из Сети\Мотуз\[vk] &#10084;_It&#39;s_me_&#10\9a611715.jpg (b327dfa1)
OK: P:\Photo\Из Сети\Мотуз\[vk] &#10084;_It&#39;s_me_&#10\9fa4873a.jpg
✅ CRC OK: P:\Photo\Из Сети\Мотуз\[vk] &#10084;_It&#39;s_me_&#10\9fa4873a.jpg (1000a5a8)
OK: P:\Photo\Из Сети\Мотуз\[vk] &#10084;_It&#39;s_me_&#10\a21315da.jpg
✅ CRC OK: P:\Photo\Из Сети\Мотуз\[vk] &#10084;_It&#39;s_me_&#10\a21315da.jpg (ef6ab254)
OK: P:\Photo\Из Сети\Мотуз\[vk] &#10084;_It&#39;s_me_&#10\a582342a.jpg
✅ CRC OK: P:\Photo\Из Сети\Мотуз\[vk] &#10084;_It&#39;s_me_&#10\a582342a.jpg (33ade5a1)
OK: P:\Photo\Из Сети\Мотуз\[vk] &#10084;_It&#39;s_me_&#10\a78930be.jpg
✅ CRC OK: P:\Photo\Из Сети\Мотуз\[vk] &#10084;_It&#39;s_me_&#10\a78930be.jpg (e06dcb1e)
OK: P:\Photo\Из Сети\Мотуз\[vk] &#10084;_It&#39;s_me_&#10\a86bd80b.jpg
✅ CRC OK: P:\Photo\Из Сети\Мотуз\[vk] &#10084;_It&#39;s_me_&#10\a86bd80b.jpg (8ad09a7e)
OK: P:\Photo\Из Сети\Мотуз\[vk] &#10084;_It&#39;s_me_&#10\af23fc45.jpg
✅ CRC OK: P:\Photo\Из Сети\Мотуз\[vk] &#10084;_It&#39;s_me_&#10\af23fc45.jpg (bcd7acb0)
OK: P:\Photo\Из Сети\Мотуз\[vk] &#10084;_It&#39;s_me_&#10\b002354e.jpg
✅ CRC OK: P:\Photo\Из Сети\Мотуз\[vk] &#10084;_It&#39;s_me_&#10\b002354e.jpg (79fd43c5)
OK: P:\Photo\Из Сети\Мотуз\[vk] &#10084;_It&#39;s_me_&#10\b0b021a1.jpg
✅ CRC OK: P:\Photo\Из Сети\Мотуз\[vk] &#10084;_It&#39;s_me_&#10\b0b021a1.jpg (63ec8f87)
OK: P:\Photo\Из Сети\Мотуз\[vk] &#10084;_It&#39;s_me_&#10\b16a41d8.jpg
✅ CRC OK: P:\Photo\Из Сети\Мотуз\[vk] &#10084;_It&#39;s_me_&#10\b16a41d8.jpg (400b557f)
OK: P:\Photo\Из Сети\Мотуз\[vk] &#10084;_It&#39;s_me_&#10\b2243f01.jpg
✅ CRC OK: P:\Photo\Из Сети\Мотуз\[vk] &#10084;_It&#39;s_me_&#10\b2243f01.jpg (9a7f92c2)
OK: P:\Photo\Из Сети\Мотуз\[vk] &#10084;_It&#39;s_me_&#10\b26487d9.jpg
✅ CRC OK: P:\Photo\Из Сети\Мотуз\[vk] &#10084;_It&#39;s_me_&#10\b26487d9.jpg (c3285780)
OK: P:\Photo\Из Сети\Мотуз\[vk] &#10084;_It&#39;s_me_&#10\b308e7d3.jpg
✅ CRC OK: P:\Photo\Из Сети\Мотуз\[vk] &#10084;_It&#39;s_me_&#10\b308e7d3.jpg (7d306b29)
OK: P:\Photo\Из Сети\Мотуз\[vk] &#10084;_It&#39;s_me_&#10\b9291177.jpg
✅ CRC OK: P:\Photo\Из Сети\Мотуз\[vk] &#10084;_It&#39;s_me_&#10\b9291177.jpg (778f5dbb)
OK: P:\Photo\Из Сети\Мотуз\[vk] &#10084;_It&#39;s_me_&#10\bd760fbf.jpg
✅ CRC OK: P:\Photo\Из Сети\Мотуз\[vk] &#10084;_It&#39;s_me_&#10\bd760fbf.jpg (7db62579)
OK: P:\Photo\Из Сети\Мотуз\[vk] &#10084;_It&#39;s_me_&#10\bfb5762c.jpg
✅ CRC OK: P:\Photo\Из Сети\Мотуз\[vk] &#10084;_It&#39;s_me_&#10\bfb5762c.jpg (6824b53d)
OK: P:\Photo\Из Сети\Мотуз\[vk] &#10084;_It&#39;s_me_&#10\c55fc7e7.jpg
✅ CRC OK: P:\Photo\Из Сети\Мотуз\[vk] &#10084;_It&#39;s_me_&#10\c55fc7e7.jpg (0763e886)
OK: P:\Photo\Из Сети\Мотуз\[vk] &#10084;_It&#39;s_me_&#10\c5842a87.jpg
✅ CRC OK: P:\Photo\Из Сети\Мотуз\[vk] &#10084;_It&#39;s_me_&#10\c5842a87.jpg (c0de0ea8)
OK: P:\Photo\Из Сети\Мотуз\[vk] &#10084;_It&#39;s_me_&#10\c6cfc06b.jpg
✅ CRC OK: P:\Photo\Из Сети\Мотуз\[vk] &#10084;_It&#39;s_me_&#10\c6cfc06b.jpg (070a60ce)
OK: P:\Photo\Из Сети\Мотуз\[vk] &#10084;_It&#39;s_me_&#10\ce28c725.jpg
✅ CRC OK: P:\Photo\Из Сети\Мотуз\[vk] &#10084;_It&#39;s_me_&#10\ce28c725.jpg (c3b33d62)
OK: P:\Photo\Из Сети\Мотуз\[vk] &#10084;_It&#39;s_me_&#10\d0dceab1.jpg
✅ CRC OK: P:\Photo\Из Сети\Мотуз\[vk] &#10084;_It&#39;s_me_&#10\d0dceab1.jpg (4efea822)
OK: P:\Photo\Из Сети\Мотуз\[vk] &#10084;_It&#39;s_me_&#10\d7f0d9fa.jpg
✅ CRC OK: P:\Photo\Из Сети\Мотуз\[vk] &#10084;_It&#39;s_me_&#10\d7f0d9fa.jpg (9145dfd1)
OK: P:\Photo\Из Сети\Мотуз\[vk] &#10084;_It&#39;s_me_&#10\d87bf83e.jpg
✅ CRC OK: P:\Photo\Из Сети\Мотуз\[vk] &#10084;_It&#39;s_me_&#10\d87bf83e.jpg (007c340f)
OK: P:\Photo\Из Сети\Мотуз\[vk] &#10084;_It&#39;s_me_&#10\d92246f6.jpg
✅ CRC OK: P:\Photo\Из Сети\Мотуз\[vk] &#10084;_It&#39;s_me_&#10\d92246f6.jpg (b7c82b9a)
OK: P:\Photo\Из Сети\Мотуз\[vk] &#10084;_It&#39;s_me_&#10\dbb6a3a3.jpg
✅ CRC OK: P:\Photo\Из Сети\Мотуз\[vk] &#10084;_It&#39;s_me_&#10\dbb6a3a3.jpg (fab547b4)
OK: P:\Photo\Из Сети\Мотуз\[vk] &#10084;_It&#39;s_me_&#10\e20c4895.jpg
✅ CRC OK: P:\Photo\Из Сети\Мотуз\[vk] &#10084;_It&#39;s_me_&#10\e20c4895.jpg (60fdd034)
OK: P:\Photo\Из Сети\Мотуз\[vk] &#10084;_It&#39;s_me_&#10\e2e7a2a4.jpg
✅ CRC OK: P:\Photo\Из Сети\Мотуз\[vk] &#10084;_It&#39;s_me_&#10\e2e7a2a4.jpg (e9871657)
OK: P:\Photo\Из Сети\Мотуз\[vk] &#10084;_It&#39;s_me_&#10\e4d99208.jpg
✅ CRC OK: P:\Photo\Из Сети\Мотуз\[vk] &#10084;_It&#39;s_me_&#10\e4d99208.jpg (eb6227eb)
OK: P:\Photo\Из Сети\Мотуз\[vk] &#10084;_It&#39;s_me_&#10\e5aac73e.jpg
✅ CRC OK: P:\Photo\Из Сети\Мотуз\[vk] &#10084;_It&#39;s_me_&#10\e5aac73e.jpg (1676c10d)
OK: P:\Photo\Из Сети\Мотуз\[vk] &#10084;_It&#39;s_me_&#10\e61ce2c5.jpg
✅ CRC OK: P:\Photo\Из Сети\Мотуз\[vk] &#10084;_It&#39;s_me_&#10\e61ce2c5.jpg (4f2c2fbd)
OK: P:\Photo\Из Сети\Мотуз\[vk] &#10084;_It&#39;s_me_&#10\ea2ab747.jpg
✅ CRC OK: P:\Photo\Из Сети\Мотуз\[vk] &#10084;_It&#39;s_me_&#10\ea2ab747.jpg (2c27a4da)
OK: P:\Photo\Из Сети\Мотуз\[vk] &#10084;_It&#39;s_me_&#10\ebb8a5dd.jpg
✅ CRC OK: P:\Photo\Из Сети\Мотуз\[vk] &#10084;_It&#39;s_me_&#10\ebb8a5dd.jpg (c17498e7)
OK: P:\Photo\Из Сети\Мотуз\[vk] &#10084;_It&#39;s_me_&#10\ee216fa7.jpg
✅ CRC OK: P:\Photo\Из Сети\Мотуз\[vk] &#10084;_It&#39;s_me_&#10\ee216fa7.jpg (54ef5cb1)
OK: P:\Photo\Из Сети\Мотуз\[vk] &#10084;_It&#39;s_me_&#10\ee617b09.jpg
✅ CRC OK: P:\Photo\Из Сети\Мотуз\[vk] &#10084;_It&#39;s_me_&#10\ee617b09.jpg (123e33cd)
OK: P:\Photo\Из Сети\Мотуз\[vk] &#10084;_It&#39;s_me_&#10\ef674012.jpg
✅ CRC OK: P:\Photo\Из Сети\Мотуз\[vk] &#10084;_It&#39;s_me_&#10\ef674012.jpg (ac4de317)
OK: P:\Photo\Из Сети\Мотуз\[vk] &#10084;_It&#39;s_me_&#10\f0c62c17.jpg
✅ CRC OK: P:\Photo\Из Сети\Мотуз\[vk] &#10084;_It&#39;s_me_&#10\f0c62c17.jpg (c4e09e02)
OK: P:\Photo\Из Сети\Мотуз\[vk] &#10084;_It&#39;s_me_&#10\f38b9b22.jpg
✅ CRC OK: P:\Photo\Из Сети\Мотуз\[vk] &#10084;_It&#39;s_me_&#10\f38b9b22.jpg (4be5436d)
OK: P:\Photo\Из Сети\Мотуз\[vk] &#10084;_It&#39;s_me_&#10\f8754fe2.jpg
✅ CRC OK: P:\Photo\Из Сети\Мотуз\[vk] &#10084;_It&#39;s_me_&#10\f8754fe2.jpg (91aa6d40)
OK: P:\Photo\Из Сети\Мотуз\[vk] &#10084;_It&#39;s_me_&#10\f975c709.jpg
✅ CRC OK: P:\Photo\Из Сети\Мотуз\[vk] &#10084;_It&#39;s_me_&#10\f975c709.jpg (c49f3905)
OK: P:\Photo\Из Сети\Мотуз\[vk] &#10084;_It&#39;s_me_&#10\fa833615.jpg
✅ CRC OK: P:\Photo\Из Сети\Мотуз\[vk] &#10084;_It&#39;s_me_&#10\fa833615.jpg (e03b5d00)
OK: P:\Photo\Из Сети\Мотуз\[vk] &#10084;_It&#39;s_me_&#10\fd11cba8.jpg
✅ CRC OK: P:\Photo\Из Сети\Мотуз\[vk] &#10084;_It&#39;s_me_&#10\fd11cba8.jpg (b443c47e)
OK: P:\Photo\Из Сети\Мотуз\[vk] &#9733;Инжек&#9733;
OK: P:\Photo\Из Сети\Мотуз\[vk] &#9733;Инжек&#9733;\00f53b62.jpg
✅ CRC OK: P:\Photo\Из Сети\Мотуз\[vk] &#9733;Инжек&#9733;\00f53b62.jpg (04a050dd)
OK: P:\Photo\Из Сети\Мотуз\[vk] &#9733;Инжек&#9733;\0268cc75.jpg
✅ CRC OK: P:\Photo\Из Сети\Мотуз\[vk] &#9733;Инжек&#9733;\0268cc75.jpg (0326276c)
OK: P:\Photo\Из Сети\Мотуз\[vk] &#9733;Инжек&#9733;\09e6c294.jpg
✅ CRC OK: P:\Photo\Из Сети\Мотуз\[vk] &#9733;Инжек&#9733;\09e6c294.jpg (2d192a3d)
OK: P:\Photo\Из Сети\Мотуз\[vk] &#9733;Инжек&#9733;\0b83beeb.jpg
✅ CRC OK: P:\Photo\Из Сети\Мотуз\[vk] &#9733;Инжек&#9733;\0b83beeb.jpg (4edfdcdf)
OK: P:\Photo\Из Сети\Мотуз\[vk] &#9733;Инжек&#9733;\1156ebf6.jpg
✅ CRC OK: P:\Photo\Из Сети\Мотуз\[vk] &#9733;Инжек&#9733;\1156ebf6.jpg (b2a9f66e)
OK: P:\Photo\Из Сети\Мотуз\[vk] &#9733;Инжек&#9733;\1641632a.jpg
✅ CRC OK: P:\Photo\Из Сети\Мотуз\[vk] &#9733;Инжек&#9733;\1641632a.jpg (0f062fe6)
OK: P:\Photo\Из Сети\Мотуз\[vk] &#9733;Инжек&#9733;\17492af9.jpg
✅ CRC OK: P:\Photo\Из Сети\Мотуз\[vk] &#9733;Инжек&#9733;\17492af9.jpg (c81933c6)
OK: P:\Photo\Из Сети\Мотуз\[vk] &#9733;Инжек&#9733;\17546afc.jpg
✅ CRC OK: P:\Photo\Из Сети\Мотуз\[vk] &#9733;Инжек&#9733;\17546afc.jpg (d2282707)
OK: P:\Photo\Из Сети\Мотуз\[vk] &#9733;Инжек&#9733;\207cab8f.jpg
✅ CRC OK: P:\Photo\Из Сети\Мотуз\[vk] &#9733;Инжек&#9733;\207cab8f.jpg (28e1a71e)
OK: P:\Photo\Из Сети\Мотуз\[vk] &#9733;Инжек&#9733;\34e4b3a2.jpg
✅ CRC OK: P:\Photo\Из Сети\Мотуз\[vk] &#9733;Инжек&#9733;\34e4b3a2.jpg (690aa3f9)
OK: P:\Photo\Из Сети\Мотуз\[vk] &#9733;Инжек&#9733;\369d5e3e.jpg
✅ CRC OK: P:\Photo\Из Сети\Мотуз\[vk] &#9733;Инжек&#9733;\369d5e3e.jpg (2ecea0b3)
OK: P:\Photo\Из Сети\Мотуз\[vk] &#9733;Инжек&#9733;\38bf5120.jpg
✅ CRC OK: P:\Photo\Из Сети\Мотуз\[vk] &#9733;Инжек&#9733;\38bf5120.jpg (7ffe9a6b)
OK: P:\Photo\Из Сети\Мотуз\[vk] &#9733;Инжек&#9733;\42e2eaa6.jpg
✅ CRC OK: P:\Photo\Из Сети\Мотуз\[vk] &#9733;Инжек&#9733;\42e2eaa6.jpg (54ba7cee)
OK: P:\Photo\Из Сети\Мотуз\[vk] &#9733;Инжек&#9733;\4e711d86.jpg
✅ CRC OK: P:\Photo\Из Сети\Мотуз\[vk] &#9733;Инжек&#9733;\4e711d86.jpg (dc6a9718)
OK: P:\Photo\Из Сети\Мотуз\[vk] &#9733;Инжек&#9733;\50735d76.jpg
✅ CRC OK: P:\Photo\Из Сети\Мотуз\[vk] &#9733;Инжек&#9733;\50735d76.jpg (54312fb4)
OK: P:\Photo\Из Сети\Мотуз\[vk] &#9733;Инжек&#9733;\547def0c.jpg
✅ CRC OK: P:\Photo\Из Сети\Мотуз\[vk] &#9733;Инжек&#9733;\547def0c.jpg (5f5b2062)
OK: P:\Photo\Из Сети\Мотуз\[vk] &#9733;Инжек&#9733;\56aa9165.jpg
✅ CRC OK: P:\Photo\Из Сети\Мотуз\[vk] &#9733;Инжек&#9733;\56aa9165.jpg (da1afe8d)
OK: P:\Photo\Из Сети\Мотуз\[vk] &#9733;Инжек&#9733;\57f70bb4.jpg
✅ CRC OK: P:\Photo\Из Сети\Мотуз\[vk] &#9733;Инжек&#9733;\57f70bb4.jpg (96ef673b)
OK: P:\Photo\Из Сети\Мотуз\[vk] &#9733;Инжек&#9733;\59df35dc.jpg
✅ CRC OK: P:\Photo\Из Сети\Мотуз\[vk] &#9733;Инжек&#9733;\59df35dc.jpg (fcf8b1ca)
OK: P:\Photo\Из Сети\Мотуз\[vk] &#9733;Инжек&#9733;\5aa973a2.jpg
✅ CRC OK: P:\Photo\Из Сети\Мотуз\[vk] &#9733;Инжек&#9733;\5aa973a2.jpg (df7d3a05)
OK: P:\Photo\Из Сети\Мотуз\[vk] &#9733;Инжек&#9733;\5b0d9630.jpg
✅ CRC OK: P:\Photo\Из Сети\Мотуз\[vk] &#9733;Инжек&#9733;\5b0d9630.jpg (243fd791)
OK: P:\Photo\Из Сети\Мотуз\[vk] &#9733;Инжек&#9733;\5d30d832.jpg
✅ CRC OK: P:\Photo\Из Сети\Мотуз\[vk] &#9733;Инжек&#9733;\5d30d832.jpg (7376442b)
OK: P:\Photo\Из Сети\Мотуз\[vk] &#9733;Инжек&#9733;\669f771b.jpg
✅ CRC OK: P:\Photo\Из Сети\Мотуз\[vk] &#9733;Инжек&#9733;\669f771b.jpg (2734677d)
OK: P:\Photo\Из Сети\Мотуз\[vk] &#9733;Инжек&#9733;\6b3ac70e.jpg
✅ CRC OK: P:\Photo\Из Сети\Мотуз\[vk] &#9733;Инжек&#9733;\6b3ac70e.jpg (28b1bf35)
OK: P:\Photo\Из Сети\Мотуз\[vk] &#9733;Инжек&#9733;\73083269.jpg
✅ CRC OK: P:\Photo\Из Сети\Мотуз\[vk] &#9733;Инжек&#9733;\73083269.jpg (32eec91f)
OK: P:\Photo\Из Сети\Мотуз\[vk] &#9733;Инжек&#9733;\76817836.jpg
✅ CRC OK: P:\Photo\Из Сети\Мотуз\[vk] &#9733;Инжек&#9733;\76817836.jpg (93de4947)
OK: P:\Photo\Из Сети\Мотуз\[vk] &#9733;Инжек&#9733;\77c6e51b.jpg
✅ CRC OK: P:\Photo\Из Сети\Мотуз\[vk] &#9733;Инжек&#9733;\77c6e51b.jpg (da6f2e20)
OK: P:\Photo\Из Сети\Мотуз\[vk] &#9733;Инжек&#9733;\787993ab.jpg
✅ CRC OK: P:\Photo\Из Сети\Мотуз\[vk] &#9733;Инжек&#9733;\787993ab.jpg (e998be5c)
OK: P:\Photo\Из Сети\Мотуз\[vk] &#9733;Инжек&#9733;\893bef7f.jpg
✅ CRC OK: P:\Photo\Из Сети\Мотуз\[vk] &#9733;Инжек&#9733;\893bef7f.jpg (078b8755)
OK: P:\Photo\Из Сети\Мотуз\[vk] &#9733;Инжек&#9733;\89e689a9.jpg
✅ CRC OK: P:\Photo\Из Сети\Мотуз\[vk] &#9733;Инжек&#9733;\89e689a9.jpg (9c9e6f63)
OK: P:\Photo\Из Сети\Мотуз\[vk] &#9733;Инжек&#9733;\8bfc09cf.jpg
✅ CRC OK: P:\Photo\Из Сети\Мотуз\[vk] &#9733;Инжек&#9733;\8bfc09cf.jpg (b719fb35)
OK: P:\Photo\Из Сети\Мотуз\[vk] &#9733;Инжек&#9733;\8d2677d8.jpg
✅ CRC OK: P:\Photo\Из Сети\Мотуз\[vk] &#9733;Инжек&#9733;\8d2677d8.jpg (e6ed99b5)
OK: P:\Photo\Из Сети\Мотуз\[vk] &#9733;Инжек&#9733;\9344272c.jpg
✅ CRC OK: P:\Photo\Из Сети\Мотуз\[vk] &#9733;Инжек&#9733;\9344272c.jpg (1e5303dc)
OK: P:\Photo\Из Сети\Мотуз\[vk] &#9733;Инжек&#9733;\940d7d8b.jpg
✅ CRC OK: P:\Photo\Из Сети\Мотуз\[vk] &#9733;Инжек&#9733;\940d7d8b.jpg (263b586d)
OK: P:\Photo\Из Сети\Мотуз\[vk] &#9733;Инжек&#9733;\a79c9e09.jpg
✅ CRC OK: P:\Photo\Из Сети\Мотуз\[vk] &#9733;Инжек&#9733;\a79c9e09.jpg (b3fcbc7b)
OK: P:\Photo\Из Сети\Мотуз\[vk] &#9733;Инжек&#9733;\a8ea435a.jpg
✅ CRC OK: P:\Photo\Из Сети\Мотуз\[vk] &#9733;Инжек&#9733;\a8ea435a.jpg (875a128c)
OK: P:\Photo\Из Сети\Мотуз\[vk] &#9733;Инжек&#9733;\abd3c3cf.jpg
✅ CRC OK: P:\Photo\Из Сети\Мотуз\[vk] &#9733;Инжек&#9733;\abd3c3cf.jpg (7edadd19)
OK: P:\Photo\Из Сети\Мотуз\[vk] &#9733;Инжек&#9733;\b3d5e1b5.jpg
✅ CRC OK: P:\Photo\Из Сети\Мотуз\[vk] &#9733;Инжек&#9733;\b3d5e1b5.jpg (dea4e349)
OK: P:\Photo\Из Сети\Мотуз\[vk] &#9733;Инжек&#9733;\bd0d091d.jpg
✅ CRC OK: P:\Photo\Из Сети\Мотуз\[vk] &#9733;Инжек&#9733;\bd0d091d.jpg (01a6b9d9)
OK: P:\Photo\Из Сети\Мотуз\[vk] &#9733;Инжек&#9733;\c34bbbbc.jpg
✅ CRC OK: P:\Photo\Из Сети\Мотуз\[vk] &#9733;Инжек&#9733;\c34bbbbc.jpg (9cf2a8db)
OK: P:\Photo\Из Сети\Мотуз\[vk] &#9733;Инжек&#9733;\c639fca3.jpg
✅ CRC OK: P:\Photo\Из Сети\Мотуз\[vk] &#9733;Инжек&#9733;\c639fca3.jpg (6d72ca70)
OK: P:\Photo\Из Сети\Мотуз\[vk] &#9733;Инжек&#9733;\ca5de3a9.jpg
✅ CRC OK: P:\Photo\Из Сети\Мотуз\[vk] &#9733;Инжек&#9733;\ca5de3a9.jpg (a57f6cfd)
OK: P:\Photo\Из Сети\Мотуз\[vk] &#9733;Инжек&#9733;\d0243013.jpg
✅ CRC OK: P:\Photo\Из Сети\Мотуз\[vk] &#9733;Инжек&#9733;\d0243013.jpg (9a027cab)
OK: P:\Photo\Из Сети\Мотуз\[vk] &#9733;Инжек&#9733;\d3778bcf.jpg
✅ CRC OK: P:\Photo\Из Сети\Мотуз\[vk] &#9733;Инжек&#9733;\d3778bcf.jpg (e7895e27)
OK: P:\Photo\Из Сети\Мотуз\[vk] &#9733;Инжек&#9733;\d8c09da2.jpg
✅ CRC OK: P:\Photo\Из Сети\Мотуз\[vk] &#9733;Инжек&#9733;\d8c09da2.jpg (fbfc5ca0)
OK: P:\Photo\Из Сети\Мотуз\[vk] &#9733;Инжек&#9733;\e1a7cdba.jpg
✅ CRC OK: P:\Photo\Из Сети\Мотуз\[vk] &#9733;Инжек&#9733;\e1a7cdba.jpg (ab7cc985)
OK: P:\Photo\Из Сети\Мотуз\[vk] &#9733;Инжек&#9733;\e6b7b9c6.jpg
✅ CRC OK: P:\Photo\Из Сети\Мотуз\[vk] &#9733;Инжек&#9733;\e6b7b9c6.jpg (f277a40d)
OK: P:\Photo\Из Сети\Мотуз\[vk] &#9733;Инжек&#9733;\eae2957a.jpg
✅ CRC OK: P:\Photo\Из Сети\Мотуз\[vk] &#9733;Инжек&#9733;\eae2957a.jpg (2e49bce2)
OK: P:\Photo\Из Сети\Мотуз\[vk] &#9733;Инжек&#9733;\f5a5e2f9.jpg
✅ CRC OK: P:\Photo\Из Сети\Мотуз\[vk] &#9733;Инжек&#9733;\f5a5e2f9.jpg (5ae5ad45)
OK: P:\Photo\Из Сети\Мотуз\[vk] &#9733;Инжек&#9733;\f883cd2e.jpg
✅ CRC OK: P:\Photo\Из Сети\Мотуз\[vk] &#9733;Инжек&#9733;\f883cd2e.jpg (9639c24f)
OK: P:\Photo\Из Сети\Мотуз\[vk] &#9733;Инжек&#9733;\f89f0936.jpg
✅ CRC OK: P:\Photo\Из Сети\Мотуз\[vk] &#9733;Инжек&#9733;\f89f0936.jpg (756eafeb)
OK: P:\Photo\Из Сети\Мотуз\[vk] Загорелое_летоили_9_не
OK: P:\Photo\Из Сети\Мотуз\[vk] Загорелое_летоили_9_не\0419408e.jpg
✅ CRC OK: P:\Photo\Из Сети\Мотуз\[vk] Загорелое_летоили_9_не\0419408e.jpg (3f58eb39)
OK: P:\Photo\Из Сети\Мотуз\[vk] Загорелое_летоили_9_не\0ec38e9b.jpg
✅ CRC OK: P:\Photo\Из Сети\Мотуз\[vk] Загорелое_летоили_9_не\0ec38e9b.jpg (5ee8b4db)
OK: P:\Photo\Из Сети\Мотуз\[vk] Загорелое_летоили_9_не\13bc4ab3.jpg
✅ CRC OK: P:\Photo\Из Сети\Мотуз\[vk] Загорелое_летоили_9_не\13bc4ab3.jpg (847488d4)
OK: P:\Photo\Из Сети\Мотуз\[vk] Загорелое_летоили_9_не\1c68ad1b.jpg
✅ CRC OK: P:\Photo\Из Сети\Мотуз\[vk] Загорелое_летоили_9_не\1c68ad1b.jpg (7e5b37bb)
OK: P:\Photo\Из Сети\Мотуз\[vk] Загорелое_летоили_9_не\22010131.jpg
✅ CRC OK: P:\Photo\Из Сети\Мотуз\[vk] Загорелое_летоили_9_не\22010131.jpg (2818a67a)
OK: P:\Photo\Из Сети\Мотуз\[vk] Загорелое_летоили_9_не\24293a28.jpg
✅ CRC OK: P:\Photo\Из Сети\Мотуз\[vk] Загорелое_летоили_9_не\24293a28.jpg (0dd1fdfb)
OK: P:\Photo\Из Сети\Мотуз\[vk] Загорелое_летоили_9_не\2b2871e4.jpg
✅ CRC OK: P:\Photo\Из Сети\Мотуз\[vk] Загорелое_летоили_9_не\2b2871e4.jpg (a4616d1f)
OK: P:\Photo\Из Сети\Мотуз\[vk] Загорелое_летоили_9_не\2e009565.jpg
✅ CRC OK: P:\Photo\Из Сети\Мотуз\[vk] Загорелое_летоили_9_не\2e009565.jpg (367b099c)
OK: P:\Photo\Из Сети\Мотуз\[vk] Загорелое_летоили_9_не\3b385380.jpg
✅ CRC OK: P:\Photo\Из Сети\Мотуз\[vk] Загорелое_летоили_9_не\3b385380.jpg (cf523d24)
OK: P:\Photo\Из Сети\Мотуз\[vk] Загорелое_летоили_9_не\3e2ca7a4.jpg
✅ CRC OK: P:\Photo\Из Сети\Мотуз\[vk] Загорелое_летоили_9_не\3e2ca7a4.jpg (4133b0de)
OK: P:\Photo\Из Сети\Мотуз\[vk] Загорелое_летоили_9_не\3e3bcc23.jpg
✅ CRC OK: P:\Photo\Из Сети\Мотуз\[vk] Загорелое_летоили_9_не\3e3bcc23.jpg (f1a6ce33)
OK: P:\Photo\Из Сети\Мотуз\[vk] Загорелое_летоили_9_не\43eeb0a3.jpg
✅ CRC OK: P:\Photo\Из Сети\Мотуз\[vk] Загорелое_летоили_9_не\43eeb0a3.jpg (38c36a01)
OK: P:\Photo\Из Сети\Мотуз\[vk] Загорелое_летоили_9_не\47314cd5.jpg
✅ CRC OK: P:\Photo\Из Сети\Мотуз\[vk] Загорелое_летоили_9_не\47314cd5.jpg (2cab984d)
OK: P:\Photo\Из Сети\Мотуз\[vk] Загорелое_летоили_9_не\49402763.jpg
✅ CRC OK: P:\Photo\Из Сети\Мотуз\[vk] Загорелое_летоили_9_не\49402763.jpg (778e675a)
OK: P:\Photo\Из Сети\Мотуз\[vk] Загорелое_летоили_9_не\4a6b9a21.jpg
✅ CRC OK: P:\Photo\Из Сети\Мотуз\[vk] Загорелое_летоили_9_не\4a6b9a21.jpg (b51a3414)
OK: P:\Photo\Из Сети\Мотуз\[vk] Загорелое_летоили_9_не\4eebc15c.jpg
✅ CRC OK: P:\Photo\Из Сети\Мотуз\[vk] Загорелое_летоили_9_не\4eebc15c.jpg (cd2fbf86)
OK: P:\Photo\Из Сети\Мотуз\[vk] Загорелое_летоили_9_не\5202ab7d.jpg
✅ CRC OK: P:\Photo\Из Сети\Мотуз\[vk] Загорелое_летоили_9_не\5202ab7d.jpg (a7a48a7e)
OK: P:\Photo\Из Сети\Мотуз\[vk] Загорелое_летоили_9_не\5ca8592f.jpg
✅ CRC OK: P:\Photo\Из Сети\Мотуз\[vk] Загорелое_летоили_9_не\5ca8592f.jpg (1545accb)
OK: P:\Photo\Из Сети\Мотуз\[vk] Загорелое_летоили_9_не\61c3ef6e.jpg
✅ CRC OK: P:\Photo\Из Сети\Мотуз\[vk] Загорелое_летоили_9_не\61c3ef6e.jpg (0b308e11)
OK: P:\Photo\Из Сети\Мотуз\[vk] Загорелое_летоили_9_не\63e0b038.jpg
✅ CRC OK: P:\Photo\Из Сети\Мотуз\[vk] Загорелое_летоили_9_не\63e0b038.jpg (f7efb010)
OK: P:\Photo\Из Сети\Мотуз\[vk] Загорелое_летоили_9_не\645f2525.jpg
✅ CRC OK: P:\Photo\Из Сети\Мотуз\[vk] Загорелое_летоили_9_не\645f2525.jpg (5f76864b)
OK: P:\Photo\Из Сети\Мотуз\[vk] Загорелое_летоили_9_не\67a232e1.jpg
✅ CRC OK: P:\Photo\Из Сети\Мотуз\[vk] Загорелое_летоили_9_не\67a232e1.jpg (667be6d9)
OK: P:\Photo\Из Сети\Мотуз\[vk] Загорелое_летоили_9_не\74b31db3.jpg
✅ CRC OK: P:\Photo\Из Сети\Мотуз\[vk] Загорелое_летоили_9_не\74b31db3.jpg (344ea58f)
OK: P:\Photo\Из Сети\Мотуз\[vk] Загорелое_летоили_9_не\7588ee23.jpg
✅ CRC OK: P:\Photo\Из Сети\Мотуз\[vk] Загорелое_летоили_9_не\7588ee23.jpg (e5cec733)
OK: P:\Photo\Из Сети\Мотуз\[vk] Загорелое_летоили_9_не\7b22b0d3.jpg
✅ CRC OK: P:\Photo\Из Сети\Мотуз\[vk] Загорелое_летоили_9_не\7b22b0d3.jpg (b3c9919b)
OK: P:\Photo\Из Сети\Мотуз\[vk] Загорелое_летоили_9_не\7c33113d.jpg
✅ CRC OK: P:\Photo\Из Сети\Мотуз\[vk] Загорелое_летоили_9_не\7c33113d.jpg (cf341c3b)
OK: P:\Photo\Из Сети\Мотуз\[vk] Загорелое_летоили_9_не\7f2d3a26.jpg
✅ CRC OK: P:\Photo\Из Сети\Мотуз\[vk] Загорелое_летоили_9_не\7f2d3a26.jpg (e52af672)
OK: P:\Photo\Из Сети\Мотуз\[vk] Загорелое_летоили_9_не\82f44f5e.jpg
✅ CRC OK: P:\Photo\Из Сети\Мотуз\[vk] Загорелое_летоили_9_не\82f44f5e.jpg (d56c1124)
OK: P:\Photo\Из Сети\Мотуз\[vk] Загорелое_летоили_9_не\83f60f63.jpg
✅ CRC OK: P:\Photo\Из Сети\Мотуз\[vk] Загорелое_летоили_9_не\83f60f63.jpg (f0f3c230)
OK: P:\Photo\Из Сети\Мотуз\[vk] Загорелое_летоили_9_не\844a15db.jpg
✅ CRC OK: P:\Photo\Из Сети\Мотуз\[vk] Загорелое_летоили_9_не\844a15db.jpg (981a75ec)
OK: P:\Photo\Из Сети\Мотуз\[vk] Загорелое_летоили_9_не\862b96a6.jpg
✅ CRC OK: P:\Photo\Из Сети\Мотуз\[vk] Загорелое_летоили_9_не\862b96a6.jpg (fd8f7107)
OK: P:\Photo\Из Сети\Мотуз\[vk] Загорелое_летоили_9_не\89f539b3.jpg
✅ CRC OK: P:\Photo\Из Сети\Мотуз\[vk] Загорелое_летоили_9_не\89f539b3.jpg (12ee8a01)
OK: P:\Photo\Из Сети\Мотуз\[vk] Загорелое_летоили_9_не\91ab6022.jpg
✅ CRC OK: P:\Photo\Из Сети\Мотуз\[vk] Загорелое_летоили_9_не\91ab6022.jpg (1e64c927)
OK: P:\Photo\Из Сети\Мотуз\[vk] Загорелое_летоили_9_не\93b13faa.jpg
✅ CRC OK: P:\Photo\Из Сети\Мотуз\[vk] Загорелое_летоили_9_не\93b13faa.jpg (843bb219)
OK: P:\Photo\Из Сети\Мотуз\[vk] Загорелое_летоили_9_не\9e31f1fe.jpg
✅ CRC OK: P:\Photo\Из Сети\Мотуз\[vk] Загорелое_летоили_9_не\9e31f1fe.jpg (dd30dbe7)
OK: P:\Photo\Из Сети\Мотуз\[vk] Загорелое_летоили_9_не\9fe6d8d6.jpg
✅ CRC OK: P:\Photo\Из Сети\Мотуз\[vk] Загорелое_летоили_9_не\9fe6d8d6.jpg (defce64a)
OK: P:\Photo\Из Сети\Мотуз\[vk] Загорелое_летоили_9_не\a498954d.jpg
✅ CRC OK: P:\Photo\Из Сети\Мотуз\[vk] Загорелое_летоили_9_не\a498954d.jpg (32542a6f)
OK: P:\Photo\Из Сети\Мотуз\[vk] Загорелое_летоили_9_не\a4e060fd.jpg
✅ CRC OK: P:\Photo\Из Сети\Мотуз\[vk] Загорелое_летоили_9_не\a4e060fd.jpg (a3c369a1)
OK: P:\Photo\Из Сети\Мотуз\[vk] Загорелое_летоили_9_не\a78e6d61.jpg
✅ CRC OK: P:\Photo\Из Сети\Мотуз\[vk] Загорелое_летоили_9_не\a78e6d61.jpg (c7eabf1d)
OK: P:\Photo\Из Сети\Мотуз\[vk] Загорелое_летоили_9_не\a93d4a64.jpg
✅ CRC OK: P:\Photo\Из Сети\Мотуз\[vk] Загорелое_летоили_9_не\a93d4a64.jpg (78ba28c2)
OK: P:\Photo\Из Сети\Мотуз\[vk] Загорелое_летоили_9_не\afdbf1ef.jpg
✅ CRC OK: P:\Photo\Из Сети\Мотуз\[vk] Загорелое_летоили_9_не\afdbf1ef.jpg (b511efc5)
OK: P:\Photo\Из Сети\Мотуз\[vk] Загорелое_летоили_9_не\b423cfa3.jpg
✅ CRC OK: P:\Photo\Из Сети\Мотуз\[vk] Загорелое_летоили_9_не\b423cfa3.jpg (88825555)
OK: P:\Photo\Из Сети\Мотуз\[vk] Загорелое_летоили_9_не\b461c2c0.jpg
✅ CRC OK: P:\Photo\Из Сети\Мотуз\[vk] Загорелое_летоили_9_не\b461c2c0.jpg (71820bda)
OK: P:\Photo\Из Сети\Мотуз\[vk] Загорелое_летоили_9_не\b6c9e74c.jpg
✅ CRC OK: P:\Photo\Из Сети\Мотуз\[vk] Загорелое_летоили_9_не\b6c9e74c.jpg (67e4e002)
OK: P:\Photo\Из Сети\Мотуз\[vk] Загорелое_летоили_9_не\bafcf6ec.jpg
✅ CRC OK: P:\Photo\Из Сети\Мотуз\[vk] Загорелое_летоили_9_не\bafcf6ec.jpg (087f22fd)
OK: P:\Photo\Из Сети\Мотуз\[vk] Загорелое_летоили_9_не\bfedf7b2.jpg
✅ CRC OK: P:\Photo\Из Сети\Мотуз\[vk] Загорелое_летоили_9_не\bfedf7b2.jpg (ceb0ad3c)
OK: P:\Photo\Из Сети\Мотуз\[vk] Загорелое_летоили_9_не\c02ce823.jpg
✅ CRC OK: P:\Photo\Из Сети\Мотуз\[vk] Загорелое_летоили_9_не\c02ce823.jpg (e6a0871b)
OK: P:\Photo\Из Сети\Мотуз\[vk] Загорелое_летоили_9_не\c3506b2c.jpg
✅ CRC OK: P:\Photo\Из Сети\Мотуз\[vk] Загорелое_летоили_9_не\c3506b2c.jpg (d231c976)
OK: P:\Photo\Из Сети\Мотуз\[vk] Загорелое_летоили_9_не\c5886c01.jpg
✅ CRC OK: P:\Photo\Из Сети\Мотуз\[vk] Загорелое_летоили_9_не\c5886c01.jpg (606e1347)
OK: P:\Photo\Из Сети\Мотуз\[vk] Загорелое_летоили_9_не\c8c6e11e.jpg
✅ CRC OK: P:\Photo\Из Сети\Мотуз\[vk] Загорелое_летоили_9_не\c8c6e11e.jpg (20b4fde1)
OK: P:\Photo\Из Сети\Мотуз\[vk] Загорелое_летоили_9_не\cdad3c85.jpg
✅ CRC OK: P:\Photo\Из Сети\Мотуз\[vk] Загорелое_летоили_9_не\cdad3c85.jpg (83202c0c)
OK: P:\Photo\Из Сети\Мотуз\[vk] Загорелое_летоили_9_не\d781a2d3.jpg
✅ CRC OK: P:\Photo\Из Сети\Мотуз\[vk] Загорелое_летоили_9_не\d781a2d3.jpg (f4ea9c9c)
OK: P:\Photo\Из Сети\Мотуз\[vk] Загорелое_летоили_9_не\d7bb3771.jpg
✅ CRC OK: P:\Photo\Из Сети\Мотуз\[vk] Загорелое_летоили_9_не\d7bb3771.jpg (7887caa8)
OK: P:\Photo\Из Сети\Мотуз\[vk] Загорелое_летоили_9_не\dbbabd7c.jpg
✅ CRC OK: P:\Photo\Из Сети\Мотуз\[vk] Загорелое_летоили_9_не\dbbabd7c.jpg (2ff8aa9e)
OK: P:\Photo\Из Сети\Мотуз\[vk] Загорелое_летоили_9_не\dbf47b89.jpg
✅ CRC OK: P:\Photo\Из Сети\Мотуз\[vk] Загорелое_летоили_9_не\dbf47b89.jpg (d046e43d)
OK: P:\Photo\Из Сети\Мотуз\[vk] Загорелое_летоили_9_не\e06e0e15.jpg
✅ CRC OK: P:\Photo\Из Сети\Мотуз\[vk] Загорелое_летоили_9_не\e06e0e15.jpg (bdd839f7)
OK: P:\Photo\Из Сети\Мотуз\[vk] Загорелое_летоили_9_не\e46c4e18.jpg
✅ CRC OK: P:\Photo\Из Сети\Мотуз\[vk] Загорелое_летоили_9_не\e46c4e18.jpg (401f087a)
OK: P:\Photo\Из Сети\Мотуз\[vk] Загорелое_летоили_9_не\e496e8f0.jpg
✅ CRC OK: P:\Photo\Из Сети\Мотуз\[vk] Загорелое_летоили_9_не\e496e8f0.jpg (991ab999)
OK: P:\Photo\Из Сети\Мотуз\[vk] Загорелое_летоили_9_не\f1a905a1.jpg
✅ CRC OK: P:\Photo\Из Сети\Мотуз\[vk] Загорелое_летоили_9_не\f1a905a1.jpg (22fd2f20)
OK: P:\Photo\Из Сети\Мотуз\[vk] Загорелое_летоили_9_не\f687744b.jpg
✅ CRC OK: P:\Photo\Из Сети\Мотуз\[vk] Загорелое_летоили_9_не\f687744b.jpg (14b68629)
OK: P:\Photo\Из Сети\Мотуз\[vk] Загорелое_летоили_9_не\f964455d.jpg
✅ CRC OK: P:\Photo\Из Сети\Мотуз\[vk] Загорелое_летоили_9_не\f964455d.jpg (278a7cf5)
OK: P:\Photo\Из Сети\Мотуз\[vk] Загорелое_летоили_9_не\fab2141b.jpg
✅ CRC OK: P:\Photo\Из Сети\Мотуз\[vk] Загорелое_летоили_9_не\fab2141b.jpg (8ff6962c)
OK: P:\Photo\Из Сети\Мотуз\[vk] Загорелое_летоили_9_не\fe1eb7e1.jpg
✅ CRC OK: P:\Photo\Из Сети\Мотуз\[vk] Загорелое_летоили_9_не\fe1eb7e1.jpg (34ebb425)
OK: P:\Photo\Из Сети\Мотуз\[vk] Как_обычно_ВСЁ_КЛУБНИЧНО&
OK: P:\Photo\Из Сети\Мотуз\[vk] Как_обычно_ВСЁ_КЛУБНИЧНО&\0055292e.jpg
✅ CRC OK: P:\Photo\Из Сети\Мотуз\[vk] Как_обычно_ВСЁ_КЛУБНИЧНО&\0055292e.jpg (06c6ac4e)
OK: P:\Photo\Из Сети\Мотуз\[vk] Как_обычно_ВСЁ_КЛУБНИЧНО&\01f9a954.jpg
✅ CRC OK: P:\Photo\Из Сети\Мотуз\[vk] Как_обычно_ВСЁ_КЛУБНИЧНО&\01f9a954.jpg (c9173fc4)
OK: P:\Photo\Из Сети\Мотуз\[vk] Как_обычно_ВСЁ_КЛУБНИЧНО&\0459e06b.jpg
✅ CRC OK: P:\Photo\Из Сети\Мотуз\[vk] Как_обычно_ВСЁ_КЛУБНИЧНО&\0459e06b.jpg (05d9256c)
OK: P:\Photo\Из Сети\Мотуз\[vk] Как_обычно_ВСЁ_КЛУБНИЧНО&\04d073b3.jpg
✅ CRC OK: P:\Photo\Из Сети\Мотуз\[vk] Как_обычно_ВСЁ_КЛУБНИЧНО&\04d073b3.jpg (bbc1ebed)
OK: P:\Photo\Из Сети\Мотуз\[vk] Как_обычно_ВСЁ_КЛУБНИЧНО&\05d85465.jpg
✅ CRC OK: P:\Photo\Из Сети\Мотуз\[vk] Как_обычно_ВСЁ_КЛУБНИЧНО&\05d85465.jpg (9711b20a)
OK: P:\Photo\Из Сети\Мотуз\[vk] Как_обычно_ВСЁ_КЛУБНИЧНО&\068e2cdf.jpg
✅ CRC OK: P:\Photo\Из Сети\Мотуз\[vk] Как_обычно_ВСЁ_КЛУБНИЧНО&\068e2cdf.jpg (c6e23473)
OK: P:\Photo\Из Сети\Мотуз\[vk] Как_обычно_ВСЁ_КЛУБНИЧНО&\074b6436.jpg
✅ CRC OK: P:\Photo\Из Сети\Мотуз\[vk] Как_обычно_ВСЁ_КЛУБНИЧНО&\074b6436.jpg (d9be301a)
OK: P:\Photo\Из Сети\Мотуз\[vk] Как_обычно_ВСЁ_КЛУБНИЧНО&\0c2c8e34.jpg
✅ CRC OK: P:\Photo\Из Сети\Мотуз\[vk] Как_обычно_ВСЁ_КЛУБНИЧНО&\0c2c8e34.jpg (71e331ba)
OK: P:\Photo\Из Сети\Мотуз\[vk] Как_обычно_ВСЁ_КЛУБНИЧНО&\0d493f99.jpg
✅ CRC OK: P:\Photo\Из Сети\Мотуз\[vk] Как_обычно_ВСЁ_КЛУБНИЧНО&\0d493f99.jpg (2ead603d)
OK: P:\Photo\Из Сети\Мотуз\[vk] Как_обычно_ВСЁ_КЛУБНИЧНО&\103f7770.jpg
✅ CRC OK: P:\Photo\Из Сети\Мотуз\[vk] Как_обычно_ВСЁ_КЛУБНИЧНО&\103f7770.jpg (9db5442c)
OK: P:\Photo\Из Сети\Мотуз\[vk] Как_обычно_ВСЁ_КЛУБНИЧНО&\10745f33.jpg
✅ CRC OK: P:\Photo\Из Сети\Мотуз\[vk] Как_обычно_ВСЁ_КЛУБНИЧНО&\10745f33.jpg (da8d9727)
OK: P:\Photo\Из Сети\Мотуз\[vk] Как_обычно_ВСЁ_КЛУБНИЧНО&\1085ad37.jpg
✅ CRC OK: P:\Photo\Из Сети\Мотуз\[vk] Как_обычно_ВСЁ_КЛУБНИЧНО&\1085ad37.jpg (87fe3667)
OK: P:\Photo\Из Сети\Мотуз\[vk] Как_обычно_ВСЁ_КЛУБНИЧНО&\165a6e0c.jpg
✅ CRC OK: P:\Photo\Из Сети\Мотуз\[vk] Как_обычно_ВСЁ_КЛУБНИЧНО&\165a6e0c.jpg (caf5d356)
OK: P:\Photo\Из Сети\Мотуз\[vk] Как_обычно_ВСЁ_КЛУБНИЧНО&\166b1cd9.jpg
✅ CRC OK: P:\Photo\Из Сети\Мотуз\[vk] Как_обычно_ВСЁ_КЛУБНИЧНО&\166b1cd9.jpg (9741d527)
OK: P:\Photo\Из Сети\Мотуз\[vk] Как_обычно_ВСЁ_КЛУБНИЧНО&\16ea5f8d.jpg
✅ CRC OK: P:\Photo\Из Сети\Мотуз\[vk] Как_обычно_ВСЁ_КЛУБНИЧНО&\16ea5f8d.jpg (09560f44)
OK: P:\Photo\Из Сети\Мотуз\[vk] Как_обычно_ВСЁ_КЛУБНИЧНО&\19a78118.jpg
✅ CRC OK: P:\Photo\Из Сети\Мотуз\[vk] Как_обычно_ВСЁ_КЛУБНИЧНО&\19a78118.jpg (8ece7f2b)
OK: P:\Photo\Из Сети\Мотуз\[vk] Как_обычно_ВСЁ_КЛУБНИЧНО&\19b12e54.jpg
✅ CRC OK: P:\Photo\Из Сети\Мотуз\[vk] Как_обычно_ВСЁ_КЛУБНИЧНО&\19b12e54.jpg (4c814c3d)
OK: P:\Photo\Из Сети\Мотуз\[vk] Как_обычно_ВСЁ_КЛУБНИЧНО&\1b15f6f2.jpg
✅ CRC OK: P:\Photo\Из Сети\Мотуз\[vk] Как_обычно_ВСЁ_КЛУБНИЧНО&\1b15f6f2.jpg (fd071249)
OK: P:\Photo\Из Сети\Мотуз\[vk] Как_обычно_ВСЁ_КЛУБНИЧНО&\1c7e4f16.jpg
✅ CRC OK: P:\Photo\Из Сети\Мотуз\[vk] Как_обычно_ВСЁ_КЛУБНИЧНО&\1c7e4f16.jpg (f4f4b07a)
OK: P:\Photo\Из Сети\Мотуз\[vk] Как_обычно_ВСЁ_КЛУБНИЧНО&\220d3ee4.jpg
✅ CRC OK: P:\Photo\Из Сети\Мотуз\[vk] Как_обычно_ВСЁ_КЛУБНИЧНО&\220d3ee4.jpg (5d8c43de)
OK: P:\Photo\Из Сети\Мотуз\[vk] Как_обычно_ВСЁ_КЛУБНИЧНО&\25482b56.jpg
✅ CRC OK: P:\Photo\Из Сети\Мотуз\[vk] Как_обычно_ВСЁ_КЛУБНИЧНО&\25482b56.jpg (220e9b63)
OK: P:\Photo\Из Сети\Мотуз\[vk] Как_обычно_ВСЁ_КЛУБНИЧНО&\26c59595.jpg
✅ CRC OK: P:\Photo\Из Сети\Мотуз\[vk] Как_обычно_ВСЁ_КЛУБНИЧНО&\26c59595.jpg (f02a5b64)
OK: P:\Photo\Из Сети\Мотуз\[vk] Как_обычно_ВСЁ_КЛУБНИЧНО&\29b68226.jpg
✅ CRC OK: P:\Photo\Из Сети\Мотуз\[vk] Как_обычно_ВСЁ_КЛУБНИЧНО&\29b68226.jpg (e1f6d907)
OK: P:\Photo\Из Сети\Мотуз\[vk] Как_обычно_ВСЁ_КЛУБНИЧНО&\2c42c069.jpg
✅ CRC OK: P:\Photo\Из Сети\Мотуз\[vk] Как_обычно_ВСЁ_КЛУБНИЧНО&\2c42c069.jpg (b53e9403)
OK: P:\Photo\Из Сети\Мотуз\[vk] Как_обычно_ВСЁ_КЛУБНИЧНО&\2d4587d8.jpg
✅ CRC OK: P:\Photo\Из Сети\Мотуз\[vk] Как_обычно_ВСЁ_КЛУБНИЧНО&\2d4587d8.jpg (2d3ed3be)
OK: P:\Photo\Из Сети\Мотуз\[vk] Как_обычно_ВСЁ_КЛУБНИЧНО&\2d6a3559.jpg
✅ CRC OK: P:\Photo\Из Сети\Мотуз\[vk] Как_обычно_ВСЁ_КЛУБНИЧНО&\2d6a3559.jpg (a9fbf3a5)
OK: P:\Photo\Из Сети\Мотуз\[vk] Как_обычно_ВСЁ_КЛУБНИЧНО&\2d7f7635.jpg
✅ CRC OK: P:\Photo\Из Сети\Мотуз\[vk] Как_обычно_ВСЁ_КЛУБНИЧНО&\2d7f7635.jpg (9d416440)
OK: P:\Photo\Из Сети\Мотуз\[vk] Как_обычно_ВСЁ_КЛУБНИЧНО&\2eda5427.jpg
✅ CRC OK: P:\Photo\Из Сети\Мотуз\[vk] Как_обычно_ВСЁ_КЛУБНИЧНО&\2eda5427.jpg (163f642e)
OK: P:\Photo\Из Сети\Мотуз\[vk] Как_обычно_ВСЁ_КЛУБНИЧНО&\30021c59.jpg
✅ CRC OK: P:\Photo\Из Сети\Мотуз\[vk] Как_обычно_ВСЁ_КЛУБНИЧНО&\30021c59.jpg (72b20451)
OK: P:\Photo\Из Сети\Мотуз\[vk] Как_обычно_ВСЁ_КЛУБНИЧНО&\32d783ce.jpg
✅ CRC OK: P:\Photo\Из Сети\Мотуз\[vk] Как_обычно_ВСЁ_КЛУБНИЧНО&\32d783ce.jpg (224009c3)
OK: P:\Photo\Из Сети\Мотуз\[vk] Как_обычно_ВСЁ_КЛУБНИЧНО&\332f5498.jpg
✅ CRC OK: P:\Photo\Из Сети\Мотуз\[vk] Как_обычно_ВСЁ_КЛУБНИЧНО&\332f5498.jpg (ba022ada)
OK: P:\Photo\Из Сети\Мотуз\[vk] Как_обычно_ВСЁ_КЛУБНИЧНО&\34482c36.jpg
✅ CRC OK: P:\Photo\Из Сети\Мотуз\[vk] Как_обычно_ВСЁ_КЛУБНИЧНО&\34482c36.jpg (03f25f4b)
OK: P:\Photo\Из Сети\Мотуз\[vk] Как_обычно_ВСЁ_КЛУБНИЧНО&\35603f42.jpg
✅ CRC OK: P:\Photo\Из Сети\Мотуз\[vk] Как_обычно_ВСЁ_КЛУБНИЧНО&\35603f42.jpg (f592f377)
OK: P:\Photo\Из Сети\Мотуз\[vk] Как_обычно_ВСЁ_КЛУБНИЧНО&\359f6128.jpg
✅ CRC OK: P:\Photo\Из Сети\Мотуз\[vk] Как_обычно_ВСЁ_КЛУБНИЧНО&\359f6128.jpg (81f8cedf)
OK: P:\Photo\Из Сети\Мотуз\[vk] Как_обычно_ВСЁ_КЛУБНИЧНО&\36271998.jpg
✅ CRC OK: P:\Photo\Из Сети\Мотуз\[vk] Как_обычно_ВСЁ_КЛУБНИЧНО&\36271998.jpg (0924552b)
OK: P:\Photo\Из Сети\Мотуз\[vk] Как_обычно_ВСЁ_КЛУБНИЧНО&\36d95ea1.jpg
✅ CRC OK: P:\Photo\Из Сети\Мотуз\[vk] Как_обычно_ВСЁ_КЛУБНИЧНО&\36d95ea1.jpg (0eea0ea1)
OK: P:\Photo\Из Сети\Мотуз\[vk] Как_обычно_ВСЁ_КЛУБНИЧНО&\37a94404.jpg
✅ CRC OK: P:\Photo\Из Сети\Мотуз\[vk] Как_обычно_ВСЁ_КЛУБНИЧНО&\37a94404.jpg (5f3a5677)
OK: P:\Photo\Из Сети\Мотуз\[vk] Как_обычно_ВСЁ_КЛУБНИЧНО&\3adeafa6.jpg
✅ CRC OK: P:\Photo\Из Сети\Мотуз\[vk] Как_обычно_ВСЁ_КЛУБНИЧНО&\3adeafa6.jpg (d4b11ec6)
OK: P:\Photo\Из Сети\Мотуз\[vk] Как_обычно_ВСЁ_КЛУБНИЧНО&\3c5f4be8.jpg
✅ CRC OK: P:\Photo\Из Сети\Мотуз\[vk] Как_обычно_ВСЁ_КЛУБНИЧНО&\3c5f4be8.jpg (ed7f25b7)
OK: P:\Photo\Из Сети\Мотуз\[vk] Как_обычно_ВСЁ_КЛУБНИЧНО&\3d184474.jpg
✅ CRC OK: P:\Photo\Из Сети\Мотуз\[vk] Как_обычно_ВСЁ_КЛУБНИЧНО&\3d184474.jpg (3fdd30ce)
OK: P:\Photo\Из Сети\Мотуз\[vk] Как_обычно_ВСЁ_КЛУБНИЧНО&\3f40f395.jpg
✅ CRC OK: P:\Photo\Из Сети\Мотуз\[vk] Как_обычно_ВСЁ_КЛУБНИЧНО&\3f40f395.jpg (8665b900)
OK: P:\Photo\Из Сети\Мотуз\[vk] Как_обычно_ВСЁ_КЛУБНИЧНО&\42012e1f.jpg
✅ CRC OK: P:\Photo\Из Сети\Мотуз\[vk] Как_обычно_ВСЁ_КЛУБНИЧНО&\42012e1f.jpg (f483f486)
OK: P:\Photo\Из Сети\Мотуз\[vk] Как_обычно_ВСЁ_КЛУБНИЧНО&\428d5719.jpg
✅ CRC OK: P:\Photo\Из Сети\Мотуз\[vk] Как_обычно_ВСЁ_КЛУБНИЧНО&\428d5719.jpg (dcd94bfb)
OK: P:\Photo\Из Сети\Мотуз\[vk] Как_обычно_ВСЁ_КЛУБНИЧНО&\43849bbc.jpg
✅ CRC OK: P:\Photo\Из Сети\Мотуз\[vk] Как_обычно_ВСЁ_КЛУБНИЧНО&\43849bbc.jpg (747b359f)
OK: P:\Photo\Из Сети\Мотуз\[vk] Как_обычно_ВСЁ_КЛУБНИЧНО&\44c11281.jpg
✅ CRC OK: P:\Photo\Из Сети\Мотуз\[vk] Как_обычно_ВСЁ_КЛУБНИЧНО&\44c11281.jpg (af2c7894)
OK: P:\Photo\Из Сети\Мотуз\[vk] Как_обычно_ВСЁ_КЛУБНИЧНО&\456bbf9f.jpg
✅ CRC OK: P:\Photo\Из Сети\Мотуз\[vk] Как_обычно_ВСЁ_КЛУБНИЧНО&\456bbf9f.jpg (7a5e61fa)
OK: P:\Photo\Из Сети\Мотуз\[vk] Как_обычно_ВСЁ_КЛУБНИЧНО&\45d87247.jpg
✅ CRC OK: P:\Photo\Из Сети\Мотуз\[vk] Как_обычно_ВСЁ_КЛУБНИЧНО&\45d87247.jpg (fadf725c)
OK: P:\Photo\Из Сети\Мотуз\[vk] Как_обычно_ВСЁ_КЛУБНИЧНО&\47e399f3.jpg
✅ CRC OK: P:\Photo\Из Сети\Мотуз\[vk] Как_обычно_ВСЁ_КЛУБНИЧНО&\47e399f3.jpg (0693aa8e)
OK: P:\Photo\Из Сети\Мотуз\[vk] Как_обычно_ВСЁ_КЛУБНИЧНО&\4ad9d4c1.jpg
✅ CRC OK: P:\Photo\Из Сети\Мотуз\[vk] Как_обычно_ВСЁ_КЛУБНИЧНО&\4ad9d4c1.jpg (29b6e45d)
OK: P:\Photo\Из Сети\Мотуз\[vk] Как_обычно_ВСЁ_КЛУБНИЧНО&\4c89eda5.jpg
✅ CRC OK: P:\Photo\Из Сети\Мотуз\[vk] Как_обычно_ВСЁ_КЛУБНИЧНО&\4c89eda5.jpg (bcc7d0bb)
OK: P:\Photo\Из Сети\Мотуз\[vk] Как_обычно_ВСЁ_КЛУБНИЧНО&\4c9ccee0.jpg
✅ CRC OK: P:\Photo\Из Сети\Мотуз\[vk] Как_обычно_ВСЁ_КЛУБНИЧНО&\4c9ccee0.jpg (ef3e7bc9)
OK: P:\Photo\Из Сети\Мотуз\[vk] Как_обычно_ВСЁ_КЛУБНИЧНО&\4df2614d.jpg
✅ CRC OK: P:\Photo\Из Сети\Мотуз\[vk] Как_обычно_ВСЁ_КЛУБНИЧНО&\4df2614d.jpg (7ac7d91d)
OK: P:\Photo\Из Сети\Мотуз\[vk] Как_обычно_ВСЁ_КЛУБНИЧНО&\5b31e4eb.jpg
✅ CRC OK: P:\Photo\Из Сети\Мотуз\[vk] Как_обычно_ВСЁ_КЛУБНИЧНО&\5b31e4eb.jpg (8c497fc5)
OK: P:\Photo\Из Сети\Мотуз\[vk] Как_обычно_ВСЁ_КЛУБНИЧНО&\5b581beb.jpg
✅ CRC OK: P:\Photo\Из Сети\Мотуз\[vk] Как_обычно_ВСЁ_КЛУБНИЧНО&\5b581beb.jpg (f9ac458b)
OK: P:\Photo\Из Сети\Мотуз\[vk] Как_обычно_ВСЁ_КЛУБНИЧНО&\5cf8e07b.jpg
✅ CRC OK: P:\Photo\Из Сети\Мотуз\[vk] Как_обычно_ВСЁ_КЛУБНИЧНО&\5cf8e07b.jpg (d9db70d9)
OK: P:\Photo\Из Сети\Мотуз\[vk] Как_обычно_ВСЁ_КЛУБНИЧНО&\5fef6301.jpg
✅ CRC OK: P:\Photo\Из Сети\Мотуз\[vk] Как_обычно_ВСЁ_КЛУБНИЧНО&\5fef6301.jpg (687559d8)
OK: P:\Photo\Из Сети\Мотуз\[vk] Как_обычно_ВСЁ_КЛУБНИЧНО&\61b46369.jpg
✅ CRC OK: P:\Photo\Из Сети\Мотуз\[vk] Как_обычно_ВСЁ_КЛУБНИЧНО&\61b46369.jpg (d420e147)
OK: P:\Photo\Из Сети\Мотуз\[vk] Как_обычно_ВСЁ_КЛУБНИЧНО&\62a5fe9d.jpg
✅ CRC OK: P:\Photo\Из Сети\Мотуз\[vk] Как_обычно_ВСЁ_КЛУБНИЧНО&\62a5fe9d.jpg (2859727d)
OK: P:\Photo\Из Сети\Мотуз\[vk] Как_обычно_ВСЁ_КЛУБНИЧНО&\62fad650.jpg
✅ CRC OK: P:\Photo\Из Сети\Мотуз\[vk] Как_обычно_ВСЁ_КЛУБНИЧНО&\62fad650.jpg (39529abe)
OK: P:\Photo\Из Сети\Мотуз\[vk] Как_обычно_ВСЁ_КЛУБНИЧНО&\63d64fb2.jpg
✅ CRC OK: P:\Photo\Из Сети\Мотуз\[vk] Как_обычно_ВСЁ_КЛУБНИЧНО&\63d64fb2.jpg (27e67c19)
OK: P:\Photo\Из Сети\Мотуз\[vk] Как_обычно_ВСЁ_КЛУБНИЧНО&\654c8bb7.jpg
✅ CRC OK: P:\Photo\Из Сети\Мотуз\[vk] Как_обычно_ВСЁ_КЛУБНИЧНО&\654c8bb7.jpg (316a001b)
OK: P:\Photo\Из Сети\Мотуз\[vk] Как_обычно_ВСЁ_КЛУБНИЧНО&\67f4a12b.jpg
✅ CRC OK: P:\Photo\Из Сети\Мотуз\[vk] Как_обычно_ВСЁ_КЛУБНИЧНО&\67f4a12b.jpg (ed013573)
OK: P:\Photo\Из Сети\Мотуз\[vk] Как_обычно_ВСЁ_КЛУБНИЧНО&\6a22c2ad.jpg
✅ CRC OK: P:\Photo\Из Сети\Мотуз\[vk] Как_обычно_ВСЁ_КЛУБНИЧНО&\6a22c2ad.jpg (85d270b9)
OK: P:\Photo\Из Сети\Мотуз\[vk] Как_обычно_ВСЁ_КЛУБНИЧНО&\6b27d56a.jpg
✅ CRC OK: P:\Photo\Из Сети\Мотуз\[vk] Как_обычно_ВСЁ_КЛУБНИЧНО&\6b27d56a.jpg (9f94e56a)
OK: P:\Photo\Из Сети\Мотуз\[vk] Как_обычно_ВСЁ_КЛУБНИЧНО&\6d3ffd5f.jpg
✅ CRC OK: P:\Photo\Из Сети\Мотуз\[vk] Как_обычно_ВСЁ_КЛУБНИЧНО&\6d3ffd5f.jpg (f1aeae53)
OK: P:\Photo\Из Сети\Мотуз\[vk] Как_обычно_ВСЁ_КЛУБНИЧНО&\6d95847b.jpg
✅ CRC OK: P:\Photo\Из Сети\Мотуз\[vk] Как_обычно_ВСЁ_КЛУБНИЧНО&\6d95847b.jpg (d9e2c8aa)
OK: P:\Photo\Из Сети\Мотуз\[vk] Как_обычно_ВСЁ_КЛУБНИЧНО&\6dc68c60.jpg
✅ CRC OK: P:\Photo\Из Сети\Мотуз\[vk] Как_обычно_ВСЁ_КЛУБНИЧНО&\6dc68c60.jpg (249a530a)
OK: P:\Photo\Из Сети\Мотуз\[vk] Как_обычно_ВСЁ_КЛУБНИЧНО&\6eb1e890.jpg
✅ CRC OK: P:\Photo\Из Сети\Мотуз\[vk] Как_обычно_ВСЁ_КЛУБНИЧНО&\6eb1e890.jpg (d0e22030)
OK: P:\Photo\Из Сети\Мотуз\[vk] Как_обычно_ВСЁ_КЛУБНИЧНО&\6ed6f051.jpg
✅ CRC OK: P:\Photo\Из Сети\Мотуз\[vk] Как_обычно_ВСЁ_КЛУБНИЧНО&\6ed6f051.jpg (02340fc8)
OK: P:\Photo\Из Сети\Мотуз\[vk] Как_обычно_ВСЁ_КЛУБНИЧНО&\6f7b692f.jpg
✅ CRC OK: P:\Photo\Из Сети\Мотуз\[vk] Как_обычно_ВСЁ_КЛУБНИЧНО&\6f7b692f.jpg (9559af0b)
OK: P:\Photo\Из Сети\Мотуз\[vk] Как_обычно_ВСЁ_КЛУБНИЧНО&\722f5361.jpg
✅ CRC OK: P:\Photo\Из Сети\Мотуз\[vk] Как_обычно_ВСЁ_КЛУБНИЧНО&\722f5361.jpg (f43a4b93)
OK: P:\Photo\Из Сети\Мотуз\[vk] Как_обычно_ВСЁ_КЛУБНИЧНО&\74f34deb.jpg
✅ CRC OK: P:\Photo\Из Сети\Мотуз\[vk] Как_обычно_ВСЁ_КЛУБНИЧНО&\74f34deb.jpg (667c2d7b)
OK: P:\Photo\Из Сети\Мотуз\[vk] Как_обычно_ВСЁ_КЛУБНИЧНО&\756806fd.jpg
✅ CRC OK: P:\Photo\Из Сети\Мотуз\[vk] Как_обычно_ВСЁ_КЛУБНИЧНО&\756806fd.jpg (b1727a90)
OK: P:\Photo\Из Сети\Мотуз\[vk] Как_обычно_ВСЁ_КЛУБНИЧНО&\774ca5ae.jpg
✅ CRC OK: P:\Photo\Из Сети\Мотуз\[vk] Как_обычно_ВСЁ_КЛУБНИЧНО&\774ca5ae.jpg (6fdcfcd7)
OK: P:\Photo\Из Сети\Мотуз\[vk] Как_обычно_ВСЁ_КЛУБНИЧНО&\78f046bb.jpg
✅ CRC OK: P:\Photo\Из Сети\Мотуз\[vk] Как_обычно_ВСЁ_КЛУБНИЧНО&\78f046bb.jpg (2f0946d3)
OK: P:\Photo\Из Сети\Мотуз\[vk] Как_обычно_ВСЁ_КЛУБНИЧНО&\7c25401a.jpg
✅ CRC OK: P:\Photo\Из Сети\Мотуз\[vk] Как_обычно_ВСЁ_КЛУБНИЧНО&\7c25401a.jpg (202c457a)
OK: P:\Photo\Из Сети\Мотуз\[vk] Как_обычно_ВСЁ_КЛУБНИЧНО&\7ed90654.jpg
✅ CRC OK: P:\Photo\Из Сети\Мотуз\[vk] Как_обычно_ВСЁ_КЛУБНИЧНО&\7ed90654.jpg (3f008977)
OK: P:\Photo\Из Сети\Мотуз\[vk] Как_обычно_ВСЁ_КЛУБНИЧНО&\834cb387.jpg
✅ CRC OK: P:\Photo\Из Сети\Мотуз\[vk] Как_обычно_ВСЁ_КЛУБНИЧНО&\834cb387.jpg (0da7a09e)
OK: P:\Photo\Из Сети\Мотуз\[vk] Как_обычно_ВСЁ_КЛУБНИЧНО&\83dfd7d8.jpg
✅ CRC OK: P:\Photo\Из Сети\Мотуз\[vk] Как_обычно_ВСЁ_КЛУБНИЧНО&\83dfd7d8.jpg (f6389bb4)
OK: P:\Photo\Из Сети\Мотуз\[vk] Как_обычно_ВСЁ_КЛУБНИЧНО&\85ac5b1c.jpg
✅ CRC OK: P:\Photo\Из Сети\Мотуз\[vk] Как_обычно_ВСЁ_КЛУБНИЧНО&\85ac5b1c.jpg (da82404f)
OK: P:\Photo\Из Сети\Мотуз\[vk] Как_обычно_ВСЁ_КЛУБНИЧНО&\8627bc86.jpg
✅ CRC OK: P:\Photo\Из Сети\Мотуз\[vk] Как_обычно_ВСЁ_КЛУБНИЧНО&\8627bc86.jpg (11b7c634)
OK: P:\Photo\Из Сети\Мотуз\[vk] Как_обычно_ВСЁ_КЛУБНИЧНО&\866682c8.jpg
✅ CRC OK: P:\Photo\Из Сети\Мотуз\[vk] Как_обычно_ВСЁ_КЛУБНИЧНО&\866682c8.jpg (f580e626)
OK: P:\Photo\Из Сети\Мотуз\[vk] Как_обычно_ВСЁ_КЛУБНИЧНО&\89930e67.jpg
✅ CRC OK: P:\Photo\Из Сети\Мотуз\[vk] Как_обычно_ВСЁ_КЛУБНИЧНО&\89930e67.jpg (57ab60f3)
OK: P:\Photo\Из Сети\Мотуз\[vk] Как_обычно_ВСЁ_КЛУБНИЧНО&\8c33c298.jpg
✅ CRC OK: P:\Photo\Из Сети\Мотуз\[vk] Как_обычно_ВСЁ_КЛУБНИЧНО&\8c33c298.jpg (46d2f60b)
OK: P:\Photo\Из Сети\Мотуз\[vk] Как_обычно_ВСЁ_КЛУБНИЧНО&\9357053a.jpg
✅ CRC OK: P:\Photo\Из Сети\Мотуз\[vk] Как_обычно_ВСЁ_КЛУБНИЧНО&\9357053a.jpg (3089f376)
OK: P:\Photo\Из Сети\Мотуз\[vk] Как_обычно_ВСЁ_КЛУБНИЧНО&\94db323e.jpg
✅ CRC OK: P:\Photo\Из Сети\Мотуз\[vk] Как_обычно_ВСЁ_КЛУБНИЧНО&\94db323e.jpg (9b1897dd)
OK: P:\Photo\Из Сети\Мотуз\[vk] Как_обычно_ВСЁ_КЛУБНИЧНО&\967af040.jpg
✅ CRC OK: P:\Photo\Из Сети\Мотуз\[vk] Как_обычно_ВСЁ_КЛУБНИЧНО&\967af040.jpg (64a79e8b)
OK: P:\Photo\Из Сети\Мотуз\[vk] Как_обычно_ВСЁ_КЛУБНИЧНО&\986bead7.jpg
✅ CRC OK: P:\Photo\Из Сети\Мотуз\[vk] Как_обычно_ВСЁ_КЛУБНИЧНО&\986bead7.jpg (3140a054)
OK: P:\Photo\Из Сети\Мотуз\[vk] Как_обычно_ВСЁ_КЛУБНИЧНО&\9ce377d9.jpg
✅ CRC OK: P:\Photo\Из Сети\Мотуз\[vk] Как_обычно_ВСЁ_КЛУБНИЧНО&\9ce377d9.jpg (94dd127d)
OK: P:\Photo\Из Сети\Мотуз\[vk] Как_обычно_ВСЁ_КЛУБНИЧНО&\9e085f7b.jpg
✅ CRC OK: P:\Photo\Из Сети\Мотуз\[vk] Как_обычно_ВСЁ_КЛУБНИЧНО&\9e085f7b.jpg (4377d49e)
OK: P:\Photo\Из Сети\Мотуз\[vk] Как_обычно_ВСЁ_КЛУБНИЧНО&\9e5e7e46.jpg
✅ CRC OK: P:\Photo\Из Сети\Мотуз\[vk] Как_обычно_ВСЁ_КЛУБНИЧНО&\9e5e7e46.jpg (1425fb79)
OK: P:\Photo\Из Сети\Мотуз\[vk] Как_обычно_ВСЁ_КЛУБНИЧНО&\9eeab8d7.jpg
✅ CRC OK: P:\Photo\Из Сети\Мотуз\[vk] Как_обычно_ВСЁ_КЛУБНИЧНО&\9eeab8d7.jpg (05106c97)
OK: P:\Photo\Из Сети\Мотуз\[vk] Как_обычно_ВСЁ_КЛУБНИЧНО&\a8a16b2b.jpg
✅ CRC OK: P:\Photo\Из Сети\Мотуз\[vk] Как_обычно_ВСЁ_КЛУБНИЧНО&\a8a16b2b.jpg (97974d92)
OK: P:\Photo\Из Сети\Мотуз\[vk] Как_обычно_ВСЁ_КЛУБНИЧНО&\a8d5687b.jpg
✅ CRC OK: P:\Photo\Из Сети\Мотуз\[vk] Как_обычно_ВСЁ_КЛУБНИЧНО&\a8d5687b.jpg (be143aa4)
OK: P:\Photo\Из Сети\Мотуз\[vk] Как_обычно_ВСЁ_КЛУБНИЧНО&\ad397fa8.jpg
✅ CRC OK: P:\Photo\Из Сети\Мотуз\[vk] Как_обычно_ВСЁ_КЛУБНИЧНО&\ad397fa8.jpg (a5108a1d)
OK: P:\Photo\Из Сети\Мотуз\[vk] Как_обычно_ВСЁ_КЛУБНИЧНО&\af052226.jpg
✅ CRC OK: P:\Photo\Из Сети\Мотуз\[vk] Как_обычно_ВСЁ_КЛУБНИЧНО&\af052226.jpg (2d75c515)
OK: P:\Photo\Из Сети\Мотуз\[vk] Как_обычно_ВСЁ_КЛУБНИЧНО&\b4ac6fa7.jpg
✅ CRC OK: P:\Photo\Из Сети\Мотуз\[vk] Как_обычно_ВСЁ_КЛУБНИЧНО&\b4ac6fa7.jpg (c3b5ccd1)
OK: P:\Photo\Из Сети\Мотуз\[vk] Как_обычно_ВСЁ_КЛУБНИЧНО&\b7628f93.jpg
✅ CRC OK: P:\Photo\Из Сети\Мотуз\[vk] Как_обычно_ВСЁ_КЛУБНИЧНО&\b7628f93.jpg (f0d801a7)
OK: P:\Photo\Из Сети\Мотуз\[vk] Как_обычно_ВСЁ_КЛУБНИЧНО&\bbe44fae.jpg
✅ CRC OK: P:\Photo\Из Сети\Мотуз\[vk] Как_обычно_ВСЁ_КЛУБНИЧНО&\bbe44fae.jpg (efcc7051)
OK: P:\Photo\Из Сети\Мотуз\[vk] Как_обычно_ВСЁ_КЛУБНИЧНО&\bdd5fe1a.jpg
✅ CRC OK: P:\Photo\Из Сети\Мотуз\[vk] Как_обычно_ВСЁ_КЛУБНИЧНО&\bdd5fe1a.jpg (bcea6931)
OK: P:\Photo\Из Сети\Мотуз\[vk] Как_обычно_ВСЁ_КЛУБНИЧНО&\c580c4df.jpg
✅ CRC OK: P:\Photo\Из Сети\Мотуз\[vk] Как_обычно_ВСЁ_КЛУБНИЧНО&\c580c4df.jpg (de143873)
OK: P:\Photo\Из Сети\Мотуз\[vk] Как_обычно_ВСЁ_КЛУБНИЧНО&\c66d4393.jpg
✅ CRC OK: P:\Photo\Из Сети\Мотуз\[vk] Как_обычно_ВСЁ_КЛУБНИЧНО&\c66d4393.jpg (00f39e8a)
OK: P:\Photo\Из Сети\Мотуз\[vk] Как_обычно_ВСЁ_КЛУБНИЧНО&\c7e83b51.jpg
✅ CRC OK: P:\Photo\Из Сети\Мотуз\[vk] Как_обычно_ВСЁ_КЛУБНИЧНО&\c7e83b51.jpg (1cff150c)
OK: P:\Photo\Из Сети\Мотуз\[vk] Как_обычно_ВСЁ_КЛУБНИЧНО&\c8ce0403.jpg
✅ CRC OK: P:\Photo\Из Сети\Мотуз\[vk] Как_обычно_ВСЁ_КЛУБНИЧНО&\c8ce0403.jpg (e6ec3e05)
OK: P:\Photo\Из Сети\Мотуз\[vk] Как_обычно_ВСЁ_КЛУБНИЧНО&\c8cf57ff.jpg
✅ CRC OK: P:\Photo\Из Сети\Мотуз\[vk] Как_обычно_ВСЁ_КЛУБНИЧНО&\c8cf57ff.jpg (78bc79e0)
OK: P:\Photo\Из Сети\Мотуз\[vk] Как_обычно_ВСЁ_КЛУБНИЧНО&\cb62fe42.jpg
✅ CRC OK: P:\Photo\Из Сети\Мотуз\[vk] Как_обычно_ВСЁ_КЛУБНИЧНО&\cb62fe42.jpg (a832bced)
OK: P:\Photo\Из Сети\Мотуз\[vk] Как_обычно_ВСЁ_КЛУБНИЧНО&\cebbf9a8.jpg
✅ CRC OK: P:\Photo\Из Сети\Мотуз\[vk] Как_обычно_ВСЁ_КЛУБНИЧНО&\cebbf9a8.jpg (efcb4d5e)
OK: P:\Photo\Из Сети\Мотуз\[vk] Как_обычно_ВСЁ_КЛУБНИЧНО&\cedff0b1.jpg
✅ CRC OK: P:\Photo\Из Сети\Мотуз\[vk] Как_обычно_ВСЁ_КЛУБНИЧНО&\cedff0b1.jpg (d0081b8e)
OK: P:\Photo\Из Сети\Мотуз\[vk] Как_обычно_ВСЁ_КЛУБНИЧНО&\cfe1e3da.jpg
✅ CRC OK: P:\Photo\Из Сети\Мотуз\[vk] Как_обычно_ВСЁ_КЛУБНИЧНО&\cfe1e3da.jpg (1eb7c9d2)
OK: P:\Photo\Из Сети\Мотуз\[vk] Как_обычно_ВСЁ_КЛУБНИЧНО&\d0553114.jpg
✅ CRC OK: P:\Photo\Из Сети\Мотуз\[vk] Как_обычно_ВСЁ_КЛУБНИЧНО&\d0553114.jpg (05718210)
OK: P:\Photo\Из Сети\Мотуз\[vk] Как_обычно_ВСЁ_КЛУБНИЧНО&\d1f95676.jpg
✅ CRC OK: P:\Photo\Из Сети\Мотуз\[vk] Как_обычно_ВСЁ_КЛУБНИЧНО&\d1f95676.jpg (92f0a5ca)
OK: P:\Photo\Из Сети\Мотуз\[vk] Как_обычно_ВСЁ_КЛУБНИЧНО&\d28f1352.jpg
✅ CRC OK: P:\Photo\Из Сети\Мотуз\[vk] Как_обычно_ВСЁ_КЛУБНИЧНО&\d28f1352.jpg (917a97f3)
OK: P:\Photo\Из Сети\Мотуз\[vk] Как_обычно_ВСЁ_КЛУБНИЧНО&\d4045cde.jpg
✅ CRC OK: P:\Photo\Из Сети\Мотуз\[vk] Как_обычно_ВСЁ_КЛУБНИЧНО&\d4045cde.jpg (5c4b4897)
OK: P:\Photo\Из Сети\Мотуз\[vk] Как_обычно_ВСЁ_КЛУБНИЧНО&\d4b5bcc3.jpg
✅ CRC OK: P:\Photo\Из Сети\Мотуз\[vk] Как_обычно_ВСЁ_КЛУБНИЧНО&\d4b5bcc3.jpg (15edb365)
OK: P:\Photo\Из Сети\Мотуз\[vk] Как_обычно_ВСЁ_КЛУБНИЧНО&\d659f9d0.jpg
✅ CRC OK: P:\Photo\Из Сети\Мотуз\[vk] Как_обычно_ВСЁ_КЛУБНИЧНО&\d659f9d0.jpg (da7a6f60)
OK: P:\Photo\Из Сети\Мотуз\[vk] Как_обычно_ВСЁ_КЛУБНИЧНО&\d8676023.jpg
✅ CRC OK: P:\Photo\Из Сети\Мотуз\[vk] Как_обычно_ВСЁ_КЛУБНИЧНО&\d8676023.jpg (1ac8d443)
OK: P:\Photo\Из Сети\Мотуз\[vk] Как_обычно_ВСЁ_КЛУБНИЧНО&\d93516fe.jpg
✅ CRC OK: P:\Photo\Из Сети\Мотуз\[vk] Как_обычно_ВСЁ_КЛУБНИЧНО&\d93516fe.jpg (ce2c0a4d)
OK: P:\Photo\Из Сети\Мотуз\[vk] Как_обычно_ВСЁ_КЛУБНИЧНО&\dd269cb4.jpg
✅ CRC OK: P:\Photo\Из Сети\Мотуз\[vk] Как_обычно_ВСЁ_КЛУБНИЧНО&\dd269cb4.jpg (b4acc2ee)
OK: P:\Photo\Из Сети\Мотуз\[vk] Как_обычно_ВСЁ_КЛУБНИЧНО&\dfb0e3e2.jpg
✅ CRC OK: P:\Photo\Из Сети\Мотуз\[vk] Как_обычно_ВСЁ_КЛУБНИЧНО&\dfb0e3e2.jpg (d86cf5e0)
OK: P:\Photo\Из Сети\Мотуз\[vk] Как_обычно_ВСЁ_КЛУБНИЧНО&\e1d2df34.jpg
✅ CRC OK: P:\Photo\Из Сети\Мотуз\[vk] Как_обычно_ВСЁ_КЛУБНИЧНО&\e1d2df34.jpg (e8d17881)
OK: P:\Photo\Из Сети\Мотуз\[vk] Как_обычно_ВСЁ_КЛУБНИЧНО&\e2aaf98a.jpg
✅ CRC OK: P:\Photo\Из Сети\Мотуз\[vk] Как_обычно_ВСЁ_КЛУБНИЧНО&\e2aaf98a.jpg (d644e99a)
OK: P:\Photo\Из Сети\Мотуз\[vk] Как_обычно_ВСЁ_КЛУБНИЧНО&\e2cfb2d3.jpg
✅ CRC OK: P:\Photo\Из Сети\Мотуз\[vk] Как_обычно_ВСЁ_КЛУБНИЧНО&\e2cfb2d3.jpg (f11056c1)
OK: P:\Photo\Из Сети\Мотуз\[vk] Как_обычно_ВСЁ_КЛУБНИЧНО&\e63eaca8.jpg
✅ CRC OK: P:\Photo\Из Сети\Мотуз\[vk] Как_обычно_ВСЁ_КЛУБНИЧНО&\e63eaca8.jpg (b8b7c486)
OK: P:\Photo\Из Сети\Мотуз\[vk] Как_обычно_ВСЁ_КЛУБНИЧНО&\e7edac05.jpg
✅ CRC OK: P:\Photo\Из Сети\Мотуз\[vk] Как_обычно_ВСЁ_КЛУБНИЧНО&\e7edac05.jpg (1b766243)
OK: P:\Photo\Из Сети\Мотуз\[vk] Как_обычно_ВСЁ_КЛУБНИЧНО&\eaf7902f.jpg
✅ CRC OK: P:\Photo\Из Сети\Мотуз\[vk] Как_обычно_ВСЁ_КЛУБНИЧНО&\eaf7902f.jpg (630534ae)
OK: P:\Photo\Из Сети\Мотуз\[vk] Как_обычно_ВСЁ_КЛУБНИЧНО&\ecdf3e72.jpg
✅ CRC OK: P:\Photo\Из Сети\Мотуз\[vk] Как_обычно_ВСЁ_КЛУБНИЧНО&\ecdf3e72.jpg (e9e3d9fc)
OK: P:\Photo\Из Сети\Мотуз\[vk] Как_обычно_ВСЁ_КЛУБНИЧНО&\f0cc57ce.jpg
✅ CRC OK: P:\Photo\Из Сети\Мотуз\[vk] Как_обычно_ВСЁ_КЛУБНИЧНО&\f0cc57ce.jpg (a48fcd41)
OK: P:\Photo\Из Сети\Мотуз\[vk] Как_обычно_ВСЁ_КЛУБНИЧНО&\f310feb0.jpg
✅ CRC OK: P:\Photo\Из Сети\Мотуз\[vk] Как_обычно_ВСЁ_КЛУБНИЧНО&\f310feb0.jpg (a4e5c31e)
OK: P:\Photo\Из Сети\Мотуз\[vk] Как_обычно_ВСЁ_КЛУБНИЧНО&\f3c08926.jpg
✅ CRC OK: P:\Photo\Из Сети\Мотуз\[vk] Как_обычно_ВСЁ_КЛУБНИЧНО&\f3c08926.jpg (4ff27a19)
OK: P:\Photo\Из Сети\Мотуз\[vk] Как_обычно_ВСЁ_КЛУБНИЧНО&\f5dff748.jpg
✅ CRC OK: P:\Photo\Из Сети\Мотуз\[vk] Как_обычно_ВСЁ_КЛУБНИЧНО&\f5dff748.jpg (e656c3fc)
OK: P:\Photo\Из Сети\Мотуз\[vk] Как_обычно_ВСЁ_КЛУБНИЧНО&\f6076a21.jpg
✅ CRC OK: P:\Photo\Из Сети\Мотуз\[vk] Как_обычно_ВСЁ_КЛУБНИЧНО&\f6076a21.jpg (1b6755d1)
OK: P:\Photo\Из Сети\Мотуз\[vk] Как_обычно_ВСЁ_КЛУБНИЧНО&\f629e1fe.jpg
✅ CRC OK: P:\Photo\Из Сети\Мотуз\[vk] Как_обычно_ВСЁ_КЛУБНИЧНО&\f629e1fe.jpg (243be35a)
OK: P:\Photo\Из Сети\Мотуз\[vk] Как_обычно_ВСЁ_КЛУБНИЧНО&\f6c593ca.jpg
✅ CRC OK: P:\Photo\Из Сети\Мотуз\[vk] Как_обычно_ВСЁ_КЛУБНИЧНО&\f6c593ca.jpg (b41ef5d4)
OK: P:\Photo\Из Сети\Мотуз\[vk] Как_обычно_ВСЁ_КЛУБНИЧНО&\f78a0c1d.jpg
✅ CRC OK: P:\Photo\Из Сети\Мотуз\[vk] Как_обычно_ВСЁ_КЛУБНИЧНО&\f78a0c1d.jpg (485d5f8a)
OK: P:\Photo\Из Сети\Мотуз\[vk] Как_обычно_ВСЁ_КЛУБНИЧНО&\f8be5909.jpg
✅ CRC OK: P:\Photo\Из Сети\Мотуз\[vk] Как_обычно_ВСЁ_КЛУБНИЧНО&\f8be5909.jpg (54bf3ff4)
OK: P:\Photo\Из Сети\Мотуз\[vk] Как_обычно_ВСЁ_КЛУБНИЧНО&\f9be1381.jpg
✅ CRC OK: P:\Photo\Из Сети\Мотуз\[vk] Как_обычно_ВСЁ_КЛУБНИЧНО&\f9be1381.jpg (8f73a089)
OK: P:\Photo\Из Сети\Мотуз\[vk] Как_обычно_ВСЁ_КЛУБНИЧНО&\fa5955ba.jpg
✅ CRC OK: P:\Photo\Из Сети\Мотуз\[vk] Как_обычно_ВСЁ_КЛУБНИЧНО&\fa5955ba.jpg (c1444a39)
OK: P:\Photo\Из Сети\Мотуз\[vk] Как_обычно_ВСЁ_КЛУБНИЧНО&\fa7aff54.jpg
✅ CRC OK: P:\Photo\Из Сети\Мотуз\[vk] Как_обычно_ВСЁ_КЛУБНИЧНО&\fa7aff54.jpg (70db6297)
OK: P:\Photo\Из Сети\Мотуз\[vk] Как_обычно_ВСЁ_КЛУБНИЧНО&\fb6707bb.jpg
✅ CRC OK: P:\Photo\Из Сети\Мотуз\[vk] Как_обычно_ВСЁ_КЛУБНИЧНО&\fb6707bb.jpg (d84df53f)
OK: P:\Photo\Из Сети\Мотуз\[vk] Как_обычно_ВСЁ_КЛУБНИЧНО&\fc72f2ff.jpg
✅ CRC OK: P:\Photo\Из Сети\Мотуз\[vk] Как_обычно_ВСЁ_КЛУБНИЧНО&\fc72f2ff.jpg (d3bcbbfd)
OK: P:\Photo\Из Сети\Мотуз\[vk] Как_обычно_ВСЁ_КЛУБНИЧНО&\fd4b649e.jpg
✅ CRC OK: P:\Photo\Из Сети\Мотуз\[vk] Как_обычно_ВСЁ_КЛУБНИЧНО&\fd4b649e.jpg (37920d10)
OK: P:\Photo\Из Сети\Мотуз\[vk] Как_обычно_ВСЁ_КЛУБНИЧНО&\febef641.jpg
✅ CRC OK: P:\Photo\Из Сети\Мотуз\[vk] Как_обычно_ВСЁ_КЛУБНИЧНО&\febef641.jpg (b6ba069d)
OK: P:\Photo\Из Сети\Мотуз\[vk] Как_обычно_ВСЁ_КЛУБНИЧНО&\ffe8ce5e.jpg
✅ CRC OK: P:\Photo\Из Сети\Мотуз\[vk] Как_обычно_ВСЁ_КЛУБНИЧНО&\ffe8ce5e.jpg (7ecb0e3d)
OK: P:\Photo\Из Сети\Мотуз\[vk] Любимые_мои)))
OK: P:\Photo\Из Сети\Мотуз\[vk] Любимые_мои)))\0107a8c2.jpg
✅ CRC OK: P:\Photo\Из Сети\Мотуз\[vk] Любимые_мои)))\0107a8c2.jpg (1c452d38)
OK: P:\Photo\Из Сети\Мотуз\[vk] Любимые_мои)))\034ba16e.jpg
✅ CRC OK: P:\Photo\Из Сети\Мотуз\[vk] Любимые_мои)))\034ba16e.jpg (ba7e03ef)
OK: P:\Photo\Из Сети\Мотуз\[vk] Любимые_мои)))\03b29355.jpg
✅ CRC OK: P:\Photo\Из Сети\Мотуз\[vk] Любимые_мои)))\03b29355.jpg (fda1c89f)
OK: P:\Photo\Из Сети\Мотуз\[vk] Любимые_мои)))\043cdbfa.jpg
✅ CRC OK: P:\Photo\Из Сети\Мотуз\[vk] Любимые_мои)))\043cdbfa.jpg (3fe2a465)
OK: P:\Photo\Из Сети\Мотуз\[vk] Любимые_мои)))\0a7d508c.jpg
✅ CRC OK: P:\Photo\Из Сети\Мотуз\[vk] Любимые_мои)))\0a7d508c.jpg (65e7b633)
OK: P:\Photo\Из Сети\Мотуз\[vk] Любимые_мои)))\0abfeb88.jpg
✅ CRC OK: P:\Photo\Из Сети\Мотуз\[vk] Любимые_мои)))\0abfeb88.jpg (1cc52199)
OK: P:\Photo\Из Сети\Мотуз\[vk] Любимые_мои)))\0bdfbd10.jpg
✅ CRC OK: P:\Photo\Из Сети\Мотуз\[vk] Любимые_мои)))\0bdfbd10.jpg (ffa67e66)
OK: P:\Photo\Из Сети\Мотуз\[vk] Любимые_мои)))\0bf85b34.jpg
✅ CRC OK: P:\Photo\Из Сети\Мотуз\[vk] Любимые_мои)))\0bf85b34.jpg (87e51b65)
OK: P:\Photo\Из Сети\Мотуз\[vk] Любимые_мои)))\0d114f4f.jpg
✅ CRC OK: P:\Photo\Из Сети\Мотуз\[vk] Любимые_мои)))\0d114f4f.jpg (4f621e5d)
OK: P:\Photo\Из Сети\Мотуз\[vk] Любимые_мои)))\0fd99511.jpg
✅ CRC OK: P:\Photo\Из Сети\Мотуз\[vk] Любимые_мои)))\0fd99511.jpg (9ea7ea37)
OK: P:\Photo\Из Сети\Мотуз\[vk] Любимые_мои)))\166278d4.jpg
✅ CRC OK: P:\Photo\Из Сети\Мотуз\[vk] Любимые_мои)))\166278d4.jpg (531b42cc)
OK: P:\Photo\Из Сети\Мотуз\[vk] Любимые_мои)))\17289db0.jpg
✅ CRC OK: P:\Photo\Из Сети\Мотуз\[vk] Любимые_мои)))\17289db0.jpg (26e40f48)
OK: P:\Photo\Из Сети\Мотуз\[vk] Любимые_мои)))\1bd9f207.jpg
✅ CRC OK: P:\Photo\Из Сети\Мотуз\[vk] Любимые_мои)))\1bd9f207.jpg (4d3af1bc)
OK: P:\Photo\Из Сети\Мотуз\[vk] Любимые_мои)))\1ef95f6d.jpg
✅ CRC OK: P:\Photo\Из Сети\Мотуз\[vk] Любимые_мои)))\1ef95f6d.jpg (2ac45fee)
OK: P:\Photo\Из Сети\Мотуз\[vk] Любимые_мои)))\1f1f066b.jpg
✅ CRC OK: P:\Photo\Из Сети\Мотуз\[vk] Любимые_мои)))\1f1f066b.jpg (34a844a1)
OK: P:\Photo\Из Сети\Мотуз\[vk] Любимые_мои)))\1f76595c.jpg
✅ CRC OK: P:\Photo\Из Сети\Мотуз\[vk] Любимые_мои)))\1f76595c.jpg (2b44b415)
OK: P:\Photo\Из Сети\Мотуз\[vk] Любимые_мои)))\201650f8.jpg
✅ CRC OK: P:\Photo\Из Сети\Мотуз\[vk] Любимые_мои)))\201650f8.jpg (5657bec0)
OK: P:\Photo\Из Сети\Мотуз\[vk] Любимые_мои)))\20c53980.jpg
✅ CRC OK: P:\Photo\Из Сети\Мотуз\[vk] Любимые_мои)))\20c53980.jpg (34906c9d)
OK: P:\Photo\Из Сети\Мотуз\[vk] Любимые_мои)))\23316bb9.jpg
✅ CRC OK: P:\Photo\Из Сети\Мотуз\[vk] Любимые_мои)))\23316bb9.jpg (60020c45)
OK: P:\Photo\Из Сети\Мотуз\[vk] Любимые_мои)))\297e1864.jpg
✅ CRC OK: P:\Photo\Из Сети\Мотуз\[vk] Любимые_мои)))\297e1864.jpg (e2887723)
OK: P:\Photo\Из Сети\Мотуз\[vk] Любимые_мои)))\3078c5c6.jpg
✅ CRC OK: P:\Photo\Из Сети\Мотуз\[vk] Любимые_мои)))\3078c5c6.jpg (e2c0275d)
OK: P:\Photo\Из Сети\Мотуз\[vk] Любимые_мои)))\3972ea90.jpg
✅ CRC OK: P:\Photo\Из Сети\Мотуз\[vk] Любимые_мои)))\3972ea90.jpg (a35ecaca)
OK: P:\Photo\Из Сети\Мотуз\[vk] Любимые_мои)))\41d95b55.jpg
✅ CRC OK: P:\Photo\Из Сети\Мотуз\[vk] Любимые_мои)))\41d95b55.jpg (8846c99b)
OK: P:\Photo\Из Сети\Мотуз\[vk] Любимые_мои)))\48b132b0.jpg
✅ CRC OK: P:\Photo\Из Сети\Мотуз\[vk] Любимые_мои)))\48b132b0.jpg (a54c5938)
OK: P:\Photo\Из Сети\Мотуз\[vk] Любимые_мои)))\48f9c8e0.jpg
✅ CRC OK: P:\Photo\Из Сети\Мотуз\[vk] Любимые_мои)))\48f9c8e0.jpg (b7eefa8e)
OK: P:\Photo\Из Сети\Мотуз\[vk] Любимые_мои)))\4e7d78f6.jpg
✅ CRC OK: P:\Photo\Из Сети\Мотуз\[vk] Любимые_мои)))\4e7d78f6.jpg (0a3903c6)
OK: P:\Photo\Из Сети\Мотуз\[vk] Любимые_мои)))\52311412.jpg
✅ CRC OK: P:\Photo\Из Сети\Мотуз\[vk] Любимые_мои)))\52311412.jpg (9ca2ffab)
OK: P:\Photo\Из Сети\Мотуз\[vk] Любимые_мои)))\55761e56.jpg
✅ CRC OK: P:\Photo\Из Сети\Мотуз\[vk] Любимые_мои)))\55761e56.jpg (a5196e81)
OK: P:\Photo\Из Сети\Мотуз\[vk] Любимые_мои)))\57376e04.jpg
✅ CRC OK: P:\Photo\Из Сети\Мотуз\[vk] Любимые_мои)))\57376e04.jpg (34dc9ff2)
OK: P:\Photo\Из Сети\Мотуз\[vk] Любимые_мои)))\5938885a.jpg
✅ CRC OK: P:\Photo\Из Сети\Мотуз\[vk] Любимые_мои)))\5938885a.jpg (e9a31d9c)
OK: P:\Photo\Из Сети\Мотуз\[vk] Любимые_мои)))\599f0232.jpg
✅ CRC OK: P:\Photo\Из Сети\Мотуз\[vk] Любимые_мои)))\599f0232.jpg (6409c90e)
OK: P:\Photo\Из Сети\Мотуз\[vk] Любимые_мои)))\66ebedf6.jpg
✅ CRC OK: P:\Photo\Из Сети\Мотуз\[vk] Любимые_мои)))\66ebedf6.jpg (79911e8f)
OK: P:\Photo\Из Сети\Мотуз\[vk] Любимые_мои)))\67349771.jpg
✅ CRC OK: P:\Photo\Из Сети\Мотуз\[vk] Любимые_мои)))\67349771.jpg (10e0c12b)
OK: P:\Photo\Из Сети\Мотуз\[vk] Любимые_мои)))\6a212c0b.jpg
✅ CRC OK: P:\Photo\Из Сети\Мотуз\[vk] Любимые_мои)))\6a212c0b.jpg (f64dbdee)
OK: P:\Photo\Из Сети\Мотуз\[vk] Любимые_мои)))\751d9f8a.jpg
✅ CRC OK: P:\Photo\Из Сети\Мотуз\[vk] Любимые_мои)))\751d9f8a.jpg (7a48fe3b)
OK: P:\Photo\Из Сети\Мотуз\[vk] Любимые_мои)))\7cdbf897.jpg
✅ CRC OK: P:\Photo\Из Сети\Мотуз\[vk] Любимые_мои)))\7cdbf897.jpg (db344fcd)
OK: P:\Photo\Из Сети\Мотуз\[vk] Любимые_мои)))\7e007c6a.jpg
✅ CRC OK: P:\Photo\Из Сети\Мотуз\[vk] Любимые_мои)))\7e007c6a.jpg (3e4ff214)
OK: P:\Photo\Из Сети\Мотуз\[vk] Любимые_мои)))\806cc272.jpg
✅ CRC OK: P:\Photo\Из Сети\Мотуз\[vk] Любимые_мои)))\806cc272.jpg (43950337)
OK: P:\Photo\Из Сети\Мотуз\[vk] Любимые_мои)))\8116bc30.jpg
✅ CRC OK: P:\Photo\Из Сети\Мотуз\[vk] Любимые_мои)))\8116bc30.jpg (f00aeaf6)
OK: P:\Photo\Из Сети\Мотуз\[vk] Любимые_мои)))\847b3472.jpg
✅ CRC OK: P:\Photo\Из Сети\Мотуз\[vk] Любимые_мои)))\847b3472.jpg (669ea6b4)
OK: P:\Photo\Из Сети\Мотуз\[vk] Любимые_мои)))\89a740f0.jpg
✅ CRC OK: P:\Photo\Из Сети\Мотуз\[vk] Любимые_мои)))\89a740f0.jpg (e44b77de)
OK: P:\Photo\Из Сети\Мотуз\[vk] Любимые_мои)))\8b6e3c15.jpg
✅ CRC OK: P:\Photo\Из Сети\Мотуз\[vk] Любимые_мои)))\8b6e3c15.jpg (bdf6ba53)
OK: P:\Photo\Из Сети\Мотуз\[vk] Любимые_мои)))\8ed58c92.jpg
✅ CRC OK: P:\Photo\Из Сети\Мотуз\[vk] Любимые_мои)))\8ed58c92.jpg (c81afb8b)
OK: P:\Photo\Из Сети\Мотуз\[vk] Любимые_мои)))\9154915f.jpg
✅ CRC OK: P:\Photo\Из Сети\Мотуз\[vk] Любимые_мои)))\9154915f.jpg (74b54b67)
OK: P:\Photo\Из Сети\Мотуз\[vk] Любимые_мои)))\9367c00f.jpg
✅ CRC OK: P:\Photo\Из Сети\Мотуз\[vk] Любимые_мои)))\9367c00f.jpg (d350d1b1)
OK: P:\Photo\Из Сети\Мотуз\[vk] Любимые_мои)))\93e8da05.jpg
✅ CRC OK: P:\Photo\Из Сети\Мотуз\[vk] Любимые_мои)))\93e8da05.jpg (41642b0c)
OK: P:\Photo\Из Сети\Мотуз\[vk] Любимые_мои)))\968eedf4.jpg
✅ CRC OK: P:\Photo\Из Сети\Мотуз\[vk] Любимые_мои)))\968eedf4.jpg (9c611709)
OK: P:\Photo\Из Сети\Мотуз\[vk] Любимые_мои)))\98b4bc77.jpg
✅ CRC OK: P:\Photo\Из Сети\Мотуз\[vk] Любимые_мои)))\98b4bc77.jpg (f542d960)
OK: P:\Photo\Из Сети\Мотуз\[vk] Любимые_мои)))\9af747c7.jpg
✅ CRC OK: P:\Photo\Из Сети\Мотуз\[vk] Любимые_мои)))\9af747c7.jpg (22840f23)
OK: P:\Photo\Из Сети\Мотуз\[vk] Любимые_мои)))\9bf4e624.jpg
✅ CRC OK: P:\Photo\Из Сети\Мотуз\[vk] Любимые_мои)))\9bf4e624.jpg (0e3e0cfb)
OK: P:\Photo\Из Сети\Мотуз\[vk] Любимые_мои)))\a5bbfb75.jpg
✅ CRC OK: P:\Photo\Из Сети\Мотуз\[vk] Любимые_мои)))\a5bbfb75.jpg (3fcb99c2)
OK: P:\Photo\Из Сети\Мотуз\[vk] Любимые_мои)))\ad78f878.jpg
✅ CRC OK: P:\Photo\Из Сети\Мотуз\[vk] Любимые_мои)))\ad78f878.jpg (148598eb)
OK: P:\Photo\Из Сети\Мотуз\[vk] Любимые_мои)))\aeceaa27.jpg
✅ CRC OK: P:\Photo\Из Сети\Мотуз\[vk] Любимые_мои)))\aeceaa27.jpg (0bb20f79)
OK: P:\Photo\Из Сети\Мотуз\[vk] Любимые_мои)))\b211ab18.jpg
✅ CRC OK: P:\Photo\Из Сети\Мотуз\[vk] Любимые_мои)))\b211ab18.jpg (6de34320)
OK: P:\Photo\Из Сети\Мотуз\[vk] Любимые_мои)))\b76ec24d.jpg
✅ CRC OK: P:\Photo\Из Сети\Мотуз\[vk] Любимые_мои)))\b76ec24d.jpg (583c2967)
OK: P:\Photo\Из Сети\Мотуз\[vk] Любимые_мои)))\c2a4dab9.jpg
✅ CRC OK: P:\Photo\Из Сети\Мотуз\[vk] Любимые_мои)))\c2a4dab9.jpg (2188664b)
OK: P:\Photo\Из Сети\Мотуз\[vk] Любимые_мои)))\c69978b2.jpg
✅ CRC OK: P:\Photo\Из Сети\Мотуз\[vk] Любимые_мои)))\c69978b2.jpg (ec8524f6)
OK: P:\Photo\Из Сети\Мотуз\[vk] Любимые_мои)))\cb15b7d3.jpg
✅ CRC OK: P:\Photo\Из Сети\Мотуз\[vk] Любимые_мои)))\cb15b7d3.jpg (a7fd0f63)
OK: P:\Photo\Из Сети\Мотуз\[vk] Любимые_мои)))\ccdf59d5.jpg
✅ CRC OK: P:\Photo\Из Сети\Мотуз\[vk] Любимые_мои)))\ccdf59d5.jpg (4616d598)
OK: P:\Photo\Из Сети\Мотуз\[vk] Любимые_мои)))\ce320e2e.jpg
✅ CRC OK: P:\Photo\Из Сети\Мотуз\[vk] Любимые_мои)))\ce320e2e.jpg (34284819)
OK: P:\Photo\Из Сети\Мотуз\[vk] Любимые_мои)))\d0d209e2.jpg
✅ CRC OK: P:\Photo\Из Сети\Мотуз\[vk] Любимые_мои)))\d0d209e2.jpg (e03e164c)
OK: P:\Photo\Из Сети\Мотуз\[vk] Любимые_мои)))\ddcceab7.jpg
✅ CRC OK: P:\Photo\Из Сети\Мотуз\[vk] Любимые_мои)))\ddcceab7.jpg (72870994)
OK: P:\Photo\Из Сети\Мотуз\[vk] Любимые_мои)))\deacaabb.jpg
✅ CRC OK: P:\Photo\Из Сети\Мотуз\[vk] Любимые_мои)))\deacaabb.jpg (d5984bae)
OK: P:\Photo\Из Сети\Мотуз\[vk] Любимые_мои)))\dff96346.jpg
✅ CRC OK: P:\Photo\Из Сети\Мотуз\[vk] Любимые_мои)))\dff96346.jpg (14d6c2fb)
OK: P:\Photo\Из Сети\Мотуз\[vk] Любимые_мои)))\e1e0225b.jpg
✅ CRC OK: P:\Photo\Из Сети\Мотуз\[vk] Любимые_мои)))\e1e0225b.jpg (79e60cc1)
OK: P:\Photo\Из Сети\Мотуз\[vk] Любимые_мои)))\e288e50a.jpg
✅ CRC OK: P:\Photo\Из Сети\Мотуз\[vk] Любимые_мои)))\e288e50a.jpg (c91fd094)
OK: P:\Photo\Из Сети\Мотуз\[vk] Любимые_мои)))\e2c417be.jpg
✅ CRC OK: P:\Photo\Из Сети\Мотуз\[vk] Любимые_мои)))\e2c417be.jpg (44ee55b6)
OK: P:\Photo\Из Сети\Мотуз\[vk] Любимые_мои)))\e9ba996b.jpg
✅ CRC OK: P:\Photo\Из Сети\Мотуз\[vk] Любимые_мои)))\e9ba996b.jpg (b08d966e)
OK: P:\Photo\Из Сети\Мотуз\[vk] Любимые_мои)))\edda7421.jpg
✅ CRC OK: P:\Photo\Из Сети\Мотуз\[vk] Любимые_мои)))\edda7421.jpg (6ba0bf79)
OK: P:\Photo\Из Сети\Мотуз\[vk] Любимые_мои)))\f236214d.jpg
✅ CRC OK: P:\Photo\Из Сети\Мотуз\[vk] Любимые_мои)))\f236214d.jpg (5054831f)
OK: P:\Photo\Из Сети\Мотуз\[vk] Любимые_мои)))\f6652fb2.jpg
✅ CRC OK: P:\Photo\Из Сети\Мотуз\[vk] Любимые_мои)))\f6652fb2.jpg (bca558ac)
OK: P:\Photo\Из Сети\Мотуз\[vk] Любимые_мои)))\f6f95b56.jpg
✅ CRC OK: P:\Photo\Из Сети\Мотуз\[vk] Любимые_мои)))\f6f95b56.jpg (633373bf)
OK: P:\Photo\Из Сети\Мотуз\[vk] Любимые_мои)))\f9e2ccce.jpg
✅ CRC OK: P:\Photo\Из Сети\Мотуз\[vk] Любимые_мои)))\f9e2ccce.jpg (40d83d51)
OK: P:\Photo\Из Сети\Мотуз\[vk] Любимые_мои)))\fa320a09.jpg
✅ CRC OK: P:\Photo\Из Сети\Мотуз\[vk] Любимые_мои)))\fa320a09.jpg (cfdf290e)
OK: P:\Photo\Из Сети\Мотуз\[vk] Любимые_мои)))\fee47df1.jpg
✅ CRC OK: P:\Photo\Из Сети\Мотуз\[vk] Любимые_мои)))\fee47df1.jpg (d5fd6405)
OK: P:\Photo\Из Сети\Настенька
OK: P:\Photo\Из Сети\Настенька\75027273647be21f240f0130f09f3e3f.png
✅ CRC OK: P:\Photo\Из Сети\Настенька\75027273647be21f240f0130f09f3e3f.png (6f9490f5)
OK: P:\Photo\Из Сети\Настенька\snimok-ekrana-2019-08-19-v-15.28.32.png
✅ CRC OK: P:\Photo\Из Сети\Настенька\snimok-ekrana-2019-08-19-v-15.28.32.png (f7d4dc60)
OK: P:\Photo\Из Сети\Настенька\tatuirovki-nasti-ivleevoy-8-1024x641.jpg
✅ CRC OK: P:\Photo\Из Сети\Настенька\tatuirovki-nasti-ivleevoy-8-1024x641.jpg (d62fc1c6)
OK: P:\Photo\Из Сети\Оксана
OK: P:\Photo\Из Сети\Оксана\W9l4p8zaeBs.jpg
✅ CRC OK: P:\Photo\Из Сети\Оксана\W9l4p8zaeBs.jpg (823ce3fc)
OK: P:\Photo\Из Сети\Оксана\[vk] ))))))))))
OK: P:\Photo\Из Сети\Оксана\[vk] ))))))))))\02727c48.jpg
✅ CRC OK: P:\Photo\Из Сети\Оксана\[vk] ))))))))))\02727c48.jpg (3d0896ce)
OK: P:\Photo\Из Сети\Оксана\[vk] ))))))))))\0a5d9790.jpg
✅ CRC OK: P:\Photo\Из Сети\Оксана\[vk] ))))))))))\0a5d9790.jpg (7fbf8130)
OK: P:\Photo\Из Сети\Оксана\[vk] ))))))))))\117497928_1.jpg
✅ CRC OK: P:\Photo\Из Сети\Оксана\[vk] ))))))))))\117497928_1.jpg (7ee755de)
OK: P:\Photo\Из Сети\Оксана\[vk] ))))))))))\117497928_10.jpg
✅ CRC OK: P:\Photo\Из Сети\Оксана\[vk] ))))))))))\117497928_10.jpg (01f7b516)
OK: P:\Photo\Из Сети\Оксана\[vk] ))))))))))\117497928_11.jpg
✅ CRC OK: P:\Photo\Из Сети\Оксана\[vk] ))))))))))\117497928_11.jpg (3db372c7)
OK: P:\Photo\Из Сети\Оксана\[vk] ))))))))))\117497928_12.jpg
✅ CRC OK: P:\Photo\Из Сети\Оксана\[vk] ))))))))))\117497928_12.jpg (dedd764a)
OK: P:\Photo\Из Сети\Оксана\[vk] ))))))))))\117497928_13.jpg
✅ CRC OK: P:\Photo\Из Сети\Оксана\[vk] ))))))))))\117497928_13.jpg (3eda6466)
OK: P:\Photo\Из Сети\Оксана\[vk] ))))))))))\117497928_14.jpg
✅ CRC OK: P:\Photo\Из Сети\Оксана\[vk] ))))))))))\117497928_14.jpg (89ecbb6f)
OK: P:\Photo\Из Сети\Оксана\[vk] ))))))))))\117497928_15.jpg
✅ CRC OK: P:\Photo\Из Сети\Оксана\[vk] ))))))))))\117497928_15.jpg (67622d54)
OK: P:\Photo\Из Сети\Оксана\[vk] ))))))))))\117497928_16.jpg
✅ CRC OK: P:\Photo\Из Сети\Оксана\[vk] ))))))))))\117497928_16.jpg (93309e7b)
OK: P:\Photo\Из Сети\Оксана\[vk] ))))))))))\117497928_17.jpg
✅ CRC OK: P:\Photo\Из Сети\Оксана\[vk] ))))))))))\117497928_17.jpg (975e3870)
OK: P:\Photo\Из Сети\Оксана\[vk] ))))))))))\117497928_18.jpg
✅ CRC OK: P:\Photo\Из Сети\Оксана\[vk] ))))))))))\117497928_18.jpg (5abbff93)
OK: P:\Photo\Из Сети\Оксана\[vk] ))))))))))\117497928_19.jpg
✅ CRC OK: P:\Photo\Из Сети\Оксана\[vk] ))))))))))\117497928_19.jpg (1f77959b)
OK: P:\Photo\Из Сети\Оксана\[vk] ))))))))))\117497928_2.jpg
✅ CRC OK: P:\Photo\Из Сети\Оксана\[vk] ))))))))))\117497928_2.jpg (1cb0ee91)
OK: P:\Photo\Из Сети\Оксана\[vk] ))))))))))\117497928_20.jpg
✅ CRC OK: P:\Photo\Из Сети\Оксана\[vk] ))))))))))\117497928_20.jpg (bf956c73)
OK: P:\Photo\Из Сети\Оксана\[vk] ))))))))))\117497928_21.jpg
✅ CRC OK: P:\Photo\Из Сети\Оксана\[vk] ))))))))))\117497928_21.jpg (4e686311)
OK: P:\Photo\Из Сети\Оксана\[vk] ))))))))))\117497928_22.jpg
✅ CRC OK: P:\Photo\Из Сети\Оксана\[vk] ))))))))))\117497928_22.jpg (74ac5430)
OK: P:\Photo\Из Сети\Оксана\[vk] ))))))))))\117497928_23.jpg
✅ CRC OK: P:\Photo\Из Сети\Оксана\[vk] ))))))))))\117497928_23.jpg (8ec254e1)
OK: P:\Photo\Из Сети\Оксана\[vk] ))))))))))\117497928_24.jpg
✅ CRC OK: P:\Photo\Из Сети\Оксана\[vk] ))))))))))\117497928_24.jpg (44c2acd3)
OK: P:\Photo\Из Сети\Оксана\[vk] ))))))))))\117497928_25.jpg
✅ CRC OK: P:\Photo\Из Сети\Оксана\[vk] ))))))))))\117497928_25.jpg (ebed03c8)
OK: P:\Photo\Из Сети\Оксана\[vk] ))))))))))\117497928_26.jpg
✅ CRC OK: P:\Photo\Из Сети\Оксана\[vk] ))))))))))\117497928_26.jpg (3856ef6b)
OK: P:\Photo\Из Сети\Оксана\[vk] ))))))))))\117497928_27.jpg
✅ CRC OK: P:\Photo\Из Сети\Оксана\[vk] ))))))))))\117497928_27.jpg (c5b50546)
OK: P:\Photo\Из Сети\Оксана\[vk] ))))))))))\117497928_28.jpg
✅ CRC OK: P:\Photo\Из Сети\Оксана\[vk] ))))))))))\117497928_28.jpg (d75d4aa4)
OK: P:\Photo\Из Сети\Оксана\[vk] ))))))))))\117497928_29.jpg
✅ CRC OK: P:\Photo\Из Сети\Оксана\[vk] ))))))))))\117497928_29.jpg (f6bd084f)
OK: P:\Photo\Из Сети\Оксана\[vk] ))))))))))\117497928_3.jpg
✅ CRC OK: P:\Photo\Из Сети\Оксана\[vk] ))))))))))\117497928_3.jpg (ecc4a478)
OK: P:\Photo\Из Сети\Оксана\[vk] ))))))))))\117497928_30.jpg
✅ CRC OK: P:\Photo\Из Сети\Оксана\[vk] ))))))))))\117497928_30.jpg (00b887c6)
OK: P:\Photo\Из Сети\Оксана\[vk] ))))))))))\117497928_31.jpg
✅ CRC OK: P:\Photo\Из Сети\Оксана\[vk] ))))))))))\117497928_31.jpg (f7270cdd)
OK: P:\Photo\Из Сети\Оксана\[vk] ))))))))))\117497928_32.jpg
✅ CRC OK: P:\Photo\Из Сети\Оксана\[vk] ))))))))))\117497928_32.jpg (93ffd61c)
OK: P:\Photo\Из Сети\Оксана\[vk] ))))))))))\117497928_33.jpg
✅ CRC OK: P:\Photo\Из Сети\Оксана\[vk] ))))))))))\117497928_33.jpg (13ee2540)
OK: P:\Photo\Из Сети\Оксана\[vk] ))))))))))\117497928_34.jpg
✅ CRC OK: P:\Photo\Из Сети\Оксана\[vk] ))))))))))\117497928_34.jpg (72b8a91e)
OK: P:\Photo\Из Сети\Оксана\[vk] ))))))))))\117497928_35.jpg
✅ CRC OK: P:\Photo\Из Сети\Оксана\[vk] ))))))))))\117497928_35.jpg (2157412f)
OK: P:\Photo\Из Сети\Оксана\[vk] ))))))))))\117497928_4.jpg
✅ CRC OK: P:\Photo\Из Сети\Оксана\[vk] ))))))))))\117497928_4.jpg (ca84e37b)
OK: P:\Photo\Из Сети\Оксана\[vk] ))))))))))\117497928_5.jpg
✅ CRC OK: P:\Photo\Из Сети\Оксана\[vk] ))))))))))\117497928_5.jpg (f4b368f3)
OK: P:\Photo\Из Сети\Оксана\[vk] ))))))))))\117497928_6.jpg
✅ CRC OK: P:\Photo\Из Сети\Оксана\[vk] ))))))))))\117497928_6.jpg (3d94e323)
OK: P:\Photo\Из Сети\Оксана\[vk] ))))))))))\117497928_7.jpg
✅ CRC OK: P:\Photo\Из Сети\Оксана\[vk] ))))))))))\117497928_7.jpg (28882965)
OK: P:\Photo\Из Сети\Оксана\[vk] ))))))))))\117497928_8.jpg
✅ CRC OK: P:\Photo\Из Сети\Оксана\[vk] ))))))))))\117497928_8.jpg (66733906)
OK: P:\Photo\Из Сети\Оксана\[vk] ))))))))))\117497928_9.jpg
✅ CRC OK: P:\Photo\Из Сети\Оксана\[vk] ))))))))))\117497928_9.jpg (db4f80a4)
OK: P:\Photo\Из Сети\Оксана\[vk] ))))))))))\1759f250.jpg
✅ CRC OK: P:\Photo\Из Сети\Оксана\[vk] ))))))))))\1759f250.jpg (1c9e3b53)
OK: P:\Photo\Из Сети\Оксана\[vk] ))))))))))\1d528955.jpg
✅ CRC OK: P:\Photo\Из Сети\Оксана\[vk] ))))))))))\1d528955.jpg (ebf4d2ff)
OK: P:\Photo\Из Сети\Оксана\[vk] ))))))))))\1eb3b76a.jpg
✅ CRC OK: P:\Photo\Из Сети\Оксана\[vk] ))))))))))\1eb3b76a.jpg (3cb95ace)
OK: P:\Photo\Из Сети\Оксана\[vk] ))))))))))\2c5e6eff.jpg
✅ CRC OK: P:\Photo\Из Сети\Оксана\[vk] ))))))))))\2c5e6eff.jpg (740cd6c3)
OK: P:\Photo\Из Сети\Оксана\[vk] ))))))))))\2c93e27d.jpg
✅ CRC OK: P:\Photo\Из Сети\Оксана\[vk] ))))))))))\2c93e27d.jpg (a42333ee)
OK: P:\Photo\Из Сети\Оксана\[vk] ))))))))))\308972c8.jpg
✅ CRC OK: P:\Photo\Из Сети\Оксана\[vk] ))))))))))\308972c8.jpg (25443f34)
OK: P:\Photo\Из Сети\Оксана\[vk] ))))))))))\44db5dab.jpg
✅ CRC OK: P:\Photo\Из Сети\Оксана\[vk] ))))))))))\44db5dab.jpg (77c7464b)
OK: P:\Photo\Из Сети\Оксана\[vk] ))))))))))\4ce537e5.jpg
✅ CRC OK: P:\Photo\Из Сети\Оксана\[vk] ))))))))))\4ce537e5.jpg (90e6e3d5)
OK: P:\Photo\Из Сети\Оксана\[vk] ))))))))))\5359253c.jpg
✅ CRC OK: P:\Photo\Из Сети\Оксана\[vk] ))))))))))\5359253c.jpg (3bbb135d)
OK: P:\Photo\Из Сети\Оксана\[vk] ))))))))))\5551ce73.jpg
✅ CRC OK: P:\Photo\Из Сети\Оксана\[vk] ))))))))))\5551ce73.jpg (58c1381e)
OK: P:\Photo\Из Сети\Оксана\[vk] ))))))))))\557aa481.jpg
✅ CRC OK: P:\Photo\Из Сети\Оксана\[vk] ))))))))))\557aa481.jpg (54315ca7)
OK: P:\Photo\Из Сети\Оксана\[vk] ))))))))))\6229cafd.jpg
✅ CRC OK: P:\Photo\Из Сети\Оксана\[vk] ))))))))))\6229cafd.jpg (fe708949)
OK: P:\Photo\Из Сети\Оксана\[vk] ))))))))))\65fedceb.jpg
✅ CRC OK: P:\Photo\Из Сети\Оксана\[vk] ))))))))))\65fedceb.jpg (4ae5c997)
OK: P:\Photo\Из Сети\Оксана\[vk] ))))))))))\6b47cd77.jpg
✅ CRC OK: P:\Photo\Из Сети\Оксана\[vk] ))))))))))\6b47cd77.jpg (a4ac81d2)
OK: P:\Photo\Из Сети\Оксана\[vk] ))))))))))\6f674fab.jpg
✅ CRC OK: P:\Photo\Из Сети\Оксана\[vk] ))))))))))\6f674fab.jpg (81114e15)
OK: P:\Photo\Из Сети\Оксана\[vk] ))))))))))\80710969.jpg
✅ CRC OK: P:\Photo\Из Сети\Оксана\[vk] ))))))))))\80710969.jpg (46e00aa5)
OK: P:\Photo\Из Сети\Оксана\[vk] ))))))))))\895b0245.jpg
✅ CRC OK: P:\Photo\Из Сети\Оксана\[vk] ))))))))))\895b0245.jpg (70d87b6d)
OK: P:\Photo\Из Сети\Оксана\[vk] ))))))))))\899fba45.jpg
✅ CRC OK: P:\Photo\Из Сети\Оксана\[vk] ))))))))))\899fba45.jpg (282faa91)
OK: P:\Photo\Из Сети\Оксана\[vk] ))))))))))\91ccb9bd.jpg
✅ CRC OK: P:\Photo\Из Сети\Оксана\[vk] ))))))))))\91ccb9bd.jpg (87fb0a81)
OK: P:\Photo\Из Сети\Оксана\[vk] ))))))))))\9960311b.jpg
✅ CRC OK: P:\Photo\Из Сети\Оксана\[vk] ))))))))))\9960311b.jpg (13f46162)
OK: P:\Photo\Из Сети\Оксана\[vk] ))))))))))\99eca0d5.jpg
✅ CRC OK: P:\Photo\Из Сети\Оксана\[vk] ))))))))))\99eca0d5.jpg (76ea047a)
OK: P:\Photo\Из Сети\Оксана\[vk] ))))))))))\9e63f514.jpg
✅ CRC OK: P:\Photo\Из Сети\Оксана\[vk] ))))))))))\9e63f514.jpg (c4e75c0d)
OK: P:\Photo\Из Сети\Оксана\[vk] ))))))))))\9fa40e4a.jpg
✅ CRC OK: P:\Photo\Из Сети\Оксана\[vk] ))))))))))\9fa40e4a.jpg (3a8ae2a6)
OK: P:\Photo\Из Сети\Оксана\[vk] ))))))))))\a5ebb869.jpg
✅ CRC OK: P:\Photo\Из Сети\Оксана\[vk] ))))))))))\a5ebb869.jpg (369a370d)
OK: P:\Photo\Из Сети\Оксана\[vk] ))))))))))\a693650b.jpg
✅ CRC OK: P:\Photo\Из Сети\Оксана\[vk] ))))))))))\a693650b.jpg (6310b135)
OK: P:\Photo\Из Сети\Оксана\[vk] ))))))))))\af2d0fae.jpg
✅ CRC OK: P:\Photo\Из Сети\Оксана\[vk] ))))))))))\af2d0fae.jpg (996697e6)
OK: P:\Photo\Из Сети\Оксана\[vk] ))))))))))\b587d665.jpg
✅ CRC OK: P:\Photo\Из Сети\Оксана\[vk] ))))))))))\b587d665.jpg (722e4641)
OK: P:\Photo\Из Сети\Оксана\[vk] ))))))))))\bb7c0548.jpg
✅ CRC OK: P:\Photo\Из Сети\Оксана\[vk] ))))))))))\bb7c0548.jpg (93c2a40d)
OK: P:\Photo\Из Сети\Оксана\[vk] ))))))))))\c959d29d.jpg
✅ CRC OK: P:\Photo\Из Сети\Оксана\[vk] ))))))))))\c959d29d.jpg (619a0edb)
OK: P:\Photo\Из Сети\Оксана\[vk] ))))))))))\d4af1e1d.jpg
✅ CRC OK: P:\Photo\Из Сети\Оксана\[vk] ))))))))))\d4af1e1d.jpg (83edffaa)
OK: P:\Photo\Из Сети\Оксана\[vk] ))))))))))\d796dff2.jpg
✅ CRC OK: P:\Photo\Из Сети\Оксана\[vk] ))))))))))\d796dff2.jpg (7d0a3609)
OK: P:\Photo\Из Сети\Оксана\[vk] ))))))))))\d97a3a03.jpg
✅ CRC OK: P:\Photo\Из Сети\Оксана\[vk] ))))))))))\d97a3a03.jpg (6be7267a)
OK: P:\Photo\Из Сети\Оксана\[vk] ))))))))))\e0327dc4.jpg
✅ CRC OK: P:\Photo\Из Сети\Оксана\[vk] ))))))))))\e0327dc4.jpg (9531c54c)
OK: P:\Photo\Из Сети\Оксана\[vk] ))))))))))\e66c2878.jpg
✅ CRC OK: P:\Photo\Из Сети\Оксана\[vk] ))))))))))\e66c2878.jpg (3b66f88b)
OK: P:\Photo\Из Сети\Оксана\[vk] ))))))))))\ec786d4f.jpg
✅ CRC OK: P:\Photo\Из Сети\Оксана\[vk] ))))))))))\ec786d4f.jpg (c2e56c1f)
OK: P:\Photo\Из Сети\Оксана\[vk] ))))))))))\ee3dd2af.jpg
✅ CRC OK: P:\Photo\Из Сети\Оксана\[vk] ))))))))))\ee3dd2af.jpg (86c69206)
OK: P:\Photo\Из Сети\Оксана\[vk] ))))))))))\f58f6fdc.jpg
✅ CRC OK: P:\Photo\Из Сети\Оксана\[vk] ))))))))))\f58f6fdc.jpg (1c7999d5)
OK: P:\Photo\Из Сети\Оксана\[vk] My Photos)
OK: P:\Photo\Из Сети\Оксана\[vk] My Photos)\127084328_1.jpg
✅ CRC OK: P:\Photo\Из Сети\Оксана\[vk] My Photos)\127084328_1.jpg (f48d0fc1)
OK: P:\Photo\Из Сети\Оксана\[vk] My Photos)\127084328_10.jpg
✅ CRC OK: P:\Photo\Из Сети\Оксана\[vk] My Photos)\127084328_10.jpg (809923ec)
OK: P:\Photo\Из Сети\Оксана\[vk] My Photos)\127084328_11.jpg
✅ CRC OK: P:\Photo\Из Сети\Оксана\[vk] My Photos)\127084328_11.jpg (876d391d)
OK: P:\Photo\Из Сети\Оксана\[vk] My Photos)\127084328_12.jpg
✅ CRC OK: P:\Photo\Из Сети\Оксана\[vk] My Photos)\127084328_12.jpg (1f122632)
OK: P:\Photo\Из Сети\Оксана\[vk] My Photos)\127084328_2.jpg
✅ CRC OK: P:\Photo\Из Сети\Оксана\[vk] My Photos)\127084328_2.jpg (3d92ad13)
OK: P:\Photo\Из Сети\Оксана\[vk] My Photos)\127084328_3.jpg
✅ CRC OK: P:\Photo\Из Сети\Оксана\[vk] My Photos)\127084328_3.jpg (1ed64702)
OK: P:\Photo\Из Сети\Оксана\[vk] My Photos)\127084328_4.jpg
✅ CRC OK: P:\Photo\Из Сети\Оксана\[vk] My Photos)\127084328_4.jpg (3cf95095)
OK: P:\Photo\Из Сети\Оксана\[vk] My Photos)\127084328_5.jpg
✅ CRC OK: P:\Photo\Из Сети\Оксана\[vk] My Photos)\127084328_5.jpg (6fc89174)
OK: P:\Photo\Из Сети\Оксана\[vk] My Photos)\127084328_6.jpg
✅ CRC OK: P:\Photo\Из Сети\Оксана\[vk] My Photos)\127084328_6.jpg (11edbae7)
OK: P:\Photo\Из Сети\Оксана\[vk] My Photos)\127084328_7.jpg
✅ CRC OK: P:\Photo\Из Сети\Оксана\[vk] My Photos)\127084328_7.jpg (d24b1084)
OK: P:\Photo\Из Сети\Оксана\[vk] My Photos)\127084328_8.jpg
✅ CRC OK: P:\Photo\Из Сети\Оксана\[vk] My Photos)\127084328_8.jpg (9e53eec7)
OK: P:\Photo\Из Сети\Оксана\[vk] My Photos)\127084328_9.jpg
✅ CRC OK: P:\Photo\Из Сети\Оксана\[vk] My Photos)\127084328_9.jpg (01a499ed)
OK: P:\Photo\Из Сети\Оксана\[vk] New Year 2011
OK: P:\Photo\Из Сети\Оксана\[vk] New Year 2011\124788422_1.jpg
✅ CRC OK: P:\Photo\Из Сети\Оксана\[vk] New Year 2011\124788422_1.jpg (ccb71324)
OK: P:\Photo\Из Сети\Оксана\[vk] New Year 2011\124788422_10.jpg
✅ CRC OK: P:\Photo\Из Сети\Оксана\[vk] New Year 2011\124788422_10.jpg (98eb81c7)
OK: P:\Photo\Из Сети\Оксана\[vk] New Year 2011\124788422_11.jpg
✅ CRC OK: P:\Photo\Из Сети\Оксана\[vk] New Year 2011\124788422_11.jpg (96c3f434)
OK: P:\Photo\Из Сети\Оксана\[vk] New Year 2011\124788422_12.jpg
✅ CRC OK: P:\Photo\Из Сети\Оксана\[vk] New Year 2011\124788422_12.jpg (2a5fd2a2)
OK: P:\Photo\Из Сети\Оксана\[vk] New Year 2011\124788422_13.jpg
✅ CRC OK: P:\Photo\Из Сети\Оксана\[vk] New Year 2011\124788422_13.jpg (4dccd127)
OK: P:\Photo\Из Сети\Оксана\[vk] New Year 2011\124788422_14.jpg
✅ CRC OK: P:\Photo\Из Сети\Оксана\[vk] New Year 2011\124788422_14.jpg (2ffef60d)
OK: P:\Photo\Из Сети\Оксана\[vk] New Year 2011\124788422_15.jpg
✅ CRC OK: P:\Photo\Из Сети\Оксана\[vk] New Year 2011\124788422_15.jpg (0733a385)
OK: P:\Photo\Из Сети\Оксана\[vk] New Year 2011\124788422_16.jpg
✅ CRC OK: P:\Photo\Из Сети\Оксана\[vk] New Year 2011\124788422_16.jpg (25782967)
OK: P:\Photo\Из Сети\Оксана\[vk] New Year 2011\124788422_17.jpg
✅ CRC OK: P:\Photo\Из Сети\Оксана\[vk] New Year 2011\124788422_17.jpg (02031ec9)
OK: P:\Photo\Из Сети\Оксана\[vk] New Year 2011\124788422_18.jpg
✅ CRC OK: P:\Photo\Из Сети\Оксана\[vk] New Year 2011\124788422_18.jpg (bb2e2098)
OK: P:\Photo\Из Сети\Оксана\[vk] New Year 2011\124788422_19.jpg
✅ CRC OK: P:\Photo\Из Сети\Оксана\[vk] New Year 2011\124788422_19.jpg (bbc5ae69)
OK: P:\Photo\Из Сети\Оксана\[vk] New Year 2011\124788422_2.jpg
✅ CRC OK: P:\Photo\Из Сети\Оксана\[vk] New Year 2011\124788422_2.jpg (16fe84f7)
OK: P:\Photo\Из Сети\Оксана\[vk] New Year 2011\124788422_20.jpg
✅ CRC OK: P:\Photo\Из Сети\Оксана\[vk] New Year 2011\124788422_20.jpg (8ad5a027)
OK: P:\Photo\Из Сети\Оксана\[vk] New Year 2011\124788422_21.jpg
✅ CRC OK: P:\Photo\Из Сети\Оксана\[vk] New Year 2011\124788422_21.jpg (c881f640)
OK: P:\Photo\Из Сети\Оксана\[vk] New Year 2011\124788422_22.jpg
✅ CRC OK: P:\Photo\Из Сети\Оксана\[vk] New Year 2011\124788422_22.jpg (610ca108)
OK: P:\Photo\Из Сети\Оксана\[vk] New Year 2011\124788422_23.jpg
✅ CRC OK: P:\Photo\Из Сети\Оксана\[vk] New Year 2011\124788422_23.jpg (5f09a0bf)
OK: P:\Photo\Из Сети\Оксана\[vk] New Year 2011\124788422_24.jpg
✅ CRC OK: P:\Photo\Из Сети\Оксана\[vk] New Year 2011\124788422_24.jpg (6743e9f4)
OK: P:\Photo\Из Сети\Оксана\[vk] New Year 2011\124788422_26.jpg
✅ CRC OK: P:\Photo\Из Сети\Оксана\[vk] New Year 2011\124788422_26.jpg (c886abae)
OK: P:\Photo\Из Сети\Оксана\[vk] New Year 2011\124788422_27.jpg
✅ CRC OK: P:\Photo\Из Сети\Оксана\[vk] New Year 2011\124788422_27.jpg (df3ce22c)
OK: P:\Photo\Из Сети\Оксана\[vk] New Year 2011\124788422_29.jpg
✅ CRC OK: P:\Photo\Из Сети\Оксана\[vk] New Year 2011\124788422_29.jpg (f9f1aeb7)
OK: P:\Photo\Из Сети\Оксана\[vk] New Year 2011\124788422_3.jpg
✅ CRC OK: P:\Photo\Из Сети\Оксана\[vk] New Year 2011\124788422_3.jpg (85cf80ee)
OK: P:\Photo\Из Сети\Оксана\[vk] New Year 2011\124788422_30.jpg
✅ CRC OK: P:\Photo\Из Сети\Оксана\[vk] New Year 2011\124788422_30.jpg (89a6a43c)
OK: P:\Photo\Из Сети\Оксана\[vk] New Year 2011\124788422_31.jpg
✅ CRC OK: P:\Photo\Из Сети\Оксана\[vk] New Year 2011\124788422_31.jpg (82f09be9)
OK: P:\Photo\Из Сети\Оксана\[vk] New Year 2011\124788422_32.jpg
✅ CRC OK: P:\Photo\Из Сети\Оксана\[vk] New Year 2011\124788422_32.jpg (3946989b)
OK: P:\Photo\Из Сети\Оксана\[vk] New Year 2011\124788422_33.jpg
✅ CRC OK: P:\Photo\Из Сети\Оксана\[vk] New Year 2011\124788422_33.jpg (668c0279)
OK: P:\Photo\Из Сети\Оксана\[vk] New Year 2011\124788422_4.jpg
✅ CRC OK: P:\Photo\Из Сети\Оксана\[vk] New Year 2011\124788422_4.jpg (2efa9676)
OK: P:\Photo\Из Сети\Оксана\[vk] New Year 2011\124788422_5.jpg
✅ CRC OK: P:\Photo\Из Сети\Оксана\[vk] New Year 2011\124788422_5.jpg (b8282c11)
OK: P:\Photo\Из Сети\Оксана\[vk] New Year 2011\124788422_6.jpg
✅ CRC OK: P:\Photo\Из Сети\Оксана\[vk] New Year 2011\124788422_6.jpg (1a16327d)
OK: P:\Photo\Из Сети\Оксана\[vk] New Year 2011\124788422_7.jpg
✅ CRC OK: P:\Photo\Из Сети\Оксана\[vk] New Year 2011\124788422_7.jpg (7e03ff8a)
OK: P:\Photo\Из Сети\Оксана\[vk] New Year 2011\124788422_8.jpg
✅ CRC OK: P:\Photo\Из Сети\Оксана\[vk] New Year 2011\124788422_8.jpg (16d148a6)
OK: P:\Photo\Из Сети\Оксана\[vk] New Year 2011\124788422_9.jpg
✅ CRC OK: P:\Photo\Из Сети\Оксана\[vk] New Year 2011\124788422_9.jpg (5ddc6fe3)
OK: P:\Photo\Из Сети\Оксана\[vk] once in spring
OK: P:\Photo\Из Сети\Оксана\[vk] once in spring\108700719_1.jpg
✅ CRC OK: P:\Photo\Из Сети\Оксана\[vk] once in spring\108700719_1.jpg (c5ca2388)
OK: P:\Photo\Из Сети\Оксана\[vk] once in spring\108700719_10.jpg
✅ CRC OK: P:\Photo\Из Сети\Оксана\[vk] once in spring\108700719_10.jpg (1e6064d1)
OK: P:\Photo\Из Сети\Оксана\[vk] once in spring\108700719_11.jpg
✅ CRC OK: P:\Photo\Из Сети\Оксана\[vk] once in spring\108700719_11.jpg (e17882ed)
OK: P:\Photo\Из Сети\Оксана\[vk] once in spring\108700719_12.jpg
✅ CRC OK: P:\Photo\Из Сети\Оксана\[vk] once in spring\108700719_12.jpg (b05e1b3a)
OK: P:\Photo\Из Сети\Оксана\[vk] once in spring\108700719_13.jpg
✅ CRC OK: P:\Photo\Из Сети\Оксана\[vk] once in spring\108700719_13.jpg (861d45be)
OK: P:\Photo\Из Сети\Оксана\[vk] once in spring\108700719_14.jpg
✅ CRC OK: P:\Photo\Из Сети\Оксана\[vk] once in spring\108700719_14.jpg (d14187a4)
OK: P:\Photo\Из Сети\Оксана\[vk] once in spring\108700719_15.jpg
✅ CRC OK: P:\Photo\Из Сети\Оксана\[vk] once in spring\108700719_15.jpg (a913078c)
OK: P:\Photo\Из Сети\Оксана\[vk] once in spring\108700719_16.jpg
✅ CRC OK: P:\Photo\Из Сети\Оксана\[vk] once in spring\108700719_16.jpg (b3e6558c)
OK: P:\Photo\Из Сети\Оксана\[vk] once in spring\108700719_17.jpg
✅ CRC OK: P:\Photo\Из Сети\Оксана\[vk] once in spring\108700719_17.jpg (71565bb6)
OK: P:\Photo\Из Сети\Оксана\[vk] once in spring\108700719_18.jpg
✅ CRC OK: P:\Photo\Из Сети\Оксана\[vk] once in spring\108700719_18.jpg (690d3967)
OK: P:\Photo\Из Сети\Оксана\[vk] once in spring\108700719_19.jpg
✅ CRC OK: P:\Photo\Из Сети\Оксана\[vk] once in spring\108700719_19.jpg (2195e911)
OK: P:\Photo\Из Сети\Оксана\[vk] once in spring\108700719_2.jpg
✅ CRC OK: P:\Photo\Из Сети\Оксана\[vk] once in spring\108700719_2.jpg (3f0a8c7f)
OK: P:\Photo\Из Сети\Оксана\[vk] once in spring\108700719_20.jpg
✅ CRC OK: P:\Photo\Из Сети\Оксана\[vk] once in spring\108700719_20.jpg (dcc6a7d6)
OK: P:\Photo\Из Сети\Оксана\[vk] once in spring\108700719_21.jpg
✅ CRC OK: P:\Photo\Из Сети\Оксана\[vk] once in spring\108700719_21.jpg (0ad419a1)
OK: P:\Photo\Из Сети\Оксана\[vk] once in spring\108700719_22.jpg
✅ CRC OK: P:\Photo\Из Сети\Оксана\[vk] once in spring\108700719_22.jpg (47bd9e71)
OK: P:\Photo\Из Сети\Оксана\[vk] once in spring\108700719_24.jpg
✅ CRC OK: P:\Photo\Из Сети\Оксана\[vk] once in spring\108700719_24.jpg (874b4dca)
OK: P:\Photo\Из Сети\Оксана\[vk] once in spring\108700719_25.jpg
✅ CRC OK: P:\Photo\Из Сети\Оксана\[vk] once in spring\108700719_25.jpg (435c675b)
OK: P:\Photo\Из Сети\Оксана\[vk] once in spring\108700719_26.jpg
✅ CRC OK: P:\Photo\Из Сети\Оксана\[vk] once in spring\108700719_26.jpg (6df63a11)
OK: P:\Photo\Из Сети\Оксана\[vk] once in spring\108700719_27.jpg
✅ CRC OK: P:\Photo\Из Сети\Оксана\[vk] once in spring\108700719_27.jpg (52ceac4f)
OK: P:\Photo\Из Сети\Оксана\[vk] once in spring\108700719_28.jpg
✅ CRC OK: P:\Photo\Из Сети\Оксана\[vk] once in spring\108700719_28.jpg (a81675df)
OK: P:\Photo\Из Сети\Оксана\[vk] once in spring\108700719_3.jpg
✅ CRC OK: P:\Photo\Из Сети\Оксана\[vk] once in spring\108700719_3.jpg (4e7439b7)
OK: P:\Photo\Из Сети\Оксана\[vk] once in spring\108700719_4.jpg
✅ CRC OK: P:\Photo\Из Сети\Оксана\[vk] once in spring\108700719_4.jpg (bf889617)
OK: P:\Photo\Из Сети\Оксана\[vk] once in spring\108700719_5.jpg
✅ CRC OK: P:\Photo\Из Сети\Оксана\[vk] once in spring\108700719_5.jpg (66a28fe6)
OK: P:\Photo\Из Сети\Оксана\[vk] once in spring\108700719_6.jpg
✅ CRC OK: P:\Photo\Из Сети\Оксана\[vk] once in spring\108700719_6.jpg (7a26eda5)
OK: P:\Photo\Из Сети\Оксана\[vk] once in spring\108700719_7.jpg
✅ CRC OK: P:\Photo\Из Сети\Оксана\[vk] once in spring\108700719_7.jpg (0709a602)
OK: P:\Photo\Из Сети\Оксана\[vk] once in spring\108700719_8.jpg
✅ CRC OK: P:\Photo\Из Сети\Оксана\[vk] once in spring\108700719_8.jpg (c1b836ad)
OK: P:\Photo\Из Сети\Оксана\[vk] once in spring\108700719_9.jpg
✅ CRC OK: P:\Photo\Из Сети\Оксана\[vk] once in spring\108700719_9.jpg (4dad5a77)
OK: P:\Photo\Из Сети\Оксана\[vk] Египет)
OK: P:\Photo\Из Сети\Оксана\[vk] Египет)\101381290_22.jpg
✅ CRC OK: P:\Photo\Из Сети\Оксана\[vk] Египет)\101381290_22.jpg (007e568f)
OK: P:\Photo\Из Сети\Оксана\[vk] Египет)\101381290_25.jpg
✅ CRC OK: P:\Photo\Из Сети\Оксана\[vk] Египет)\101381290_25.jpg (4cfbb712)
OK: P:\Photo\Из Сети\Оксана\[vk] Египет)\101381290_29.jpg
✅ CRC OK: P:\Photo\Из Сети\Оксана\[vk] Египет)\101381290_29.jpg (36fefcdb)
OK: P:\Photo\Из Сети\Оксана\[vk] Отдых))
OK: P:\Photo\Из Сети\Оксана\[vk] Отдых))\95895045_1.jpg
✅ CRC OK: P:\Photo\Из Сети\Оксана\[vk] Отдых))\95895045_1.jpg (1e576e8c)
OK: P:\Photo\Из Сети\Оксана\[vk] Отдых))\95895045_11.jpg
✅ CRC OK: P:\Photo\Из Сети\Оксана\[vk] Отдых))\95895045_11.jpg (dec6a6ac)
OK: P:\Photo\Из Сети\Оксана\[vk] Отдых))\95895045_12.jpg
✅ CRC OK: P:\Photo\Из Сети\Оксана\[vk] Отдых))\95895045_12.jpg (6813ce7a)
OK: P:\Photo\Из Сети\Оксана\[vk] Отдых))\95895045_13.jpg
✅ CRC OK: P:\Photo\Из Сети\Оксана\[vk] Отдых))\95895045_13.jpg (31420314)
OK: P:\Photo\Из Сети\Оксана\[vk] Отдых))\95895045_14.jpg
✅ CRC OK: P:\Photo\Из Сети\Оксана\[vk] Отдых))\95895045_14.jpg (6293e0f3)
OK: P:\Photo\Из Сети\Оксана\[vk] Отдых))\95895045_18.jpg
✅ CRC OK: P:\Photo\Из Сети\Оксана\[vk] Отдых))\95895045_18.jpg (657b2d4a)
OK: P:\Photo\Из Сети\Оксана\[vk] Отдых))\95895045_19.jpg
✅ CRC OK: P:\Photo\Из Сети\Оксана\[vk] Отдых))\95895045_19.jpg (01eb23c2)
OK: P:\Photo\Из Сети\Оксана\[vk] Отдых))\95895045_21.jpg
✅ CRC OK: P:\Photo\Из Сети\Оксана\[vk] Отдых))\95895045_21.jpg (14a12cfe)
OK: P:\Photo\Из Сети\Оксана\[vk] Отдых))\95895045_23.jpg
✅ CRC OK: P:\Photo\Из Сети\Оксана\[vk] Отдых))\95895045_23.jpg (ebdf49c9)
OK: P:\Photo\Из Сети\Оксана\[vk] Отдых))\95895045_24.jpg
✅ CRC OK: P:\Photo\Из Сети\Оксана\[vk] Отдых))\95895045_24.jpg (96b9fe65)
OK: P:\Photo\Из Сети\Оксана\[vk] Отдых))\95895045_25.jpg
✅ CRC OK: P:\Photo\Из Сети\Оксана\[vk] Отдых))\95895045_25.jpg (205b77e9)
OK: P:\Photo\Из Сети\Оксана\[vk] Отдых))\95895045_26.jpg
✅ CRC OK: P:\Photo\Из Сети\Оксана\[vk] Отдых))\95895045_26.jpg (89440c38)
OK: P:\Photo\Из Сети\Оксана\[vk] Отдых))\95895045_27.jpg
✅ CRC OK: P:\Photo\Из Сети\Оксана\[vk] Отдых))\95895045_27.jpg (291553a2)
OK: P:\Photo\Из Сети\Оксана\[vk] Отдых))\95895045_28.jpg
✅ CRC OK: P:\Photo\Из Сети\Оксана\[vk] Отдых))\95895045_28.jpg (51d5657e)
OK: P:\Photo\Из Сети\Оксана\[vk] Отдых))\95895045_29.jpg
✅ CRC OK: P:\Photo\Из Сети\Оксана\[vk] Отдых))\95895045_29.jpg (c9e58673)
OK: P:\Photo\Из Сети\Оксана\[vk] Отдых))\95895045_3.jpg
✅ CRC OK: P:\Photo\Из Сети\Оксана\[vk] Отдых))\95895045_3.jpg (ffced8ca)
OK: P:\Photo\Из Сети\Оксана\[vk] Отдых))\95895045_30.jpg
✅ CRC OK: P:\Photo\Из Сети\Оксана\[vk] Отдых))\95895045_30.jpg (f07d9dcc)
OK: P:\Photo\Из Сети\Оксана\[vk] Отдых))\95895045_31.jpg
✅ CRC OK: P:\Photo\Из Сети\Оксана\[vk] Отдых))\95895045_31.jpg (54eda481)
OK: P:\Photo\Из Сети\Оксана\[vk] Отдых))\95895045_5.jpg
✅ CRC OK: P:\Photo\Из Сети\Оксана\[vk] Отдых))\95895045_5.jpg (ce3a3aa8)
OK: P:\Photo\Из Сети\Оксана\[vk] Отдых))\95895045_6.jpg
✅ CRC OK: P:\Photo\Из Сети\Оксана\[vk] Отдых))\95895045_6.jpg (d7308273)
OK: P:\Photo\Из Сети\Оксана\[vk] Отдых))\95895045_7.jpg
✅ CRC OK: P:\Photo\Из Сети\Оксана\[vk] Отдых))\95895045_7.jpg (56dda195)
OK: P:\Photo\Из Сети\Оксана\[vk] Отдых))\95895045_8.jpg
✅ CRC OK: P:\Photo\Из Сети\Оксана\[vk] Отдых))\95895045_8.jpg (b0264598)
OK: P:\Photo\Из Сети\Оксана\[vk] Отдых))\95895045_9.jpg
✅ CRC OK: P:\Photo\Из Сети\Оксана\[vk] Отдых))\95895045_9.jpg (fe2ecaff)
OK: P:\Photo\Из Сети\Оксана\[vk] Питер
OK: P:\Photo\Из Сети\Оксана\[vk] Питер\121685926_1.jpg
✅ CRC OK: P:\Photo\Из Сети\Оксана\[vk] Питер\121685926_1.jpg (b4730b07)
OK: P:\Photo\Из Сети\Оксана\[vk] Питер\121685926_10.jpg
✅ CRC OK: P:\Photo\Из Сети\Оксана\[vk] Питер\121685926_10.jpg (d9f054fa)
OK: P:\Photo\Из Сети\Оксана\[vk] Питер\121685926_2.jpg
✅ CRC OK: P:\Photo\Из Сети\Оксана\[vk] Питер\121685926_2.jpg (d78dc533)
OK: P:\Photo\Из Сети\Оксана\[vk] Питер\121685926_3.jpg
✅ CRC OK: P:\Photo\Из Сети\Оксана\[vk] Питер\121685926_3.jpg (410b78b5)
OK: P:\Photo\Из Сети\Оксана\[vk] Питер\121685926_4.jpg
✅ CRC OK: P:\Photo\Из Сети\Оксана\[vk] Питер\121685926_4.jpg (01b49ddc)
OK: P:\Photo\Из Сети\Оксана\[vk] Питер\121685926_5.jpg
✅ CRC OK: P:\Photo\Из Сети\Оксана\[vk] Питер\121685926_5.jpg (59bff68e)
OK: P:\Photo\Из Сети\Оксана\[vk] Питер\121685926_6.jpg
✅ CRC OK: P:\Photo\Из Сети\Оксана\[vk] Питер\121685926_6.jpg (59e96da5)
OK: P:\Photo\Из Сети\Оксана\[vk] Питер\121685926_7.jpg
✅ CRC OK: P:\Photo\Из Сети\Оксана\[vk] Питер\121685926_7.jpg (ac97cfd4)
OK: P:\Photo\Из Сети\Оксана\[vk] Питер\121685926_8.jpg
✅ CRC OK: P:\Photo\Из Сети\Оксана\[vk] Питер\121685926_8.jpg (a0e98a92)
OK: P:\Photo\Из Сети\Оксана\[vk] Питер\121685926_9.jpg
✅ CRC OK: P:\Photo\Из Сети\Оксана\[vk] Питер\121685926_9.jpg (309c36c6)
OK: P:\Photo\Из Сети\Оксана\[vk] Я и не только!
OK: P:\Photo\Из Сети\Оксана\[vk] Я и не только!\51301313_10.jpg
✅ CRC OK: P:\Photo\Из Сети\Оксана\[vk] Я и не только!\51301313_10.jpg (8221902b)
OK: P:\Photo\Из Сети\Оксана\[vk] Я и не только!\51301313_11.jpg
✅ CRC OK: P:\Photo\Из Сети\Оксана\[vk] Я и не только!\51301313_11.jpg (f0b85ba2)
OK: P:\Photo\Из Сети\Оксана\[vk] Я и не только!\51301313_17.jpg
✅ CRC OK: P:\Photo\Из Сети\Оксана\[vk] Я и не только!\51301313_17.jpg (883e038f)
OK: P:\Photo\Из Сети\Оксана\[vk] Я и не только!\51301313_18.jpg
✅ CRC OK: P:\Photo\Из Сети\Оксана\[vk] Я и не только!\51301313_18.jpg (32a637d0)
OK: P:\Photo\Из Сети\Оксана\[vk] Я и не только!\51301313_22.jpg
✅ CRC OK: P:\Photo\Из Сети\Оксана\[vk] Я и не только!\51301313_22.jpg (202a2ff0)
OK: P:\Photo\Из Сети\Оксана\[vk] Я и не только!\51301313_23.jpg
✅ CRC OK: P:\Photo\Из Сети\Оксана\[vk] Я и не только!\51301313_23.jpg (d5bc034d)
OK: P:\Photo\Из Сети\Оксана\[vk] Я и не только!\51301313_24.jpg
✅ CRC OK: P:\Photo\Из Сети\Оксана\[vk] Я и не только!\51301313_24.jpg (cd1885d9)
OK: P:\Photo\Из Сети\Оксана\[vk] Я и не только!\51301313_25.jpg
✅ CRC OK: P:\Photo\Из Сети\Оксана\[vk] Я и не только!\51301313_25.jpg (b12235e3)
OK: P:\Photo\Из Сети\Оксана\[vk] Я и не только!\51301313_26.jpg
✅ CRC OK: P:\Photo\Из Сети\Оксана\[vk] Я и не только!\51301313_26.jpg (50e10ff5)
OK: P:\Photo\Из Сети\Оксана\[vk] Я и не только!\51301313_27.jpg
✅ CRC OK: P:\Photo\Из Сети\Оксана\[vk] Я и не только!\51301313_27.jpg (13a75b3f)
OK: P:\Photo\Из Сети\Оксана\[vk] Я и не только!\51301313_28.jpg
✅ CRC OK: P:\Photo\Из Сети\Оксана\[vk] Я и не только!\51301313_28.jpg (c33018d4)
OK: P:\Photo\Из Сети\Оксана\[vk] Я и не только!\51301313_29.jpg
✅ CRC OK: P:\Photo\Из Сети\Оксана\[vk] Я и не только!\51301313_29.jpg (1fbff84e)
OK: P:\Photo\Из Сети\Оксана\[vk] Я и не только!\51301313_30.jpg
✅ CRC OK: P:\Photo\Из Сети\Оксана\[vk] Я и не только!\51301313_30.jpg (42150d4b)
OK: P:\Photo\Из Сети\Оксана\[vk] Я и не только!\51301313_31.jpg
✅ CRC OK: P:\Photo\Из Сети\Оксана\[vk] Я и не только!\51301313_31.jpg (d47d4ef2)
OK: P:\Photo\Из Сети\Оксана\[vk] Я и не только!\51301313_32.jpg
✅ CRC OK: P:\Photo\Из Сети\Оксана\[vk] Я и не только!\51301313_32.jpg (b71f5045)
OK: P:\Photo\Из Сети\Оксана\[vk] Я и не только!\51301313_33.jpg
✅ CRC OK: P:\Photo\Из Сети\Оксана\[vk] Я и не только!\51301313_33.jpg (b7069f54)
OK: P:\Photo\Из Сети\Оксана\[vk] Я и не только!\51301313_34.jpg
✅ CRC OK: P:\Photo\Из Сети\Оксана\[vk] Я и не только!\51301313_34.jpg (5bbb56cb)
OK: P:\Photo\Из Сети\Оксана\[vk] Я и не только!\51301313_35.jpg
✅ CRC OK: P:\Photo\Из Сети\Оксана\[vk] Я и не только!\51301313_35.jpg (00b664c5)
OK: P:\Photo\Из Сети\Оксана\[vk] Я и не только!\51301313_36.jpg
✅ CRC OK: P:\Photo\Из Сети\Оксана\[vk] Я и не только!\51301313_36.jpg (19caba18)
OK: P:\Photo\Из Сети\Оксана\[vk] Я и не только!\51301313_37.jpg
✅ CRC OK: P:\Photo\Из Сети\Оксана\[vk] Я и не только!\51301313_37.jpg (df948fde)
OK: P:\Photo\Из Сети\Оксана\[vk] Я и не только!\51301313_38.jpg
✅ CRC OK: P:\Photo\Из Сети\Оксана\[vk] Я и не только!\51301313_38.jpg (ecf03414)
OK: P:\Photo\Из Сети\Оксана\[vk] Я и не только!\51301313_39.jpg
✅ CRC OK: P:\Photo\Из Сети\Оксана\[vk] Я и не только!\51301313_39.jpg (089d8569)
OK: P:\Photo\Из Сети\Оксана\[vk] Я и не только!\51301313_4.jpg
✅ CRC OK: P:\Photo\Из Сети\Оксана\[vk] Я и не только!\51301313_4.jpg (0554d087)
OK: P:\Photo\Из Сети\Оксана\[vk] Я и не только!\51301313_40.jpg
✅ CRC OK: P:\Photo\Из Сети\Оксана\[vk] Я и не только!\51301313_40.jpg (f16ac84a)
OK: P:\Photo\Из Сети\Оксана\[vk] Я и не только!\51301313_9.jpg
✅ CRC OK: P:\Photo\Из Сети\Оксана\[vk] Я и не только!\51301313_9.jpg (65b03961)
OK: P:\Photo\Из Сети\Оксана\jV9ITHoN3R4.jpg
✅ CRC OK: P:\Photo\Из Сети\Оксана\jV9ITHoN3R4.jpg (1aa336b9)
OK: P:\Photo\Из Сети\Оксана\x_03de1a6f.jpg
✅ CRC OK: P:\Photo\Из Сети\Оксана\x_03de1a6f.jpg (51d03b12)
OK: P:\Photo\Из Сети\Оксана\x_052b8bff.jpg
✅ CRC OK: P:\Photo\Из Сети\Оксана\x_052b8bff.jpg (1ab8210a)
OK: P:\Photo\Из Сети\Оксана\x_0666b99a.jpg
✅ CRC OK: P:\Photo\Из Сети\Оксана\x_0666b99a.jpg (3eb2857c)
OK: P:\Photo\Из Сети\Оксана\x_0d4d824f.jpg
✅ CRC OK: P:\Photo\Из Сети\Оксана\x_0d4d824f.jpg (faf4571a)
OK: P:\Photo\Из Сети\Оксана\x_0f2bd408.jpg
✅ CRC OK: P:\Photo\Из Сети\Оксана\x_0f2bd408.jpg (b2809337)
OK: P:\Photo\Из Сети\Оксана\x_195ece3f.jpg
✅ CRC OK: P:\Photo\Из Сети\Оксана\x_195ece3f.jpg (e1088852)
OK: P:\Photo\Из Сети\Оксана\x_1aae06b4.jpg
✅ CRC OK: P:\Photo\Из Сети\Оксана\x_1aae06b4.jpg (1b563a2d)
OK: P:\Photo\Из Сети\Оксана\x_1def97d1.jpg
✅ CRC OK: P:\Photo\Из Сети\Оксана\x_1def97d1.jpg (e638e9cd)
OK: P:\Photo\Из Сети\Оксана\x_1fc6b556.jpg
✅ CRC OK: P:\Photo\Из Сети\Оксана\x_1fc6b556.jpg (13a08ae3)
OK: P:\Photo\Из Сети\Оксана\x_22813be0.jpg
✅ CRC OK: P:\Photo\Из Сети\Оксана\x_22813be0.jpg (35217470)
OK: P:\Photo\Из Сети\Оксана\x_22b85c00.jpg
✅ CRC OK: P:\Photo\Из Сети\Оксана\x_22b85c00.jpg (9f4b6106)
OK: P:\Photo\Из Сети\Оксана\x_257760ed.jpg
✅ CRC OK: P:\Photo\Из Сети\Оксана\x_257760ed.jpg (0d509916)
OK: P:\Photo\Из Сети\Оксана\x_29c7488f.jpg
✅ CRC OK: P:\Photo\Из Сети\Оксана\x_29c7488f.jpg (a6c56c8a)
OK: P:\Photo\Из Сети\Оксана\x_2f888c4f.jpg
✅ CRC OK: P:\Photo\Из Сети\Оксана\x_2f888c4f.jpg (a54acb27)
OK: P:\Photo\Из Сети\Оксана\x_2f98f78a.jpg
✅ CRC OK: P:\Photo\Из Сети\Оксана\x_2f98f78a.jpg (3e62fad5)
OK: P:\Photo\Из Сети\Оксана\x_39b2d811.jpg
✅ CRC OK: P:\Photo\Из Сети\Оксана\x_39b2d811.jpg (5b15c119)
OK: P:\Photo\Из Сети\Оксана\x_43b5d632.jpg
✅ CRC OK: P:\Photo\Из Сети\Оксана\x_43b5d632.jpg (f343acd4)
OK: P:\Photo\Из Сети\Оксана\x_4e27573a.jpg
✅ CRC OK: P:\Photo\Из Сети\Оксана\x_4e27573a.jpg (a854e140)
OK: P:\Photo\Из Сети\Оксана\x_50633736.jpg
✅ CRC OK: P:\Photo\Из Сети\Оксана\x_50633736.jpg (fd1dbc9f)
OK: P:\Photo\Из Сети\Оксана\x_521dca37.jpg
✅ CRC OK: P:\Photo\Из Сети\Оксана\x_521dca37.jpg (d5349ffc)
OK: P:\Photo\Из Сети\Оксана\x_54a1ec51.jpg
✅ CRC OK: P:\Photo\Из Сети\Оксана\x_54a1ec51.jpg (9ed83010)
OK: P:\Photo\Из Сети\Оксана\x_55940afb.jpg
✅ CRC OK: P:\Photo\Из Сети\Оксана\x_55940afb.jpg (53abc780)
OK: P:\Photo\Из Сети\Оксана\x_5cf8004c.jpg
✅ CRC OK: P:\Photo\Из Сети\Оксана\x_5cf8004c.jpg (037def64)
OK: P:\Photo\Из Сети\Оксана\x_64615045.jpg
✅ CRC OK: P:\Photo\Из Сети\Оксана\x_64615045.jpg (ba178f71)
OK: P:\Photo\Из Сети\Оксана\x_6b464de9.jpg
✅ CRC OK: P:\Photo\Из Сети\Оксана\x_6b464de9.jpg (1b7b42de)
OK: P:\Photo\Из Сети\Оксана\x_6bbaea07.jpg
✅ CRC OK: P:\Photo\Из Сети\Оксана\x_6bbaea07.jpg (ee48c6ee)
OK: P:\Photo\Из Сети\Оксана\x_6cede769.jpg
✅ CRC OK: P:\Photo\Из Сети\Оксана\x_6cede769.jpg (80434ab8)
OK: P:\Photo\Из Сети\Оксана\x_6d86fcd9.jpg
✅ CRC OK: P:\Photo\Из Сети\Оксана\x_6d86fcd9.jpg (e5dd7457)
OK: P:\Photo\Из Сети\Оксана\x_6db45c44.jpg
✅ CRC OK: P:\Photo\Из Сети\Оксана\x_6db45c44.jpg (ae2c55ee)
OK: P:\Photo\Из Сети\Оксана\x_6dec3483.jpg
✅ CRC OK: P:\Photo\Из Сети\Оксана\x_6dec3483.jpg (3142ea19)
OK: P:\Photo\Из Сети\Оксана\x_6eb5dac7.jpg
✅ CRC OK: P:\Photo\Из Сети\Оксана\x_6eb5dac7.jpg (17fdfc4e)
OK: P:\Photo\Из Сети\Оксана\x_7ca8912e.jpg
✅ CRC OK: P:\Photo\Из Сети\Оксана\x_7ca8912e.jpg (081cf710)
OK: P:\Photo\Из Сети\Оксана\x_7d279bec.jpg
✅ CRC OK: P:\Photo\Из Сети\Оксана\x_7d279bec.jpg (61d22d0b)
OK: P:\Photo\Из Сети\Оксана\x_7edf789c.jpg
✅ CRC OK: P:\Photo\Из Сети\Оксана\x_7edf789c.jpg (670cb034)
OK: P:\Photo\Из Сети\Оксана\x_7ffba861.jpg
✅ CRC OK: P:\Photo\Из Сети\Оксана\x_7ffba861.jpg (27bf9dda)
OK: P:\Photo\Из Сети\Оксана\x_818b2194.jpg
✅ CRC OK: P:\Photo\Из Сети\Оксана\x_818b2194.jpg (b8f62a9d)
OK: P:\Photo\Из Сети\Оксана\x_8c772fde.jpg
✅ CRC OK: P:\Photo\Из Сети\Оксана\x_8c772fde.jpg (4e2697a1)
OK: P:\Photo\Из Сети\Оксана\x_8cabfc8b.jpg
✅ CRC OK: P:\Photo\Из Сети\Оксана\x_8cabfc8b.jpg (b09ea010)
OK: P:\Photo\Из Сети\Оксана\x_8d605af2.jpg
✅ CRC OK: P:\Photo\Из Сети\Оксана\x_8d605af2.jpg (56722a91)
OK: P:\Photo\Из Сети\Оксана\x_8dd04298.jpg
✅ CRC OK: P:\Photo\Из Сети\Оксана\x_8dd04298.jpg (ea76154b)
OK: P:\Photo\Из Сети\Оксана\x_943ad4f4.jpg
✅ CRC OK: P:\Photo\Из Сети\Оксана\x_943ad4f4.jpg (3b0f888e)
OK: P:\Photo\Из Сети\Оксана\x_96d12f4e.jpg
✅ CRC OK: P:\Photo\Из Сети\Оксана\x_96d12f4e.jpg (b613c8c8)
OK: P:\Photo\Из Сети\Оксана\x_97b29706.jpg
✅ CRC OK: P:\Photo\Из Сети\Оксана\x_97b29706.jpg (0e24392e)
OK: P:\Photo\Из Сети\Оксана\x_99b2df2d.jpg
✅ CRC OK: P:\Photo\Из Сети\Оксана\x_99b2df2d.jpg (66564636)
OK: P:\Photo\Из Сети\Оксана\x_9f0795a9.jpg
✅ CRC OK: P:\Photo\Из Сети\Оксана\x_9f0795a9.jpg (ad3dd06d)
OK: P:\Photo\Из Сети\Оксана\x_a405a533.jpg
✅ CRC OK: P:\Photo\Из Сети\Оксана\x_a405a533.jpg (f55f733c)
OK: P:\Photo\Из Сети\Оксана\x_a5ef7c7e.jpg
✅ CRC OK: P:\Photo\Из Сети\Оксана\x_a5ef7c7e.jpg (b0991014)
OK: P:\Photo\Из Сети\Оксана\x_ac7240d3.jpg
✅ CRC OK: P:\Photo\Из Сети\Оксана\x_ac7240d3.jpg (045673b9)
OK: P:\Photo\Из Сети\Оксана\x_b0e2a984.jpg
✅ CRC OK: P:\Photo\Из Сети\Оксана\x_b0e2a984.jpg (875bc136)
OK: P:\Photo\Из Сети\Оксана\x_b5ff8235.jpg
✅ CRC OK: P:\Photo\Из Сети\Оксана\x_b5ff8235.jpg (d45a8d0a)
OK: P:\Photo\Из Сети\Оксана\x_b992ad7b.jpg
✅ CRC OK: P:\Photo\Из Сети\Оксана\x_b992ad7b.jpg (dea0f16b)
OK: P:\Photo\Из Сети\Оксана\x_bb92a1fc.jpg
✅ CRC OK: P:\Photo\Из Сети\Оксана\x_bb92a1fc.jpg (b5750d6f)
OK: P:\Photo\Из Сети\Оксана\x_bc58aee3.jpg
✅ CRC OK: P:\Photo\Из Сети\Оксана\x_bc58aee3.jpg (112f6e5c)
OK: P:\Photo\Из Сети\Оксана\x_be8b1fbf.jpg
✅ CRC OK: P:\Photo\Из Сети\Оксана\x_be8b1fbf.jpg (55c20e9b)
OK: P:\Photo\Из Сети\Оксана\x_c4e58a1e.jpg
✅ CRC OK: P:\Photo\Из Сети\Оксана\x_c4e58a1e.jpg (74eca319)
OK: P:\Photo\Из Сети\Оксана\x_cb257c07.jpg
✅ CRC OK: P:\Photo\Из Сети\Оксана\x_cb257c07.jpg (bb3b0d57)
OK: P:\Photo\Из Сети\Оксана\x_d3895490.jpg
✅ CRC OK: P:\Photo\Из Сети\Оксана\x_d3895490.jpg (15dcb44b)
OK: P:\Photo\Из Сети\Оксана\x_d8b8fa78.jpg
✅ CRC OK: P:\Photo\Из Сети\Оксана\x_d8b8fa78.jpg (b3042f3c)
OK: P:\Photo\Из Сети\Оксана\x_dbd9bdf4.jpg
✅ CRC OK: P:\Photo\Из Сети\Оксана\x_dbd9bdf4.jpg (33056b90)
OK: P:\Photo\Из Сети\Оксана\x_dcda11e7.jpg
✅ CRC OK: P:\Photo\Из Сети\Оксана\x_dcda11e7.jpg (efa80199)
OK: P:\Photo\Из Сети\Оксана\x_e005111f.jpg
✅ CRC OK: P:\Photo\Из Сети\Оксана\x_e005111f.jpg (c7afc0c0)
OK: P:\Photo\Из Сети\Оксана\x_e11ed2df.jpg
✅ CRC OK: P:\Photo\Из Сети\Оксана\x_e11ed2df.jpg (93fa5502)
OK: P:\Photo\Из Сети\Оксана\x_e1b5794e.jpg
✅ CRC OK: P:\Photo\Из Сети\Оксана\x_e1b5794e.jpg (b7d2a178)
OK: P:\Photo\Из Сети\Оксана\x_e3a819ba.jpg
✅ CRC OK: P:\Photo\Из Сети\Оксана\x_e3a819ba.jpg (f314b124)
OK: P:\Photo\Из Сети\Оксана\x_e589cf2b.jpg
✅ CRC OK: P:\Photo\Из Сети\Оксана\x_e589cf2b.jpg (4ad752bf)
OK: P:\Photo\Из Сети\Оксана\x_e5f4322e.jpg
✅ CRC OK: P:\Photo\Из Сети\Оксана\x_e5f4322e.jpg (fcafe04a)
OK: P:\Photo\Из Сети\Оксана\x_e620b5f6.jpg
✅ CRC OK: P:\Photo\Из Сети\Оксана\x_e620b5f6.jpg (77d2ab24)
OK: P:\Photo\Из Сети\Оксана\x_e7cc552e.jpg
✅ CRC OK: P:\Photo\Из Сети\Оксана\x_e7cc552e.jpg (c036bdc8)
OK: P:\Photo\Из Сети\Оксана\x_e8f5dff4.jpg
✅ CRC OK: P:\Photo\Из Сети\Оксана\x_e8f5dff4.jpg (298e118f)
OK: P:\Photo\Из Сети\Оксана\x_f390f787.jpg
✅ CRC OK: P:\Photo\Из Сети\Оксана\x_f390f787.jpg (2ea8c6ad)
OK: P:\Photo\Из Сети\Оксана\x_fbeae44c.jpg
✅ CRC OK: P:\Photo\Из Сети\Оксана\x_fbeae44c.jpg (6734b2cc)
OK: P:\Photo\Из Сети\Оксана\x_fdfa7eae.jpg
✅ CRC OK: P:\Photo\Из Сети\Оксана\x_fdfa7eae.jpg (c6908488)
OK: P:\Photo\Из Сети\Оксана\x_fe748942.jpg
✅ CRC OK: P:\Photo\Из Сети\Оксана\x_fe748942.jpg (111ea359)
OK: P:\Photo\Из Сети\Оксана\x_ffc78d43.jpg
✅ CRC OK: P:\Photo\Из Сети\Оксана\x_ffc78d43.jpg (712f1a12)
OK: P:\Photo\Из Сети\Оксана\Попка.jpg
✅ CRC OK: P:\Photo\Из Сети\Оксана\Попка.jpg (4dba3ae1)
OK: P:\Photo\Из Сети\Оксана\Попка2.jpg
✅ CRC OK: P:\Photo\Из Сети\Оксана\Попка2.jpg (aad0a36f)
OK: P:\Photo\Из Сети\Оксана\супер.jpg
✅ CRC OK: P:\Photo\Из Сети\Оксана\супер.jpg (c380ba4d)
OK: P:\Photo\Из Сети\Оля
OK: P:\Photo\Из Сети\Оля\Kq_0fhK0i2Y-gigapixel-lowres-scale-2_00x.jpg
✅ CRC OK: P:\Photo\Из Сети\Оля\Kq_0fhK0i2Y-gigapixel-lowres-scale-2_00x.jpg (d34cf408)
OK: P:\Photo\Из Сети\Оля\Kq_0fhK0i2Y.jpg
✅ CRC OK: P:\Photo\Из Сети\Оля\Kq_0fhK0i2Y.jpg (e4395d5a)
OK: P:\Photo\Из Сети\Оля\cI3D7U2-WpE-gigapixel-lowres-scale-2_00x.jpg
✅ CRC OK: P:\Photo\Из Сети\Оля\cI3D7U2-WpE-gigapixel-lowres-scale-2_00x.jpg (51ca64ee)
OK: P:\Photo\Из Сети\Оля\cI3D7U2-WpE.jpg
✅ CRC OK: P:\Photo\Из Сети\Оля\cI3D7U2-WpE.jpg (6fedc419)
OK: P:\Photo\Из Сети\Оля\x_37c39d0b-lowres-scale-2_00x-gigapixel-gigapixel-lowres-scale-2_00x.jpg
✅ CRC OK: P:\Photo\Из Сети\Оля\x_37c39d0b-lowres-scale-2_00x-gigapixel-gigapixel-lowres-scale-2_00x.jpg (cff2704e)
OK: P:\Photo\Из Сети\Оля\x_37c39d0b-lowres-scale-2_00x-gigapixel.jpg
✅ CRC OK: P:\Photo\Из Сети\Оля\x_37c39d0b-lowres-scale-2_00x-gigapixel.jpg (afa81e08)
OK: P:\Photo\Из Сети\Оля\x_37c39d0b.jpg
✅ CRC OK: P:\Photo\Из Сети\Оля\x_37c39d0b.jpg (dc494da9)
OK: P:\Photo\Из Сети\Оля\x_3c7f4c00-gigapixel-lowres-scale-2_00x.jpg
✅ CRC OK: P:\Photo\Из Сети\Оля\x_3c7f4c00-gigapixel-lowres-scale-2_00x.jpg (d1bc0c14)
OK: P:\Photo\Из Сети\Оля\x_3c7f4c00.jpg
✅ CRC OK: P:\Photo\Из Сети\Оля\x_3c7f4c00.jpg (7fa9de12)
OK: P:\Photo\Из Сети\Оля\x_584e0e50-gigapixel-lowres-scale-2_00x.jpg
✅ CRC OK: P:\Photo\Из Сети\Оля\x_584e0e50-gigapixel-lowres-scale-2_00x.jpg (ecbf1a7e)
OK: P:\Photo\Из Сети\Оля\x_584e0e50.jpg
✅ CRC OK: P:\Photo\Из Сети\Оля\x_584e0e50.jpg (10330411)
OK: P:\Photo\Из Сети\Оля\x_5b2654cf-gigapixel-lowres-scale-2_00x.jpg
✅ CRC OK: P:\Photo\Из Сети\Оля\x_5b2654cf-gigapixel-lowres-scale-2_00x.jpg (0d188de4)
OK: P:\Photo\Из Сети\Оля\x_5b2654cf.jpg
✅ CRC OK: P:\Photo\Из Сети\Оля\x_5b2654cf.jpg (56686be7)
OK: P:\Photo\Из Сети\Оля\x_b05b0004-gigapixel-lowres-scale-2_00x.jpg
✅ CRC OK: P:\Photo\Из Сети\Оля\x_b05b0004-gigapixel-lowres-scale-2_00x.jpg (d8002403)
OK: P:\Photo\Из Сети\Оля\x_b05b0004.jpg
✅ CRC OK: P:\Photo\Из Сети\Оля\x_b05b0004.jpg (68dce9f0)
OK: P:\Photo\Из Сети\Оля\x_f8e2f90b-gigapixel-lowres-scale-2_00x.jpg
✅ CRC OK: P:\Photo\Из Сети\Оля\x_f8e2f90b-gigapixel-lowres-scale-2_00x.jpg (f928e84a)
OK: P:\Photo\Из Сети\Оля\x_f8e2f90b.jpg
✅ CRC OK: P:\Photo\Из Сети\Оля\x_f8e2f90b.jpg (6c29a4aa)
OK: P:\Photo\Из Сети\Оля\yDbVTr32FbA-gigapixel-lowres-scale-2_00x.jpg
✅ CRC OK: P:\Photo\Из Сети\Оля\yDbVTr32FbA-gigapixel-lowres-scale-2_00x.jpg (0fdb27ff)
OK: P:\Photo\Из Сети\Оля\yDbVTr32FbA.jpg
✅ CRC OK: P:\Photo\Из Сети\Оля\yDbVTr32FbA.jpg (95014e28)
OK: P:\Photo\Из Сети\Разные
OK: P:\Photo\Из Сети\Разные\  Я   .jpg
✅ CRC OK: P:\Photo\Из Сети\Разные\  Я   .jpg (26f44243)
OK: P:\Photo\Из Сети\Разные\  Я.jpg
✅ CRC OK: P:\Photo\Из Сети\Разные\  Я.jpg (115dc29f)
OK: P:\Photo\Из Сети\Разные\ Я .jpg
✅ CRC OK: P:\Photo\Из Сети\Разные\ Я .jpg (d26f02d2)
OK: P:\Photo\Из Сети\Разные\ Я..jpg
✅ CRC OK: P:\Photo\Из Сети\Разные\ Я..jpg (78520c6a)
OK: P:\Photo\Из Сети\Разные\!!!Я!!! 2.jpg
✅ CRC OK: P:\Photo\Из Сети\Разные\!!!Я!!! 2.jpg (6434a85c)
OK: P:\Photo\Из Сети\Разные\$59.JPG
✅ CRC OK: P:\Photo\Из Сети\Разные\$59.JPG (4f526b5e)
OK: P:\Photo\Из Сети\Разные\$5A.JPG
✅ CRC OK: P:\Photo\Из Сети\Разные\$5A.JPG (64ed5310)
OK: P:\Photo\Из Сети\Разные\$5D.JPG
✅ CRC OK: P:\Photo\Из Сети\Разные\$5D.JPG (50040a57)
OK: P:\Photo\Из Сети\Разные\$5F.JPG
✅ CRC OK: P:\Photo\Из Сети\Разные\$5F.JPG (c12f7ae4)
OK: P:\Photo\Из Сети\Разные\$61.JPG
✅ CRC OK: P:\Photo\Из Сети\Разные\$61.JPG (8368a5d0)
OK: P:\Photo\Из Сети\Разные\$6A.JPG
✅ CRC OK: P:\Photo\Из Сети\Разные\$6A.JPG (37afafa0)
OK: P:\Photo\Из Сети\Разные\$73.JPG
✅ CRC OK: P:\Photo\Из Сети\Разные\$73.JPG (bb2ce56e)
OK: P:\Photo\Из Сети\Разные\$84.JPG
✅ CRC OK: P:\Photo\Из Сети\Разные\$84.JPG (c89d25ea)
OK: P:\Photo\Из Сети\Разные\$90.JPG
✅ CRC OK: P:\Photo\Из Сети\Разные\$90.JPG (8b7b8462)
OK: P:\Photo\Из Сети\Разные\$91.JPG
✅ CRC OK: P:\Photo\Из Сети\Разные\$91.JPG (21ee6a4c)
OK: P:\Photo\Из Сети\Разные\$92.JPG
✅ CRC OK: P:\Photo\Из Сети\Разные\$92.JPG (d4720801)
OK: P:\Photo\Из Сети\Разные\$A1.JPG
✅ CRC OK: P:\Photo\Из Сети\Разные\$A1.JPG (82e49b9a)
OK: P:\Photo\Из Сети\Разные\))))))))).jpg
✅ CRC OK: P:\Photo\Из Сети\Разные\))))))))).jpg (2285bd9f)
OK: P:\Photo\Из Сети\Разные\+By BiTcH_001_1.jpg
✅ CRC OK: P:\Photo\Из Сети\Разные\+By BiTcH_001_1.jpg (faa52432)
OK: P:\Photo\Из Сети\Разные\+By BiTcH_006_.jpg
✅ CRC OK: P:\Photo\Из Сети\Разные\+By BiTcH_006_.jpg (8871e6b8)
OK: P:\Photo\Из Сети\Разные\+By BiTcH_008_.jpg
✅ CRC OK: P:\Photo\Из Сети\Разные\+By BiTcH_008_.jpg (b762559b)
OK: P:\Photo\Из Сети\Разные\+By BiTcH_009_.jpg
✅ CRC OK: P:\Photo\Из Сети\Разные\+By BiTcH_009_.jpg (77f9e6be)
OK: P:\Photo\Из Сети\Разные\+zEAr@+7707.jpg
✅ CRC OK: P:\Photo\Из Сети\Разные\+zEAr@+7707.jpg (60c16e49)
OK: P:\Photo\Из Сети\Разные\+zEAr@+7709.jpg
✅ CRC OK: P:\Photo\Из Сети\Разные\+zEAr@+7709.jpg (897df851)
OK: P:\Photo\Из Сети\Разные\+zEAr@+7713.jpg
✅ CRC OK: P:\Photo\Из Сети\Разные\+zEAr@+7713.jpg (b6dfd317)
OK: P:\Photo\Из Сети\Разные\-0004.jpg
✅ CRC OK: P:\Photo\Из Сети\Разные\-0004.jpg (565e9b16)
OK: P:\Photo\Из Сети\Разные\-31036833_323532187.jpg
✅ CRC OK: P:\Photo\Из Сети\Разные\-31036833_323532187.jpg (3f1d5511)
OK: P:\Photo\Из Сети\Разные\-31036833_324431590.jpg
✅ CRC OK: P:\Photo\Из Сети\Разные\-31036833_324431590.jpg (c882668f)
OK: P:\Photo\Из Сети\Разные\-31036833_324733927.jpg
✅ CRC OK: P:\Photo\Из Сети\Разные\-31036833_324733927.jpg (897bbc94)
OK: P:\Photo\Из Сети\Разные\-31036833_325359616.jpg
✅ CRC OK: P:\Photo\Из Сети\Разные\-31036833_325359616.jpg (fa0d25a9)
OK: P:\Photo\Из Сети\Разные\-31036833_328299641.jpg
✅ CRC OK: P:\Photo\Из Сети\Разные\-31036833_328299641.jpg (91104f36)
OK: P:\Photo\Из Сети\Разные\-31036833_329083672.jpg
✅ CRC OK: P:\Photo\Из Сети\Разные\-31036833_329083672.jpg (a6d18d82)
OK: P:\Photo\Из Сети\Разные\-31036833_330458648.jpg
✅ CRC OK: P:\Photo\Из Сети\Разные\-31036833_330458648.jpg (4d545dfd)
OK: P:\Photo\Из Сети\Разные\-31036833_333022647.jpg
✅ CRC OK: P:\Photo\Из Сети\Разные\-31036833_333022647.jpg (ea1350d0)
OK: P:\Photo\Из Сети\Разные\-31036833_334607987.jpg
✅ CRC OK: P:\Photo\Из Сети\Разные\-31036833_334607987.jpg (2255a529)
OK: P:\Photo\Из Сети\Разные\0000241.jpg
✅ CRC OK: P:\Photo\Из Сети\Разные\0000241.jpg (9fa83e90)
OK: P:\Photo\Из Сети\Разные\0001-cc_1.jpg
✅ CRC OK: P:\Photo\Из Сети\Разные\0001-cc_1.jpg (e825875b)
OK: P:\Photo\Из Сети\Разные\0001457.jpg
✅ CRC OK: P:\Photo\Из Сети\Разные\0001457.jpg (f196f144)
OK: P:\Photo\Из Сети\Разные\0001ф.jpg
✅ CRC OK: P:\Photo\Из Сети\Разные\0001ф.jpg (6f0194d0)
OK: P:\Photo\Из Сети\Разные\0002183.jpg
✅ CRC OK: P:\Photo\Из Сети\Разные\0002183.jpg (b9fce943)
OK: P:\Photo\Из Сети\Разные\0002291.jpg
✅ CRC OK: P:\Photo\Из Сети\Разные\0002291.jpg (f9581c88)
OK: P:\Photo\Из Сети\Разные\0002432.jpg
✅ CRC OK: P:\Photo\Из Сети\Разные\0002432.jpg (074fa86f)
OK: P:\Photo\Из Сети\Разные\0002935.jpg
✅ CRC OK: P:\Photo\Из Сети\Разные\0002935.jpg (d651ab40)
OK: P:\Photo\Из Сети\Разные\0002а.jpg
✅ CRC OK: P:\Photo\Из Сети\Разные\0002а.jpg (d14e640c)
OK: P:\Photo\Из Сети\Разные\0003200.jpg
✅ CRC OK: P:\Photo\Из Сети\Разные\0003200.jpg (db4888a3)
OK: P:\Photo\Из Сети\Разные\0003272.jpg
✅ CRC OK: P:\Photo\Из Сети\Разные\0003272.jpg (23f47b5e)
OK: P:\Photo\Из Сети\Разные\0003606.jpg
✅ CRC OK: P:\Photo\Из Сети\Разные\0003606.jpg (00422076)
OK: P:\Photo\Из Сети\Разные\0004-cc_4.jpg
✅ CRC OK: P:\Photo\Из Сети\Разные\0004-cc_4.jpg (707cdcd4)
OK: P:\Photo\Из Сети\Разные\0004010.jpg
✅ CRC OK: P:\Photo\Из Сети\Разные\0004010.jpg (fcb6b71b)
OK: P:\Photo\Из Сети\Разные\0022.jpg
✅ CRC OK: P:\Photo\Из Сети\Разные\0022.jpg (2298e5c5)
OK: P:\Photo\Из Сети\Разные\002UfCH.jpg
✅ CRC OK: P:\Photo\Из Сети\Разные\002UfCH.jpg (5034500c)
OK: P:\Photo\Из Сети\Разные\0044.jpg
✅ CRC OK: P:\Photo\Из Сети\Разные\0044.jpg (ff619fb9)
OK: P:\Photo\Из Сети\Разные\0045.jpg
✅ CRC OK: P:\Photo\Из Сети\Разные\0045.jpg (923f2b80)
OK: P:\Photo\Из Сети\Разные\0047.jpg
✅ CRC OK: P:\Photo\Из Сети\Разные\0047.jpg (cd14f27e)
OK: P:\Photo\Из Сети\Разные\004zNsT.jpg
✅ CRC OK: P:\Photo\Из Сети\Разные\004zNsT.jpg (62740347)
OK: P:\Photo\Из Сети\Разные\005NbVY.jpg
✅ CRC OK: P:\Photo\Из Сети\Разные\005NbVY.jpg (4a746ef3)
OK: P:\Photo\Из Сети\Разные\005dgiI.jpg
✅ CRC OK: P:\Photo\Из Сети\Разные\005dgiI.jpg (0b78b290)
OK: P:\Photo\Из Сети\Разные\008aqgW.jpg
✅ CRC OK: P:\Photo\Из Сети\Разные\008aqgW.jpg (324bc5d7)
OK: P:\Photo\Из Сети\Разные\009yOKj.jpg
✅ CRC OK: P:\Photo\Из Сети\Разные\009yOKj.jpg (e90c1b4b)
OK: P:\Photo\Из Сети\Разные\013Kwhe.jpg
✅ CRC OK: P:\Photo\Из Сети\Разные\013Kwhe.jpg (0f847c8c)
OK: P:\Photo\Из Сети\Разные\014LuJv.jpg
✅ CRC OK: P:\Photo\Из Сети\Разные\014LuJv.jpg (a9edceee)
OK: P:\Photo\Из Сети\Разные\018zkcS.jpg
✅ CRC OK: P:\Photo\Из Сети\Разные\018zkcS.jpg (0bf4fab2)
OK: P:\Photo\Из Сети\Разные\02 (4).jpg
✅ CRC OK: P:\Photo\Из Сети\Разные\02 (4).jpg (aa510070)
OK: P:\Photo\Из Сети\Разные\02 (5).jpg
✅ CRC OK: P:\Photo\Из Сети\Разные\02 (5).jpg (06ad5020)
OK: P:\Photo\Из Сети\Разные\02-03-07_1713.jpg
✅ CRC OK: P:\Photo\Из Сети\Разные\02-03-07_1713.jpg (7a2be8cf)
OK: P:\Photo\Из Сети\Разные\02caf3105759e272db5f5a8028691000.jpg
✅ CRC OK: P:\Photo\Из Сети\Разные\02caf3105759e272db5f5a8028691000.jpg (c293d3b7)
OK: P:\Photo\Из Сети\Разные\034.JPG
✅ CRC OK: P:\Photo\Из Сети\Разные\034.JPG (b2696ef5)
OK: P:\Photo\Из Сети\Разные\044frGv.jpg
✅ CRC OK: P:\Photo\Из Сети\Разные\044frGv.jpg (f267fb0f)
OK: P:\Photo\Из Сети\Разные\04cf90c411bd638b1dec565d4171ec54.jpg
✅ CRC OK: P:\Photo\Из Сети\Разные\04cf90c411bd638b1dec565d4171ec54.jpg (1b69d5da)
OK: P:\Photo\Из Сети\Разные\05 (3).jpg
✅ CRC OK: P:\Photo\Из Сети\Разные\05 (3).jpg (350d7c28)
OK: P:\Photo\Из Сети\Разные\05f6746b1bd5620961467215b75382ec.jpg
✅ CRC OK: P:\Photo\Из Сети\Разные\05f6746b1bd5620961467215b75382ec.jpg (3e660318)
OK: P:\Photo\Из Сети\Разные\06 (4).jpg
✅ CRC OK: P:\Photo\Из Сети\Разные\06 (4).jpg (a62068fc)
OK: P:\Photo\Из Сети\Разные\06 (5).jpg
✅ CRC OK: P:\Photo\Из Сети\Разные\06 (5).jpg (fc8ef93a)
OK: P:\Photo\Из Сети\Разные\07 (5).jpg
✅ CRC OK: P:\Photo\Из Сети\Разные\07 (5).jpg (b336feeb)
OK: P:\Photo\Из Сети\Разные\07.jpg
✅ CRC OK: P:\Photo\Из Сети\Разные\07.jpg (5da4fca3)
OK: P:\Photo\Из Сети\Разные\079740a36c909c2b96f7177d71deb9a6.jpg
✅ CRC OK: P:\Photo\Из Сети\Разные\079740a36c909c2b96f7177d71deb9a6.jpg (a25134de)
OK: P:\Photo\Из Сети\Разные\081.jpg
✅ CRC OK: P:\Photo\Из Сети\Разные\081.jpg (c4bb9e83)
OK: P:\Photo\Из Сети\Разные\084_girls2006_153151.jpg
✅ CRC OK: P:\Photo\Из Сети\Разные\084_girls2006_153151.jpg (1729b474)
OK: P:\Photo\Из Сети\Разные\08p01401.jpg
✅ CRC OK: P:\Photo\Из Сети\Разные\08p01401.jpg (f5bb8f87)
OK: P:\Photo\Из Сети\Разные\08p01404.jpg
✅ CRC OK: P:\Photo\Из Сети\Разные\08p01404.jpg (d63e85a8)
OK: P:\Photo\Из Сети\Разные\08p01410.jpg
✅ CRC OK: P:\Photo\Из Сети\Разные\08p01410.jpg (cc64ae25)
OK: P:\Photo\Из Сети\Разные\08p03482.jpg
✅ CRC OK: P:\Photo\Из Сети\Разные\08p03482.jpg (a9d08140)
OK: P:\Photo\Из Сети\Разные\09.jpg
✅ CRC OK: P:\Photo\Из Сети\Разные\09.jpg (25a72d55)
OK: P:\Photo\Из Сети\Разные\0_1360_a70b71d2_L.jpeg
✅ CRC OK: P:\Photo\Из Сети\Разные\0_1360_a70b71d2_L.jpeg (c8d367a6)
OK: P:\Photo\Из Сети\Разные\0_13c3_897c381d_L.jpeg
✅ CRC OK: P:\Photo\Из Сети\Разные\0_13c3_897c381d_L.jpeg (4b0d6639)
OK: P:\Photo\Из Сети\Разные\0_1b27_d655aff5_L.jpeg
✅ CRC OK: P:\Photo\Из Сети\Разные\0_1b27_d655aff5_L.jpeg (1d98317a)
OK: P:\Photo\Из Сети\Разные\0_2ac1_32045f6_L.jpeg
✅ CRC OK: P:\Photo\Из Сети\Разные\0_2ac1_32045f6_L.jpeg (47c55a85)
OK: P:\Photo\Из Сети\Разные\0_2ad8_383a9727_L.jpeg
✅ CRC OK: P:\Photo\Из Сети\Разные\0_2ad8_383a9727_L.jpeg (cb14caca)
OK: P:\Photo\Из Сети\Разные\0_55a_d707c5db_-2-L.jpeg
✅ CRC OK: P:\Photo\Из Сети\Разные\0_55a_d707c5db_-2-L.jpeg (d98330d0)
OK: P:\Photo\Из Сети\Разные\0e9b720cb4f4ca63cec63ea8cd77b64b.jpg
✅ CRC OK: P:\Photo\Из Сети\Разные\0e9b720cb4f4ca63cec63ea8cd77b64b.jpg (ea2b3ec4)
OK: P:\Photo\Из Сети\Разные\0fd790a96bb4a436a15510cc576b167b.jpg
✅ CRC OK: P:\Photo\Из Сети\Разные\0fd790a96bb4a436a15510cc576b167b.jpg (168c9815)
OK: P:\Photo\Из Сети\Разные\0zee3.jpg
✅ CRC OK: P:\Photo\Из Сети\Разные\0zee3.jpg (f2d31456)
OK: P:\Photo\Из Сети\Разные\1.JPG
✅ CRC OK: P:\Photo\Из Сети\Разные\1.JPG (42e82bba)
OK: P:\Photo\Из Сети\Разные\10 (2).jpg
✅ CRC OK: P:\Photo\Из Сети\Разные\10 (2).jpg (792bee26)
OK: P:\Photo\Из Сети\Разные\10484.jpg
✅ CRC OK: P:\Photo\Из Сети\Разные\10484.jpg (5f52c0de)
OK: P:\Photo\Из Сети\Разные\10556.jpg
✅ CRC OK: P:\Photo\Из Сети\Разные\10556.jpg (370af414)
OK: P:\Photo\Из Сети\Разные\11 (5).jpg
✅ CRC OK: P:\Photo\Из Сети\Разные\11 (5).jpg (a8035515)
OK: P:\Photo\Из Сети\Разные\11 (6).jpg
✅ CRC OK: P:\Photo\Из Сети\Разные\11 (6).jpg (0c2d6576)
OK: P:\Photo\Из Сети\Разные\11.jpg
✅ CRC OK: P:\Photo\Из Сети\Разные\11.jpg (3a5e944d)
OK: P:\Photo\Из Сети\Разные\12.jpg
✅ CRC OK: P:\Photo\Из Сети\Разные\12.jpg (a2ad6497)
OK: P:\Photo\Из Сети\Разные\1227957660_chastnye_foto_13foto_nju_3.jpg
✅ CRC OK: P:\Photo\Из Сети\Разные\1227957660_chastnye_foto_13foto_nju_3.jpg (abd51553)
OK: P:\Photo\Из Сети\Разные\1234.JPG
✅ CRC OK: P:\Photo\Из Сети\Разные\1234.JPG (97801d66)
OK: P:\Photo\Из Сети\Разные\1263c6590ef65ea5818eedea6ea034aa.jpg
✅ CRC OK: P:\Photo\Из Сети\Разные\1263c6590ef65ea5818eedea6ea034aa.jpg (25236aa8)
OK: P:\Photo\Из Сети\Разные\13.jpg
✅ CRC OK: P:\Photo\Из Сети\Разные\13.jpg (ce70eb32)
OK: P:\Photo\Из Сети\Разные\13_Emo.jpg
✅ CRC OK: P:\Photo\Из Сети\Разные\13_Emo.jpg (2bc25f66)
OK: P:\Photo\Из Сети\Разные\14-03-05-01.jpg
✅ CRC OK: P:\Photo\Из Сети\Разные\14-03-05-01.jpg (520a8744)
OK: P:\Photo\Из Сети\Разные\14092007(009).jpg
✅ CRC OK: P:\Photo\Из Сети\Разные\14092007(009).jpg (05180522)
OK: P:\Photo\Из Сети\Разные\145234_2.jpg
✅ CRC OK: P:\Photo\Из Сети\Разные\145234_2.jpg (02d93423)
OK: P:\Photo\Из Сети\Разные\14554.jpg
✅ CRC OK: P:\Photo\Из Сети\Разные\14554.jpg (e4952395)
OK: P:\Photo\Из Сети\Разные\14p00273.jpg
✅ CRC OK: P:\Photo\Из Сети\Разные\14p00273.jpg (80a448b7)
OK: P:\Photo\Из Сети\Разные\14p00275.jpg
✅ CRC OK: P:\Photo\Из Сети\Разные\14p00275.jpg (63f4723d)
OK: P:\Photo\Из Сети\Разные\14p00282.jpg
✅ CRC OK: P:\Photo\Из Сети\Разные\14p00282.jpg (fd959b40)
OK: P:\Photo\Из Сети\Разные\1513977bjz.jpg
✅ CRC OK: P:\Photo\Из Сети\Разные\1513977bjz.jpg (c678d71c)
OK: P:\Photo\Из Сети\Разные\1535986409_37057925_1617338215056267_1810894564320346112_n.jpg
✅ CRC OK: P:\Photo\Из Сети\Разные\1535986409_37057925_1617338215056267_1810894564320346112_n.jpg (045dabfc)
OK: P:\Photo\Из Сети\Разные\18.jpg
✅ CRC OK: P:\Photo\Из Сети\Разные\18.jpg (22aabf8e)
OK: P:\Photo\Из Сети\Разные\18_Emo.jpg
✅ CRC OK: P:\Photo\Из Сети\Разные\18_Emo.jpg (c9065e12)
OK: P:\Photo\Из Сети\Разные\1cf04b39d143a61069f06368f3348b3d.jpg
✅ CRC OK: P:\Photo\Из Сети\Разные\1cf04b39d143a61069f06368f3348b3d.jpg (2594c9fb)
OK: P:\Photo\Из Сети\Разные\1stTeen16508.jpg
✅ CRC OK: P:\Photo\Из Сети\Разные\1stTeen16508.jpg (38d0d789)
OK: P:\Photo\Из Сети\Разные\1stTeen16822.jpg
✅ CRC OK: P:\Photo\Из Сети\Разные\1stTeen16822.jpg (a288f8d4)
OK: P:\Photo\Из Сети\Разные\1stTeen17027.jpg
✅ CRC OK: P:\Photo\Из Сети\Разные\1stTeen17027.jpg (940e35f1)
OK: P:\Photo\Из Сети\Разные\1stTeen17070.jpg
✅ CRC OK: P:\Photo\Из Сети\Разные\1stTeen17070.jpg (10b3586b)
OK: P:\Photo\Из Сети\Разные\1stTeen17258.jpg
✅ CRC OK: P:\Photo\Из Сети\Разные\1stTeen17258.jpg (c9fd642e)
OK: P:\Photo\Из Сети\Разные\1stTeen17387.jpg
✅ CRC OK: P:\Photo\Из Сети\Разные\1stTeen17387.jpg (47e56102)
OK: P:\Photo\Из Сети\Разные\1stTeen17398.jpg
✅ CRC OK: P:\Photo\Из Сети\Разные\1stTeen17398.jpg (0228ffff)
OK: P:\Photo\Из Сети\Разные\1stTeen17416.jpg
✅ CRC OK: P:\Photo\Из Сети\Разные\1stTeen17416.jpg (6cd3158c)
OK: P:\Photo\Из Сети\Разные\1stTeen17483.jpg
✅ CRC OK: P:\Photo\Из Сети\Разные\1stTeen17483.jpg (3904f19b)
OK: P:\Photo\Из Сети\Разные\1stTeen17495.jpg
✅ CRC OK: P:\Photo\Из Сети\Разные\1stTeen17495.jpg (85cfc03f)
OK: P:\Photo\Из Сети\Разные\1stTeen17555.jpg
✅ CRC OK: P:\Photo\Из Сети\Разные\1stTeen17555.jpg (dc09aa67)
OK: P:\Photo\Из Сети\Разные\1stTeen17556.jpg
✅ CRC OK: P:\Photo\Из Сети\Разные\1stTeen17556.jpg (689d97ca)
OK: P:\Photo\Из Сети\Разные\1stTeen17577.jpg
✅ CRC OK: P:\Photo\Из Сети\Разные\1stTeen17577.jpg (d0c41f30)
OK: P:\Photo\Из Сети\Разные\1stTeen17715.jpg
✅ CRC OK: P:\Photo\Из Сети\Разные\1stTeen17715.jpg (4e81316b)
OK: P:\Photo\Из Сети\Разные\1stTeen17725.jpg
✅ CRC OK: P:\Photo\Из Сети\Разные\1stTeen17725.jpg (213e06ea)
OK: P:\Photo\Из Сети\Разные\1stTeen17746.jpg
✅ CRC OK: P:\Photo\Из Сети\Разные\1stTeen17746.jpg (fa5c3146)
OK: P:\Photo\Из Сети\Разные\1stTeen18108.jpg
✅ CRC OK: P:\Photo\Из Сети\Разные\1stTeen18108.jpg (66973b4c)
OK: P:\Photo\Из Сети\Разные\1stTeen18109.jpg
✅ CRC OK: P:\Photo\Из Сети\Разные\1stTeen18109.jpg (0fe38bae)
OK: P:\Photo\Из Сети\Разные\1stTeen18116.jpg
✅ CRC OK: P:\Photo\Из Сети\Разные\1stTeen18116.jpg (c5947fba)
OK: P:\Photo\Из Сети\Разные\1stTeen18124.jpg
✅ CRC OK: P:\Photo\Из Сети\Разные\1stTeen18124.jpg (8d2f9325)
OK: P:\Photo\Из Сети\Разные\1stTeen18194.jpg
✅ CRC OK: P:\Photo\Из Сети\Разные\1stTeen18194.jpg (3b6ef442)
OK: P:\Photo\Из Сети\Разные\1stTeen18199.jpg
✅ CRC OK: P:\Photo\Из Сети\Разные\1stTeen18199.jpg (d95ee974)
OK: P:\Photo\Из Сети\Разные\1Я.jpg
✅ CRC OK: P:\Photo\Из Сети\Разные\1Я.jpg (33d1f4eb)
OK: P:\Photo\Из Сети\Разные\1в.jpg
✅ CRC OK: P:\Photo\Из Сети\Разные\1в.jpg (e2801c20)
OK: P:\Photo\Из Сети\Разные\1ыап6.jpg
✅ CRC OK: P:\Photo\Из Сети\Разные\1ыап6.jpg (405a888d)
OK: P:\Photo\Из Сети\Разные\2 .jpg
✅ CRC OK: P:\Photo\Из Сети\Разные\2 .jpg (b541f685)
OK: P:\Photo\Из Сети\Разные\2.jpg
✅ CRC OK: P:\Photo\Из Сети\Разные\2.jpg (83d91199)
OK: P:\Photo\Из Сети\Разные\21.02.08-я.jpg
✅ CRC OK: P:\Photo\Из Сети\Разные\21.02.08-я.jpg (057db50e)
OK: P:\Photo\Из Сети\Разные\23.05.2006 20-27-22_0042.jpg
✅ CRC OK: P:\Photo\Из Сети\Разные\23.05.2006 20-27-22_0042.jpg (ac6ecfb1)
OK: P:\Photo\Из Сети\Разные\24-02-07_1546.jpg
✅ CRC OK: P:\Photo\Из Сети\Разные\24-02-07_1546.jpg (4982e047)
OK: P:\Photo\Из Сети\Разные\24-02-07_1547.jpg
✅ CRC OK: P:\Photo\Из Сети\Разные\24-02-07_1547.jpg (bb3d0055)
OK: P:\Photo\Из Сети\Разные\24-02-07_1554.jpg
✅ CRC OK: P:\Photo\Из Сети\Разные\24-02-07_1554.jpg (15965682)
OK: P:\Photo\Из Сети\Разные\24-02-07_1555.jpg
✅ CRC OK: P:\Photo\Из Сети\Разные\24-02-07_1555.jpg (f2eacf62)
OK: P:\Photo\Из Сети\Разные\24499.jpg
✅ CRC OK: P:\Photo\Из Сети\Разные\24499.jpg (8d071347)
OK: P:\Photo\Из Сети\Разные\2459b1d09f7156f8aa05d65a0a0d3f2f.jpg
✅ CRC OK: P:\Photo\Из Сети\Разные\2459b1d09f7156f8aa05d65a0a0d3f2f.jpg (d0a5af49)
OK: P:\Photo\Из Сети\Разные\25.02.06.jpg
✅ CRC OK: P:\Photo\Из Сети\Разные\25.02.06.jpg (764b9d43)
OK: P:\Photo\Из Сети\Разные\25.02.06г.jpg
✅ CRC OK: P:\Photo\Из Сети\Разные\25.02.06г.jpg (b9a10b73)
OK: P:\Photo\Из Сети\Разные\25.09.06  Мисс онет 2.JPG
✅ CRC OK: P:\Photo\Из Сети\Разные\25.09.06  Мисс онет 2.JPG (989829d7)
OK: P:\Photo\Из Сети\Разные\252731a5521c15aff80778737b4cf0d3.jpg
✅ CRC OK: P:\Photo\Из Сети\Разные\252731a5521c15aff80778737b4cf0d3.jpg (923e357b)
OK: P:\Photo\Из Сети\Разные\27062007(002).jpg
✅ CRC OK: P:\Photo\Из Сети\Разные\27062007(002).jpg (43959f01)
OK: P:\Photo\Из Сети\Разные\2816025.jpg
✅ CRC OK: P:\Photo\Из Сети\Разные\2816025.jpg (3e29f74d)
OK: P:\Photo\Из Сети\Разные\2816077.jpg
✅ CRC OK: P:\Photo\Из Сети\Разные\2816077.jpg (7cc1bfa9)
OK: P:\Photo\Из Сети\Разные\2816245.jpg
✅ CRC OK: P:\Photo\Из Сети\Разные\2816245.jpg (82bce103)
OK: P:\Photo\Из Сети\Разные\29122006(032).jpg
✅ CRC OK: P:\Photo\Из Сети\Разные\29122006(032).jpg (9a854a94)
OK: P:\Photo\Из Сети\Разные\2993_IMG.jpg
✅ CRC OK: P:\Photo\Из Сети\Разные\2993_IMG.jpg (df839ff6)
OK: P:\Photo\Из Сети\Разные\2c456d4ca41430dd032d62de69b4ddb0.jpg
✅ CRC OK: P:\Photo\Из Сети\Разные\2c456d4ca41430dd032d62de69b4ddb0.jpg (6f69afdd)
OK: P:\Photo\Из Сети\Разные\2d4f9386c7a0cc13c03be730796afe18.jpg
✅ CRC OK: P:\Photo\Из Сети\Разные\2d4f9386c7a0cc13c03be730796afe18.jpg (d14834e5)
OK: P:\Photo\Из Сети\Разные\2e73b171e3fd45fc4eda77696d6611f1.jpg
✅ CRC OK: P:\Photo\Из Сети\Разные\2e73b171e3fd45fc4eda77696d6611f1.jpg (e3b24da9)
OK: P:\Photo\Из Сети\Разные\2theh.jpg
✅ CRC OK: P:\Photo\Из Сети\Разные\2theh.jpg (394a4f38)
OK: P:\Photo\Из Сети\Разные\314.jpg
✅ CRC OK: P:\Photo\Из Сети\Разные\314.jpg (2a28c685)
OK: P:\Photo\Из Сети\Разные\345659752.jpg
✅ CRC OK: P:\Photo\Из Сети\Разные\345659752.jpg (c8e55282)
OK: P:\Photo\Из Сети\Разные\37104462fc2bbfd4fa26d1c39c299d24.jpg
✅ CRC OK: P:\Photo\Из Сети\Разные\37104462fc2bbfd4fa26d1c39c299d24.jpg (af0abd35)
OK: P:\Photo\Из Сети\Разные\38c0e71dafbfbc97cfee13e79d7f31d2.jpg
✅ CRC OK: P:\Photo\Из Сети\Разные\38c0e71dafbfbc97cfee13e79d7f31d2.jpg (6cca2599)
OK: P:\Photo\Из Сети\Разные\39.JPG
✅ CRC OK: P:\Photo\Из Сети\Разные\39.JPG (5b9f679a)
OK: P:\Photo\Из Сети\Разные\3fd8055b2ef09eacd75ac831b8551bba.jpg
✅ CRC OK: P:\Photo\Из Сети\Разные\3fd8055b2ef09eacd75ac831b8551bba.jpg (8e2857b7)
OK: P:\Photo\Из Сети\Разные\411fc383572c0937cd77620d41eb858e.jpg
✅ CRC OK: P:\Photo\Из Сети\Разные\411fc383572c0937cd77620d41eb858e.jpg (a9746c1f)
OK: P:\Photo\Из Сети\Разные\424288760e170051b9338cd996978558.jpg
✅ CRC OK: P:\Photo\Из Сети\Разные\424288760e170051b9338cd996978558.jpg (f78d3a1b)
OK: P:\Photo\Из Сети\Разные\42895181.jpg
✅ CRC OK: P:\Photo\Из Сети\Разные\42895181.jpg (64952334)
OK: P:\Photo\Из Сети\Разные\443.JPG
✅ CRC OK: P:\Photo\Из Сети\Разные\443.JPG (3b73262f)
OK: P:\Photo\Из Сети\Разные\4487a7fbb2fc4a5470184604744e9f24.jpg
✅ CRC OK: P:\Photo\Из Сети\Разные\4487a7fbb2fc4a5470184604744e9f24.jpg (2c160223)
OK: P:\Photo\Из Сети\Разные\449cfbca35b761baaf3510754b8c3fae.jpg
✅ CRC OK: P:\Photo\Из Сети\Разные\449cfbca35b761baaf3510754b8c3fae.jpg (7699e289)
OK: P:\Photo\Из Сети\Разные\454464.jpg
✅ CRC OK: P:\Photo\Из Сети\Разные\454464.jpg (b39efa3a)
OK: P:\Photo\Из Сети\Разные\45a374f7bcb0eae30c385921f0634d7f.jpg
✅ CRC OK: P:\Photo\Из Сети\Разные\45a374f7bcb0eae30c385921f0634d7f.jpg (d3a014d3)
OK: P:\Photo\Из Сети\Разные\4611f50098a5562b5b5068726943cdd1.jpg
✅ CRC OK: P:\Photo\Из Сети\Разные\4611f50098a5562b5b5068726943cdd1.jpg (1f8376a0)
OK: P:\Photo\Из Сети\Разные\46e8992781cc94d6f0d2f48e867eb567.jpg
✅ CRC OK: P:\Photo\Из Сети\Разные\46e8992781cc94d6f0d2f48e867eb567.jpg (2031b21f)
OK: P:\Photo\Из Сети\Разные\4793ef22af72f85593fc59beebaae5b3.jpg
✅ CRC OK: P:\Photo\Из Сети\Разные\4793ef22af72f85593fc59beebaae5b3.jpg (ae7ff6f4)
OK: P:\Photo\Из Сети\Разные\48_196.jpg
✅ CRC OK: P:\Photo\Из Сети\Разные\48_196.jpg (2700f6d7)
OK: P:\Photo\Из Сети\Разные\5.jpg
✅ CRC OK: P:\Photo\Из Сети\Разные\5.jpg (4037385f)
OK: P:\Photo\Из Сети\Разные\528aa30ac3b4f7535c3d81dd40206e82.jpg
✅ CRC OK: P:\Photo\Из Сети\Разные\528aa30ac3b4f7535c3d81dd40206e82.jpg (fb35c6d9)
OK: P:\Photo\Из Сети\Разные\55.jpg
✅ CRC OK: P:\Photo\Из Сети\Разные\55.jpg (95a9af68)
OK: P:\Photo\Из Сети\Разные\554911119995807.14.jpg
✅ CRC OK: P:\Photo\Из Сети\Разные\554911119995807.14.jpg (873cfd5e)
OK: P:\Photo\Из Сети\Разные\555555.jpg
✅ CRC OK: P:\Photo\Из Сети\Разные\555555.jpg (3d59feb0)
OK: P:\Photo\Из Сети\Разные\57.jpg
✅ CRC OK: P:\Photo\Из Сети\Разные\57.jpg (9011232c)
OK: P:\Photo\Из Сети\Разные\58219954_ros_034059.jpg
✅ CRC OK: P:\Photo\Из Сети\Разные\58219954_ros_034059.jpg (2580049f)
OK: P:\Photo\Из Сети\Разные\59c45646e1f7072c026323703d641703.jpg
✅ CRC OK: P:\Photo\Из Сети\Разные\59c45646e1f7072c026323703d641703.jpg (47a68552)
OK: P:\Photo\Из Сети\Разные\5Q9EvC6lNwE.jpg
✅ CRC OK: P:\Photo\Из Сети\Разные\5Q9EvC6lNwE.jpg (e2946748)
OK: P:\Photo\Из Сети\Разные\5e4568925d3e275709c6c469084f1fd6.jpg
✅ CRC OK: P:\Photo\Из Сети\Разные\5e4568925d3e275709c6c469084f1fd6.jpg (34d8a83b)
OK: P:\Photo\Из Сети\Разные\64.jpg
✅ CRC OK: P:\Photo\Из Сети\Разные\64.jpg (59c8e265)
OK: P:\Photo\Из Сети\Разные\65655.JPG
✅ CRC OK: P:\Photo\Из Сети\Разные\65655.JPG (23dc9419)
OK: P:\Photo\Из Сети\Разные\66.jpg
✅ CRC OK: P:\Photo\Из Сети\Разные\66.jpg (739d5b60)
OK: P:\Photo\Из Сети\Разные\66d86653c750fad222d64a45c5f70614.jpg
✅ CRC OK: P:\Photo\Из Сети\Разные\66d86653c750fad222d64a45c5f70614.jpg (332e5ec7)
OK: P:\Photo\Из Сети\Разные\674c4d7480212ae8a75b7b9e7f33017d.jpg
✅ CRC OK: P:\Photo\Из Сети\Разные\674c4d7480212ae8a75b7b9e7f33017d.jpg (bcdf6d44)
OK: P:\Photo\Из Сети\Разные\6d098df055d6cab65e2444ba023e940c.jpg
✅ CRC OK: P:\Photo\Из Сети\Разные\6d098df055d6cab65e2444ba023e940c.jpg (8a0a1127)
OK: P:\Photo\Из Сети\Разные\6v9a.jpeg
✅ CRC OK: P:\Photo\Из Сети\Разные\6v9a.jpeg (5c43647f)
OK: P:\Photo\Из Сети\Разные\7.jpg
✅ CRC OK: P:\Photo\Из Сети\Разные\7.jpg (33ef6ed8)
OK: P:\Photo\Из Сети\Разные\7582f7b656121e1bd0fdf18a65f78c69.jpg
✅ CRC OK: P:\Photo\Из Сети\Разные\7582f7b656121e1bd0fdf18a65f78c69.jpg (7aea3a62)
OK: P:\Photo\Из Сети\Разные\7708_14762.jpg
✅ CRC OK: P:\Photo\Из Сети\Разные\7708_14762.jpg (074132f8)
OK: P:\Photo\Из Сети\Разные\787b3dfdb9487932a9fedcaed4b6aee4.jpg
✅ CRC OK: P:\Photo\Из Сети\Разные\787b3dfdb9487932a9fedcaed4b6aee4.jpg (ed949e7d)
OK: P:\Photo\Из Сети\Разные\79353d8ee62632f400c1dad32bd6ab88.jpg
✅ CRC OK: P:\Photo\Из Сети\Разные\79353d8ee62632f400c1dad32bd6ab88.jpg (817ad033)
OK: P:\Photo\Из Сети\Разные\8.09.06.JPG
✅ CRC OK: P:\Photo\Из Сети\Разные\8.09.06.JPG (e8c521f4)
OK: P:\Photo\Из Сети\Разные\804df9adbdcf7dafc69cac5bd404c699.jpg
✅ CRC OK: P:\Photo\Из Сети\Разные\804df9adbdcf7dafc69cac5bd404c699.jpg (08bff7ed)
OK: P:\Photo\Из Сети\Разные\83509_31b.jpg
✅ CRC OK: P:\Photo\Из Сети\Разные\83509_31b.jpg (6dc9e07e)
OK: P:\Photo\Из Сети\Разные\8808caed4cbaba42fb39d0f1845e8fb7.jpg
✅ CRC OK: P:\Photo\Из Сети\Разные\8808caed4cbaba42fb39d0f1845e8fb7.jpg (4cd39880)
OK: P:\Photo\Из Сети\Разные\8a0c6f1ecd91b8bf99beade3807f1de3.jpg
✅ CRC OK: P:\Photo\Из Сети\Разные\8a0c6f1ecd91b8bf99beade3807f1de3.jpg (96b30aa1)
OK: P:\Photo\Из Сети\Разные\8d42733aa557fb1d3ca52de98026386b.jpg
✅ CRC OK: P:\Photo\Из Сети\Разные\8d42733aa557fb1d3ca52de98026386b.jpg (3dc0aa97)
OK: P:\Photo\Из Сети\Разные\8d76e291799ca4ea71b20ea8e98aa464.jpg
✅ CRC OK: P:\Photo\Из Сети\Разные\8d76e291799ca4ea71b20ea8e98aa464.jpg (dc961e26)
OK: P:\Photo\Из Сети\Разные\95f53e86d7d6.jpg
✅ CRC OK: P:\Photo\Из Сети\Разные\95f53e86d7d6.jpg (7e243998)
OK: P:\Photo\Из Сети\Разные\97def4aa9d0599186c67b55aeb082ed8.jpg
✅ CRC OK: P:\Photo\Из Сети\Разные\97def4aa9d0599186c67b55aeb082ed8.jpg (fc3f9bd6)
OK: P:\Photo\Из Сети\Разные\AJleHOI4Ka&Billy.JPG
✅ CRC OK: P:\Photo\Из Сети\Разные\AJleHOI4Ka&Billy.JPG (d2595b45)
OK: P:\Photo\Из Сети\Разные\AM07.JPG
✅ CRC OK: P:\Photo\Из Сети\Разные\AM07.JPG (0428966c)
OK: P:\Photo\Из Сети\Разные\ANALPICK.JPG
✅ CRC OK: P:\Photo\Из Сети\Разные\ANALPICK.JPG (4e6ce5e2)
OK: P:\Photo\Из Сети\Разные\AcTioN.JPG
✅ CRC OK: P:\Photo\Из Сети\Разные\AcTioN.JPG (fb55b516)
OK: P:\Photo\Из Сети\Разные\Alexbek_watercraft_002.jpg
✅ CRC OK: P:\Photo\Из Сети\Разные\Alexbek_watercraft_002.jpg (7697bd46)
OK: P:\Photo\Из Сети\Разные\Alexbek_watercraft_003.jpg
✅ CRC OK: P:\Photo\Из Сети\Разные\Alexbek_watercraft_003.jpg (c445cb95)
OK: P:\Photo\Из Сети\Разные\CAWEHbKA & Billy.jpg
✅ CRC OK: P:\Photo\Из Сети\Разные\CAWEHbKA & Billy.jpg (d0303abe)
OK: P:\Photo\Из Сети\Разные\Come to me.bmp
✅ CRC OK: P:\Photo\Из Сети\Разные\Come to me.bmp (0c995e1b)
OK: P:\Photo\Из Сети\Разные\DBAOL71.jpg
✅ CRC OK: P:\Photo\Из Сети\Разные\DBAOL71.jpg (7788531c)
OK: P:\Photo\Из Сети\Разные\DSC00016.JPG
✅ CRC OK: P:\Photo\Из Сети\Разные\DSC00016.JPG (8e9d582b)
OK: P:\Photo\Из Сети\Разные\DSC00036.JPG
✅ CRC OK: P:\Photo\Из Сети\Разные\DSC00036.JPG (fc871069)
OK: P:\Photo\Из Сети\Разные\DSC00118.JPG
✅ CRC OK: P:\Photo\Из Сети\Разные\DSC00118.JPG (20d8faa9)
OK: P:\Photo\Из Сети\Разные\DSC00224.JPG
✅ CRC OK: P:\Photo\Из Сети\Разные\DSC00224.JPG (fae29bd7)
OK: P:\Photo\Из Сети\Разные\DSC00230.JPG
✅ CRC OK: P:\Photo\Из Сети\Разные\DSC00230.JPG (308af3cd)
OK: P:\Photo\Из Сети\Разные\DSC00232.JPG
✅ CRC OK: P:\Photo\Из Сети\Разные\DSC00232.JPG (26978427)
OK: P:\Photo\Из Сети\Разные\DSC00234.JPG
✅ CRC OK: P:\Photo\Из Сети\Разные\DSC00234.JPG (b0ad9d9f)
OK: P:\Photo\Из Сети\Разные\DSC00235.JPG
✅ CRC OK: P:\Photo\Из Сети\Разные\DSC00235.JPG (c6687ced)
OK: P:\Photo\Из Сети\Разные\DSC00281.JPG
✅ CRC OK: P:\Photo\Из Сети\Разные\DSC00281.JPG (02f199c8)
OK: P:\Photo\Из Сети\Разные\DSC00558.JPG
✅ CRC OK: P:\Photo\Из Сети\Разные\DSC00558.JPG (a3d6fada)
OK: P:\Photo\Из Сети\Разные\DSC00571.JPG
✅ CRC OK: P:\Photo\Из Сети\Разные\DSC00571.JPG (bcf6eeb2)
OK: P:\Photo\Из Сети\Разные\DSC00573.JPG
✅ CRC OK: P:\Photo\Из Сети\Разные\DSC00573.JPG (2bf2af8b)
OK: P:\Photo\Из Сети\Разные\DSC00574.JPG
✅ CRC OK: P:\Photo\Из Сети\Разные\DSC00574.JPG (b16e7b38)
OK: P:\Photo\Из Сети\Разные\DSC00575.JPG
✅ CRC OK: P:\Photo\Из Сети\Разные\DSC00575.JPG (4ed7c324)
OK: P:\Photo\Из Сети\Разные\DSC00600.JPG
✅ CRC OK: P:\Photo\Из Сети\Разные\DSC00600.JPG (539caa81)
OK: P:\Photo\Из Сети\Разные\DSC00601.JPG
✅ CRC OK: P:\Photo\Из Сети\Разные\DSC00601.JPG (0acf9cff)
OK: P:\Photo\Из Сети\Разные\DSC00602.JPG
✅ CRC OK: P:\Photo\Из Сети\Разные\DSC00602.JPG (29845d0d)
OK: P:\Photo\Из Сети\Разные\DSC00784.JPG
✅ CRC OK: P:\Photo\Из Сети\Разные\DSC00784.JPG (9e7fcbdb)
OK: P:\Photo\Из Сети\Разные\DSC00786.JPG
✅ CRC OK: P:\Photo\Из Сети\Разные\DSC00786.JPG (cf274d49)
OK: P:\Photo\Из Сети\Разные\DSC00789.JPG
✅ CRC OK: P:\Photo\Из Сети\Разные\DSC00789.JPG (34f95d4f)
OK: P:\Photo\Из Сети\Разные\DSC00791.JPG
✅ CRC OK: P:\Photo\Из Сети\Разные\DSC00791.JPG (c749b38b)
OK: P:\Photo\Из Сети\Разные\DSC03997.JPG
✅ CRC OK: P:\Photo\Из Сети\Разные\DSC03997.JPG (e1f4c869)
OK: P:\Photo\Из Сети\Разные\DSC04006.JPG
✅ CRC OK: P:\Photo\Из Сети\Разные\DSC04006.JPG (579e9c65)
OK: P:\Photo\Из Сети\Разные\DSC04095.jpg
✅ CRC OK: P:\Photo\Из Сети\Разные\DSC04095.jpg (9eae4322)
OK: P:\Photo\Из Сети\Разные\DSC04214.JPG
✅ CRC OK: P:\Photo\Из Сети\Разные\DSC04214.JPG (801d4f5b)
OK: P:\Photo\Из Сети\Разные\DSC04252.jpg
✅ CRC OK: P:\Photo\Из Сети\Разные\DSC04252.jpg (b922c3ac)
OK: P:\Photo\Из Сети\Разные\DSC05336.JPG
✅ CRC OK: P:\Photo\Из Сети\Разные\DSC05336.JPG (450a2c20)
OK: P:\Photo\Из Сети\Разные\DSCF0142.jpg
✅ CRC OK: P:\Photo\Из Сети\Разные\DSCF0142.jpg (fba9a85c)
OK: P:\Photo\Из Сети\Разные\DSCN0112.JPG
✅ CRC OK: P:\Photo\Из Сети\Разные\DSCN0112.JPG (f4856f41)
OK: P:\Photo\Из Сети\Разные\DSCN2001.JPG
✅ CRC OK: P:\Photo\Из Сети\Разные\DSCN2001.JPG (d606c90f)
OK: P:\Photo\Из Сети\Разные\DSCN2008.JPG
✅ CRC OK: P:\Photo\Из Сети\Разные\DSCN2008.JPG (9807be7f)
OK: P:\Photo\Из Сети\Разные\DSCN7002.JPG
✅ CRC OK: P:\Photo\Из Сети\Разные\DSCN7002.JPG (42987c99)
OK: P:\Photo\Из Сети\Разные\DSCN7009.JPG
✅ CRC OK: P:\Photo\Из Сети\Разные\DSCN7009.JPG (a9eb4134)
OK: P:\Photo\Из Сети\Разные\DSCN7011.JPG
✅ CRC OK: P:\Photo\Из Сети\Разные\DSCN7011.JPG (6f9b6236)
OK: P:\Photo\Из Сети\Разные\DSCN7013.JPG
✅ CRC OK: P:\Photo\Из Сети\Разные\DSCN7013.JPG (37c369a5)
OK: P:\Photo\Из Сети\Разные\DSCN7055.JPG
✅ CRC OK: P:\Photo\Из Сети\Разные\DSCN7055.JPG (d913e48b)
OK: P:\Photo\Из Сети\Разные\DSCN7081.JPG
✅ CRC OK: P:\Photo\Из Сети\Разные\DSCN7081.JPG (a5042055)
OK: P:\Photo\Из Сети\Разные\DSCN7212.JPG
✅ CRC OK: P:\Photo\Из Сети\Разные\DSCN7212.JPG (e0a71d21)
OK: P:\Photo\Из Сети\Разные\DSCN7215.JPG
✅ CRC OK: P:\Photo\Из Сети\Разные\DSCN7215.JPG (5295a886)
OK: P:\Photo\Из Сети\Разные\DSCN7216.JPG
✅ CRC OK: P:\Photo\Из Сети\Разные\DSCN7216.JPG (68aa80c6)
OK: P:\Photo\Из Сети\Разные\DSCN7217.JPG
✅ CRC OK: P:\Photo\Из Сети\Разные\DSCN7217.JPG (a29afdd7)
OK: P:\Photo\Из Сети\Разные\DSCN7218.JPG
✅ CRC OK: P:\Photo\Из Сети\Разные\DSCN7218.JPG (6c9e5650)
OK: P:\Photo\Из Сети\Разные\DSCN7219.JPG
✅ CRC OK: P:\Photo\Из Сети\Разные\DSCN7219.JPG (ebd012ec)
OK: P:\Photo\Из Сети\Разные\EsP4bCIhjNU.jpg
✅ CRC OK: P:\Photo\Из Сети\Разные\EsP4bCIhjNU.jpg (a393a4f4)
OK: P:\Photo\Из Сети\Разные\FEAJ02.JPG
✅ CRC OK: P:\Photo\Из Сети\Разные\FEAJ02.JPG (91e848e3)
OK: P:\Photo\Из Сети\Разные\FEAJ04.JPG
✅ CRC OK: P:\Photo\Из Сети\Разные\FEAJ04.JPG (c99a7811)
OK: P:\Photo\Из Сети\Разные\FEAJ05.JPG
✅ CRC OK: P:\Photo\Из Сети\Разные\FEAJ05.JPG (3f65abb2)
OK: P:\Photo\Из Сети\Разные\FEAJ07.JPG
✅ CRC OK: P:\Photo\Из Сети\Разные\FEAJ07.JPG (32a721dc)
OK: P:\Photo\Из Сети\Разные\FEAP07.JPG
✅ CRC OK: P:\Photo\Из Сети\Разные\FEAP07.JPG (701ed6c2)
OK: P:\Photo\Из Сети\Разные\FEBS05.JPG
✅ CRC OK: P:\Photo\Из Сети\Разные\FEBS05.JPG (29f5a819)
OK: P:\Photo\Из Сети\Разные\FEBT02.JPG
✅ CRC OK: P:\Photo\Из Сети\Разные\FEBT02.JPG (3094225f)
OK: P:\Photo\Из Сети\Разные\FEBT05.JPG
✅ CRC OK: P:\Photo\Из Сети\Разные\FEBT05.JPG (ac280761)
OK: P:\Photo\Из Сети\Разные\FEBT09.JPG
✅ CRC OK: P:\Photo\Из Сети\Разные\FEBT09.JPG (7a4ab917)
OK: P:\Photo\Из Сети\Разные\I love u.bmp
✅ CRC OK: P:\Photo\Из Сети\Разные\I love u.bmp (c98d3db2)
OK: P:\Photo\Из Сети\Разные\IKI8g1abURI.jpg
✅ CRC OK: P:\Photo\Из Сети\Разные\IKI8g1abURI.jpg (13380665)
OK: P:\Photo\Из Сети\Разные\IMG003.JPG
✅ CRC OK: P:\Photo\Из Сети\Разные\IMG003.JPG (841fe885)
OK: P:\Photo\Из Сети\Разные\IMG010.JPG
✅ CRC OK: P:\Photo\Из Сети\Разные\IMG010.JPG (2a3b9fb8)
OK: P:\Photo\Из Сети\Разные\IMG012.JPG
✅ CRC OK: P:\Photo\Из Сети\Разные\IMG012.JPG (f50af9b5)
OK: P:\Photo\Из Сети\Разные\IMGP1138.JPG
✅ CRC OK: P:\Photo\Из Сети\Разные\IMGP1138.JPG (d5ede489)
OK: P:\Photo\Из Сети\Разные\IMGP1152.JPG
✅ CRC OK: P:\Photo\Из Сети\Разные\IMGP1152.JPG (61087e72)
OK: P:\Photo\Из Сети\Разные\IMGP1180.JPG
✅ CRC OK: P:\Photo\Из Сети\Разные\IMGP1180.JPG (18dddb2c)
OK: P:\Photo\Из Сети\Разные\IMGP1182.JPG
✅ CRC OK: P:\Photo\Из Сети\Разные\IMGP1182.JPG (d0431208)
OK: P:\Photo\Из Сети\Разные\IMGP1183.JPG
✅ CRC OK: P:\Photo\Из Сети\Разные\IMGP1183.JPG (4270a09e)
OK: P:\Photo\Из Сети\Разные\IMG_0010.jpg
✅ CRC OK: P:\Photo\Из Сети\Разные\IMG_0010.jpg (fbdc6052)
OK: P:\Photo\Из Сети\Разные\IMG_0011.jpg
✅ CRC OK: P:\Photo\Из Сети\Разные\IMG_0011.jpg (c8203c7e)
OK: P:\Photo\Из Сети\Разные\IMG_0012.JPG
✅ CRC OK: P:\Photo\Из Сети\Разные\IMG_0012.JPG (c7cd443e)
OK: P:\Photo\Из Сети\Разные\IMG_0016.jpg
✅ CRC OK: P:\Photo\Из Сети\Разные\IMG_0016.jpg (d55b180d)
OK: P:\Photo\Из Сети\Разные\IMG_0017.jpg
✅ CRC OK: P:\Photo\Из Сети\Разные\IMG_0017.jpg (3900addc)
OK: P:\Photo\Из Сети\Разные\IMG_0018.jpg
✅ CRC OK: P:\Photo\Из Сети\Разные\IMG_0018.jpg (7110d573)
OK: P:\Photo\Из Сети\Разные\IMG_0024.JPG
✅ CRC OK: P:\Photo\Из Сети\Разные\IMG_0024.JPG (8eb956d2)
OK: P:\Photo\Из Сети\Разные\IMG_0050.JPG
✅ CRC OK: P:\Photo\Из Сети\Разные\IMG_0050.JPG (8f1311b9)
OK: P:\Photo\Из Сети\Разные\IMG_0196.jpg
✅ CRC OK: P:\Photo\Из Сети\Разные\IMG_0196.jpg (610cc069)
OK: P:\Photo\Из Сети\Разные\IMG_0294.JPG
✅ CRC OK: P:\Photo\Из Сети\Разные\IMG_0294.JPG (fa80a629)
OK: P:\Photo\Из Сети\Разные\IMG_0305.JPG
✅ CRC OK: P:\Photo\Из Сети\Разные\IMG_0305.JPG (fc7eebef)
OK: P:\Photo\Из Сети\Разные\IMG_0336.JPG
✅ CRC OK: P:\Photo\Из Сети\Разные\IMG_0336.JPG (ac150be1)
OK: P:\Photo\Из Сети\Разные\IMG_0348.JPG
✅ CRC OK: P:\Photo\Из Сети\Разные\IMG_0348.JPG (79794c2d)
OK: P:\Photo\Из Сети\Разные\IMG_0354.JPG
✅ CRC OK: P:\Photo\Из Сети\Разные\IMG_0354.JPG (d48f7009)
OK: P:\Photo\Из Сети\Разные\IMG_0357.jpg
✅ CRC OK: P:\Photo\Из Сети\Разные\IMG_0357.jpg (410434b5)
OK: P:\Photo\Из Сети\Разные\IMG_0360.JPG
✅ CRC OK: P:\Photo\Из Сети\Разные\IMG_0360.JPG (13f1ce32)
OK: P:\Photo\Из Сети\Разные\IMG_0424.jpg
✅ CRC OK: P:\Photo\Из Сети\Разные\IMG_0424.jpg (f1fa5df0)
OK: P:\Photo\Из Сети\Разные\IMG_0468.JPG
✅ CRC OK: P:\Photo\Из Сети\Разные\IMG_0468.JPG (42750f75)
OK: P:\Photo\Из Сети\Разные\IMG_0718.jpg
✅ CRC OK: P:\Photo\Из Сети\Разные\IMG_0718.jpg (64e588c3)
OK: P:\Photo\Из Сети\Разные\IMG_0719.jpg
✅ CRC OK: P:\Photo\Из Сети\Разные\IMG_0719.jpg (55a70139)
OK: P:\Photo\Из Сети\Разные\IMG_0721.jpg
✅ CRC OK: P:\Photo\Из Сети\Разные\IMG_0721.jpg (74d98655)
OK: P:\Photo\Из Сети\Разные\IMG_0737.jpg
✅ CRC OK: P:\Photo\Из Сети\Разные\IMG_0737.jpg (3dc32649)
OK: P:\Photo\Из Сети\Разные\IMG_0746.jpg
✅ CRC OK: P:\Photo\Из Сети\Разные\IMG_0746.jpg (8b7b9e5f)
OK: P:\Photo\Из Сети\Разные\IMG_0838.jpg
✅ CRC OK: P:\Photo\Из Сети\Разные\IMG_0838.jpg (ca206549)
OK: P:\Photo\Из Сети\Разные\IMG_0842.jpg
✅ CRC OK: P:\Photo\Из Сети\Разные\IMG_0842.jpg (e4d9d689)
OK: P:\Photo\Из Сети\Разные\IMG_0880.JPG
✅ CRC OK: P:\Photo\Из Сети\Разные\IMG_0880.JPG (cd028aff)
OK: P:\Photo\Из Сети\Разные\IMG_1190.JPG
✅ CRC OK: P:\Photo\Из Сети\Разные\IMG_1190.JPG (dfdce7bb)
OK: P:\Photo\Из Сети\Разные\IMG_1643.jpg
✅ CRC OK: P:\Photo\Из Сети\Разные\IMG_1643.jpg (d8810689)
OK: P:\Photo\Из Сети\Разные\IMG_1901.jpg
✅ CRC OK: P:\Photo\Из Сети\Разные\IMG_1901.jpg (d7c47573)
OK: P:\Photo\Из Сети\Разные\IMG_1951.jpg
✅ CRC OK: P:\Photo\Из Сети\Разные\IMG_1951.jpg (83ac99dc)
OK: P:\Photo\Из Сети\Разные\IMG_2008.jpg
✅ CRC OK: P:\Photo\Из Сети\Разные\IMG_2008.jpg (6d815a04)
OK: P:\Photo\Из Сети\Разные\IMG_5941.jpg
✅ CRC OK: P:\Photo\Из Сети\Разные\IMG_5941.jpg (85a1e0a2)
OK: P:\Photo\Из Сети\Разные\IMG_7302.jpg
✅ CRC OK: P:\Photo\Из Сети\Разные\IMG_7302.jpg (82477bdd)
OK: P:\Photo\Из Сети\Разные\IMG_7303.jpg
✅ CRC OK: P:\Photo\Из Сети\Разные\IMG_7303.jpg (3f283757)
OK: P:\Photo\Из Сети\Разные\Julia 20.jpg
✅ CRC OK: P:\Photo\Из Сети\Разные\Julia 20.jpg (bc529a38)
OK: P:\Photo\Из Сети\Разные\KATR1NKA розляглася! ).JPG
✅ CRC OK: P:\Photo\Из Сети\Разные\KATR1NKA розляглася! ).JPG (ba0f1053)
OK: P:\Photo\Из Сети\Разные\LA3oKGOU_1[1].jpg
✅ CRC OK: P:\Photo\Из Сети\Разные\LA3oKGOU_1[1].jpg (be0d7e16)
OK: P:\Photo\Из Сети\Разные\Like a pirat.bmp
✅ CRC OK: P:\Photo\Из Сети\Разные\Like a pirat.bmp (d7988ad2)
OK: P:\Photo\Из Сети\Разные\Mika.jpg
✅ CRC OK: P:\Photo\Из Сети\Разные\Mika.jpg (506bd56f)
OK: P:\Photo\Из Сети\Разные\P1010006.JPG
✅ CRC OK: P:\Photo\Из Сети\Разные\P1010006.JPG (99b0f2ba)
OK: P:\Photo\Из Сети\Разные\P1010074.JPG
✅ CRC OK: P:\Photo\Из Сети\Разные\P1010074.JPG (61928193)
OK: P:\Photo\Из Сети\Разные\P1010079.JPG
✅ CRC OK: P:\Photo\Из Сети\Разные\P1010079.JPG (08551ace)
OK: P:\Photo\Из Сети\Разные\P1010108.JPG
✅ CRC OK: P:\Photo\Из Сети\Разные\P1010108.JPG (ff813b09)
OK: P:\Photo\Из Сети\Разные\P1010135.JPG
✅ CRC OK: P:\Photo\Из Сети\Разные\P1010135.JPG (780314f5)
OK: P:\Photo\Из Сети\Разные\P1010184.JPG
✅ CRC OK: P:\Photo\Из Сети\Разные\P1010184.JPG (1893331d)
OK: P:\Photo\Из Сети\Разные\P1010297.JPG
✅ CRC OK: P:\Photo\Из Сети\Разные\P1010297.JPG (1a7a188a)
OK: P:\Photo\Из Сети\Разные\P1010302.JPG
✅ CRC OK: P:\Photo\Из Сети\Разные\P1010302.JPG (fbd39ca8)
OK: P:\Photo\Из Сети\Разные\P1010389.JPG
✅ CRC OK: P:\Photo\Из Сети\Разные\P1010389.JPG (1d51f028)
OK: P:\Photo\Из Сети\Разные\P1010427.JPG
✅ CRC OK: P:\Photo\Из Сети\Разные\P1010427.JPG (be23029a)
OK: P:\Photo\Из Сети\Разные\P1010684.JPG
✅ CRC OK: P:\Photo\Из Сети\Разные\P1010684.JPG (0ab9ce18)
OK: P:\Photo\Из Сети\Разные\P1010775.JPG
✅ CRC OK: P:\Photo\Из Сети\Разные\P1010775.JPG (9b3ad460)
OK: P:\Photo\Из Сети\Разные\P1010864.JPG
✅ CRC OK: P:\Photo\Из Сети\Разные\P1010864.JPG (320495c7)
OK: P:\Photo\Из Сети\Разные\P1010865.JPG
✅ CRC OK: P:\Photo\Из Сети\Разные\P1010865.JPG (b05e355e)
OK: P:\Photo\Из Сети\Разные\P1011240.JPG
✅ CRC OK: P:\Photo\Из Сети\Разные\P1011240.JPG (7437fc2a)
OK: P:\Photo\Из Сети\Разные\P1011500.JPG
✅ CRC OK: P:\Photo\Из Сети\Разные\P1011500.JPG (cbae077b)
OK: P:\Photo\Из Сети\Разные\P1011550.JPG
✅ CRC OK: P:\Photo\Из Сети\Разные\P1011550.JPG (052c2140)
OK: P:\Photo\Из Сети\Разные\P1020003.JPG
✅ CRC OK: P:\Photo\Из Сети\Разные\P1020003.JPG (1182897b)
OK: P:\Photo\Из Сети\Разные\P1020020.JPG
✅ CRC OK: P:\Photo\Из Сети\Разные\P1020020.JPG (7751d520)
OK: P:\Photo\Из Сети\Разные\P5300013.jpg
✅ CRC OK: P:\Photo\Из Сети\Разные\P5300013.jpg (7e226096)
OK: P:\Photo\Из Сети\Разные\P5300045.jpg
✅ CRC OK: P:\Photo\Из Сети\Разные\P5300045.jpg (af68cf7d)
OK: P:\Photo\Из Сети\Разные\P7100016.JPG
✅ CRC OK: P:\Photo\Из Сети\Разные\P7100016.JPG (c947c1dc)
OK: P:\Photo\Из Сети\Разные\P7100118---.jpg
✅ CRC OK: P:\Photo\Из Сети\Разные\P7100118---.jpg (ff43a0ac)
OK: P:\Photo\Из Сети\Разные\P7220026.JPG
✅ CRC OK: P:\Photo\Из Сети\Разные\P7220026.JPG (fb290813)
OK: P:\Photo\Из Сети\Разные\PA180025.JPG
✅ CRC OK: P:\Photo\Из Сети\Разные\PA180025.JPG (5b03f0b6)
OK: P:\Photo\Из Сети\Разные\PICT0005.JPG
✅ CRC OK: P:\Photo\Из Сети\Разные\PICT0005.JPG (be6d2fd3)
OK: P:\Photo\Из Сети\Разные\PICT0011.JPG
✅ CRC OK: P:\Photo\Из Сети\Разные\PICT0011.JPG (7a580afd)
OK: P:\Photo\Из Сети\Разные\PICT0208.JPG
✅ CRC OK: P:\Photo\Из Сети\Разные\PICT0208.JPG (bb3957a8)
OK: P:\Photo\Из Сети\Разные\PICT0209.JPG
✅ CRC OK: P:\Photo\Из Сети\Разные\PICT0209.JPG (76480da4)
OK: P:\Photo\Из Сети\Разные\PICT0222.JPG
✅ CRC OK: P:\Photo\Из Сети\Разные\PICT0222.JPG (b573370c)
OK: P:\Photo\Из Сети\Разные\PICT0229.JPG
✅ CRC OK: P:\Photo\Из Сети\Разные\PICT0229.JPG (76fba1ad)
OK: P:\Photo\Из Сети\Разные\PICT0573.JPG
✅ CRC OK: P:\Photo\Из Сети\Разные\PICT0573.JPG (03a68bc8)
OK: P:\Photo\Из Сети\Разные\PICT2032.JPG
✅ CRC OK: P:\Photo\Из Сети\Разные\PICT2032.JPG (c9dcebfa)
OK: P:\Photo\Из Сети\Разные\PICT2033.JPG
✅ CRC OK: P:\Photo\Из Сети\Разные\PICT2033.JPG (8285d9f9)
OK: P:\Photo\Из Сети\Разные\PUZ042.JPG
✅ CRC OK: P:\Photo\Из Сети\Разные\PUZ042.JPG (62ae5b90)
OK: P:\Photo\Из Сети\Разные\Photo-0063.jpg
✅ CRC OK: P:\Photo\Из Сети\Разные\Photo-0063.jpg (57f0deed)
OK: P:\Photo\Из Сети\Разные\Photo-0120.jpg
✅ CRC OK: P:\Photo\Из Сети\Разные\Photo-0120.jpg (57c221ff)
OK: P:\Photo\Из Сети\Разные\Photo-0128.jpg
✅ CRC OK: P:\Photo\Из Сети\Разные\Photo-0128.jpg (de09fa60)
OK: P:\Photo\Из Сети\Разные\Photo-0149.jpg
✅ CRC OK: P:\Photo\Из Сети\Разные\Photo-0149.jpg (59f9449c)
OK: P:\Photo\Из Сети\Разные\Photo-0153.jpg
✅ CRC OK: P:\Photo\Из Сети\Разные\Photo-0153.jpg (c50c1333)
OK: P:\Photo\Из Сети\Разные\Photo-0153а.jpg
✅ CRC OK: P:\Photo\Из Сети\Разные\Photo-0153а.jpg (4626a246)
OK: P:\Photo\Из Сети\Разные\Photo-0222.jpg
✅ CRC OK: P:\Photo\Из Сети\Разные\Photo-0222.jpg (bda493f2)
OK: P:\Photo\Из Сети\Разные\Photo-0355.jpg
✅ CRC OK: P:\Photo\Из Сети\Разные\Photo-0355.jpg (ca07fc97)
OK: P:\Photo\Из Сети\Разные\Photo-0660.jpg
✅ CRC OK: P:\Photo\Из Сети\Разные\Photo-0660.jpg (7be064d0)
OK: P:\Photo\Из Сети\Разные\Photo-0696.jpg
✅ CRC OK: P:\Photo\Из Сети\Разные\Photo-0696.jpg (e0434f81)
OK: P:\Photo\Из Сети\Разные\Photo-0697.jpg
✅ CRC OK: P:\Photo\Из Сети\Разные\Photo-0697.jpg (c55df215)
OK: P:\Photo\Из Сети\Разные\Photo-0700.jpg
✅ CRC OK: P:\Photo\Из Сети\Разные\Photo-0700.jpg (0e1d5d77)
OK: P:\Photo\Из Сети\Разные\Photo-0701.jpg
✅ CRC OK: P:\Photo\Из Сети\Разные\Photo-0701.jpg (2a48cf8c)
OK: P:\Photo\Из Сети\Разные\Photo-0705.jpg
✅ CRC OK: P:\Photo\Из Сети\Разные\Photo-0705.jpg (2a1acf4c)
OK: P:\Photo\Из Сети\Разные\Photo-0706.jpg
✅ CRC OK: P:\Photo\Из Сети\Разные\Photo-0706.jpg (57af43e9)
OK: P:\Photo\Из Сети\Разные\Photo-0710.jpg
✅ CRC OK: P:\Photo\Из Сети\Разные\Photo-0710.jpg (43f6f91a)
OK: P:\Photo\Из Сети\Разные\Photo-0711.jpg
✅ CRC OK: P:\Photo\Из Сети\Разные\Photo-0711.jpg (2bab20b6)
OK: P:\Photo\Из Сети\Разные\Photo-0712.jpg
✅ CRC OK: P:\Photo\Из Сети\Разные\Photo-0712.jpg (8901fa8d)
OK: P:\Photo\Из Сети\Разные\Photo-0722.jpg
✅ CRC OK: P:\Photo\Из Сети\Разные\Photo-0722.jpg (0a44d491)
OK: P:\Photo\Из Сети\Разные\Photo-0729.jpg
✅ CRC OK: P:\Photo\Из Сети\Разные\Photo-0729.jpg (c8f58704)
OK: P:\Photo\Из Сети\Разные\Photo-0730.jpg
✅ CRC OK: P:\Photo\Из Сети\Разные\Photo-0730.jpg (1b566755)
OK: P:\Photo\Из Сети\Разные\Photo-0741.jpg
✅ CRC OK: P:\Photo\Из Сети\Разные\Photo-0741.jpg (1cb10247)
OK: P:\Photo\Из Сети\Разные\Photo_0072.jpg
✅ CRC OK: P:\Photo\Из Сети\Разные\Photo_0072.jpg (67e2eadd)
OK: P:\Photo\Из Сети\Разные\Princess.jpg
✅ CRC OK: P:\Photo\Из Сети\Разные\Princess.jpg (134e2812)
OK: P:\Photo\Из Сети\Разные\Princess2.jpg
✅ CRC OK: P:\Photo\Из Сети\Разные\Princess2.jpg (b48ea53c)
OK: P:\Photo\Из Сети\Разные\Princess3.jpg
✅ CRC OK: P:\Photo\Из Сети\Разные\Princess3.jpg (bdc4208e)
OK: P:\Photo\Из Сети\Разные\Princessn.jpg
✅ CRC OK: P:\Photo\Из Сети\Разные\Princessn.jpg (f69cd450)
OK: P:\Photo\Из Сети\Разные\RH8D8fA3ivQ.jpg
✅ CRC OK: P:\Photo\Из Сети\Разные\RH8D8fA3ivQ.jpg (c4f58131)
OK: P:\Photo\Из Сети\Разные\RlkSq-rwKm8.jpg
✅ CRC OK: P:\Photo\Из Сети\Разные\RlkSq-rwKm8.jpg (874c9ab9)
OK: P:\Photo\Из Сети\Разные\Rosmeri 015 - 0092.jpg
✅ CRC OK: P:\Photo\Из Сети\Разные\Rosmeri 015 - 0092.jpg (8ecc196e)
OK: P:\Photo\Из Сети\Разные\Rosmeri 015 - 0093.jpg
✅ CRC OK: P:\Photo\Из Сети\Разные\Rosmeri 015 - 0093.jpg (ea6382a6)
OK: P:\Photo\Из Сети\Разные\Rosmeri 015 - 0094.jpg
✅ CRC OK: P:\Photo\Из Сети\Разные\Rosmeri 015 - 0094.jpg (4269d48e)
OK: P:\Photo\Из Сети\Разные\Rosmeri 015 - 0095.jpg
✅ CRC OK: P:\Photo\Из Сети\Разные\Rosmeri 015 - 0095.jpg (4b09f22c)
OK: P:\Photo\Из Сети\Разные\Rosmeri 015 - 0096.jpg
✅ CRC OK: P:\Photo\Из Сети\Разные\Rosmeri 015 - 0096.jpg (1e161318)
OK: P:\Photo\Из Сети\Разные\Rosmeri 015 - 0097.jpg
✅ CRC OK: P:\Photo\Из Сети\Разные\Rosmeri 015 - 0097.jpg (bd789cc5)
OK: P:\Photo\Из Сети\Разные\SP_A0590.jpg
✅ CRC OK: P:\Photo\Из Сети\Разные\SP_A0590.jpg (fc877714)
OK: P:\Photo\Из Сети\Разные\SP_A0591.jpg
✅ CRC OK: P:\Photo\Из Сети\Разные\SP_A0591.jpg (4c3fba5f)
OK: P:\Photo\Из Сети\Разные\SP_A3744.jpg
✅ CRC OK: P:\Photo\Из Сети\Разные\SP_A3744.jpg (39889447)
OK: P:\Photo\Из Сети\Разные\SP_A3801.jpg
✅ CRC OK: P:\Photo\Из Сети\Разные\SP_A3801.jpg (c376809b)
OK: P:\Photo\Из Сети\Разные\SP_A3967.jpg
✅ CRC OK: P:\Photo\Из Сети\Разные\SP_A3967.jpg (6f116527)
OK: P:\Photo\Из Сети\Разные\SP_A8310.jpg
✅ CRC OK: P:\Photo\Из Сети\Разные\SP_A8310.jpg (a7171769)
OK: P:\Photo\Из Сети\Разные\STREET_Моя мечта.JPG
✅ CRC OK: P:\Photo\Из Сети\Разные\STREET_Моя мечта.JPG (7af45f44)
OK: P:\Photo\Из Сети\Разные\STREET_я и цацочка.JPG
✅ CRC OK: P:\Photo\Из Сети\Разные\STREET_я и цацочка.JPG (b84a61c9)
OK: P:\Photo\Из Сети\Разные\SeXy BLOND@.JPG
✅ CRC OK: P:\Photo\Из Сети\Разные\SeXy BLOND@.JPG (58568914)
OK: P:\Photo\Из Сети\Разные\Sexy.....jpg
✅ CRC OK: P:\Photo\Из Сети\Разные\Sexy.....jpg (a4a56cd5)
OK: P:\Photo\Из Сети\Разные\Sonya.jpg
✅ CRC OK: P:\Photo\Из Сети\Разные\Sonya.jpg (d3635e63)
OK: P:\Photo\Из Сети\Разные\Tania111.jpg
✅ CRC OK: P:\Photo\Из Сети\Разные\Tania111.jpg (f072dae3)
OK: P:\Photo\Из Сети\Разные\TeJIKa.jpg
✅ CRC OK: P:\Photo\Из Сети\Разные\TeJIKa.jpg (bdee1c47)
OK: P:\Photo\Из Сети\Разные\UWV6MVuo_1[1].jpg
✅ CRC OK: P:\Photo\Из Сети\Разные\UWV6MVuo_1[1].jpg (f343e29b)
OK: P:\Photo\Из Сети\Разные\VyH8qNBsMPU.jpg
✅ CRC OK: P:\Photo\Из Сети\Разные\VyH8qNBsMPU.jpg (f7dbc0c8)
OK: P:\Photo\Из Сети\Разные\Your angel.bmp
✅ CRC OK: P:\Photo\Из Сети\Разные\Your angel.bmp (985bea2d)
OK: P:\Photo\Из Сети\Разные\[KISSa] and _ALiNka_ =The BesT FrienDs!!! 2.jpg
✅ CRC OK: P:\Photo\Из Сети\Разные\[KISSa] and _ALiNka_ =The BesT FrienDs!!! 2.jpg (720f6441)
OK: P:\Photo\Из Сети\Разные\[KISSa] and _ALiNka_ =The BesT FrienDs!!!.jpg
✅ CRC OK: P:\Photo\Из Сети\Разные\[KISSa] and _ALiNka_ =The BesT FrienDs!!!.jpg (dd353ba6)
OK: P:\Photo\Из Сети\Разные\_O-YTgP4tL4.jpg
✅ CRC OK: P:\Photo\Из Сети\Разные\_O-YTgP4tL4.jpg (a6aec572)
OK: P:\Photo\Из Сети\Разные\aMEsgTyx_1.jpg
✅ CRC OK: P:\Photo\Из Сети\Разные\aMEsgTyx_1.jpg (a4c06c4e)
OK: P:\Photo\Из Сети\Разные\a_CqxzMNE30.jpg
✅ CRC OK: P:\Photo\Из Сети\Разные\a_CqxzMNE30.jpg (dfc5b064)
OK: P:\Photo\Из Сети\Разные\asen'ka2 041.jpg
✅ CRC OK: P:\Photo\Из Сети\Разные\asen'ka2 041.jpg (de495e9a)
OK: P:\Photo\Из Сети\Разные\ass_5.jpg
✅ CRC OK: P:\Photo\Из Сети\Разные\ass_5.jpg (5d9ae866)
OK: P:\Photo\Из Сети\Разные\at8943.jpg
✅ CRC OK: P:\Photo\Из Сети\Разные\at8943.jpg (fa6a57e0)
OK: P:\Photo\Из Сети\Разные\b_img31.jpg
✅ CRC OK: P:\Photo\Из Сети\Разные\b_img31.jpg (e60ab7e5)
OK: P:\Photo\Из Сети\Разные\ba8429778b21.jpg
✅ CRC OK: P:\Photo\Из Сети\Разные\ba8429778b21.jpg (11920402)
OK: P:\Photo\Из Сети\Разные\billy&cAWEHbKa.JPG
✅ CRC OK: P:\Photo\Из Сети\Разные\billy&cAWEHbKa.JPG (e9cdf637)
OK: P:\Photo\Из Сети\Разные\bitch_002.jpg
✅ CRC OK: P:\Photo\Из Сети\Разные\bitch_002.jpg (78894831)
OK: P:\Photo\Из Сети\Разные\bitch_005.jpg
✅ CRC OK: P:\Photo\Из Сети\Разные\bitch_005.jpg (01c4cd3a)
OK: P:\Photo\Из Сети\Разные\bitch_007.jpg
✅ CRC OK: P:\Photo\Из Сети\Разные\bitch_007.jpg (a728e410)
OK: P:\Photo\Из Сети\Разные\bitch_009.jpg
✅ CRC OK: P:\Photo\Из Сети\Разные\bitch_009.jpg (003e00c3)
OK: P:\Photo\Из Сети\Разные\bitch_010.jpg
✅ CRC OK: P:\Photo\Из Сети\Разные\bitch_010.jpg (a2d800e9)
OK: P:\Photo\Из Сети\Разные\bitch_011.jpg
✅ CRC OK: P:\Photo\Из Сети\Разные\bitch_011.jpg (c56fe90c)
OK: P:\Photo\Из Сети\Разные\bitch_012.jpg
✅ CRC OK: P:\Photo\Из Сети\Разные\bitch_012.jpg (31a5a575)
OK: P:\Photo\Из Сети\Разные\bitch_016.jpg
✅ CRC OK: P:\Photo\Из Сети\Разные\bitch_016.jpg (6cdc0472)
OK: P:\Photo\Из Сети\Разные\bitch_017.jpg
✅ CRC OK: P:\Photo\Из Сети\Разные\bitch_017.jpg (83203726)
OK: P:\Photo\Из Сети\Разные\bitch_018.jpg
✅ CRC OK: P:\Photo\Из Сети\Разные\bitch_018.jpg (1a719010)
OK: P:\Photo\Из Сети\Разные\bitch_019.jpg
✅ CRC OK: P:\Photo\Из Сети\Разные\bitch_019.jpg (2ddf834f)
OK: P:\Photo\Из Сети\Разные\bitch_020.jpg
✅ CRC OK: P:\Photo\Из Сети\Разные\bitch_020.jpg (0df011b4)
OK: P:\Photo\Из Сети\Разные\bitch_021.jpg
✅ CRC OK: P:\Photo\Из Сети\Разные\bitch_021.jpg (a15655fd)
OK: P:\Photo\Из Сети\Разные\bitch_023.jpg
✅ CRC OK: P:\Photo\Из Сети\Разные\bitch_023.jpg (21095bd1)
OK: P:\Photo\Из Сети\Разные\bitch_024.jpg
✅ CRC OK: P:\Photo\Из Сети\Разные\bitch_024.jpg (2e5fc4a6)
OK: P:\Photo\Из Сети\Разные\bitch_026.jpg
✅ CRC OK: P:\Photo\Из Сети\Разные\bitch_026.jpg (e0410cec)
OK: P:\Photo\Из Сети\Разные\bitch_027.jpg
✅ CRC OK: P:\Photo\Из Сети\Разные\bitch_027.jpg (4b61ecda)
OK: P:\Photo\Из Сети\Разные\bitch_028.jpg
✅ CRC OK: P:\Photo\Из Сети\Разные\bitch_028.jpg (087a2e5e)
OK: P:\Photo\Из Сети\Разные\bitch_029.jpg
✅ CRC OK: P:\Photo\Из Сети\Разные\bitch_029.jpg (9586846c)
OK: P:\Photo\Из Сети\Разные\bitch_030.jpg
✅ CRC OK: P:\Photo\Из Сети\Разные\bitch_030.jpg (9c2496ba)
OK: P:\Photo\Из Сети\Разные\bitch_031.jpg
✅ CRC OK: P:\Photo\Из Сети\Разные\bitch_031.jpg (85653240)
OK: P:\Photo\Из Сети\Разные\bitch_032.jpg
✅ CRC OK: P:\Photo\Из Сети\Разные\bitch_032.jpg (e59385b2)
OK: P:\Photo\Из Сети\Разные\bitch_033.jpg
✅ CRC OK: P:\Photo\Из Сети\Разные\bitch_033.jpg (c4345010)
OK: P:\Photo\Из Сети\Разные\bitch_034.jpg
✅ CRC OK: P:\Photo\Из Сети\Разные\bitch_034.jpg (d180adad)
OK: P:\Photo\Из Сети\Разные\bitch_035.jpg
✅ CRC OK: P:\Photo\Из Сети\Разные\bitch_035.jpg (33e8a718)
OK: P:\Photo\Из Сети\Разные\bitch_036.jpg
✅ CRC OK: P:\Photo\Из Сети\Разные\bitch_036.jpg (772c4d30)
OK: P:\Photo\Из Сети\Разные\bitch_037.jpg
✅ CRC OK: P:\Photo\Из Сети\Разные\bitch_037.jpg (56edce72)
OK: P:\Photo\Из Сети\Разные\bitch_038.jpg
✅ CRC OK: P:\Photo\Из Сети\Разные\bitch_038.jpg (0a6d08f1)
OK: P:\Photo\Из Сети\Разные\bitch_039.jpg
✅ CRC OK: P:\Photo\Из Сети\Разные\bitch_039.jpg (ceb6aee1)
OK: P:\Photo\Из Сети\Разные\bitch_040.jpg
✅ CRC OK: P:\Photo\Из Сети\Разные\bitch_040.jpg (76e10140)
OK: P:\Photo\Из Сети\Разные\bitch_041.jpg
✅ CRC OK: P:\Photo\Из Сети\Разные\bitch_041.jpg (facf8b24)
OK: P:\Photo\Из Сети\Разные\bitch_042.jpg
✅ CRC OK: P:\Photo\Из Сети\Разные\bitch_042.jpg (84c3ea45)
OK: P:\Photo\Из Сети\Разные\bitch_043.jpg
✅ CRC OK: P:\Photo\Из Сети\Разные\bitch_043.jpg (9c2d2fed)
OK: P:\Photo\Из Сети\Разные\bitch_044.jpg
✅ CRC OK: P:\Photo\Из Сети\Разные\bitch_044.jpg (b67c9a0a)
OK: P:\Photo\Из Сети\Разные\bitch_045.jpg
✅ CRC OK: P:\Photo\Из Сети\Разные\bitch_045.jpg (8e51e289)
OK: P:\Photo\Из Сети\Разные\bitch_046.jpg
✅ CRC OK: P:\Photo\Из Сети\Разные\bitch_046.jpg (5f51a6ef)
OK: P:\Photo\Из Сети\Разные\bitch_047.jpg
✅ CRC OK: P:\Photo\Из Сети\Разные\bitch_047.jpg (a366a75f)
OK: P:\Photo\Из Сети\Разные\bitch_048.jpg
✅ CRC OK: P:\Photo\Из Сети\Разные\bitch_048.jpg (62c22fe3)
OK: P:\Photo\Из Сети\Разные\bitch_049.jpg
✅ CRC OK: P:\Photo\Из Сети\Разные\bitch_049.jpg (67e6fc54)
OK: P:\Photo\Из Сети\Разные\bitch_050.jpg
✅ CRC OK: P:\Photo\Из Сети\Разные\bitch_050.jpg (db7757ae)
OK: P:\Photo\Из Сети\Разные\bitch_051.jpg
✅ CRC OK: P:\Photo\Из Сети\Разные\bitch_051.jpg (f4755b00)
OK: P:\Photo\Из Сети\Разные\bitch_052.jpg
✅ CRC OK: P:\Photo\Из Сети\Разные\bitch_052.jpg (43f69db3)
OK: P:\Photo\Из Сети\Разные\bitch_053.jpg
✅ CRC OK: P:\Photo\Из Сети\Разные\bitch_053.jpg (4d0acbc5)
OK: P:\Photo\Из Сети\Разные\bitch_054.jpg
✅ CRC OK: P:\Photo\Из Сети\Разные\bitch_054.jpg (e3e6fa9b)
OK: P:\Photo\Из Сети\Разные\bitch_055.jpg
✅ CRC OK: P:\Photo\Из Сети\Разные\bitch_055.jpg (8c4056aa)
OK: P:\Photo\Из Сети\Разные\bitch_056.jpg
✅ CRC OK: P:\Photo\Из Сети\Разные\bitch_056.jpg (332cd819)
OK: P:\Photo\Из Сети\Разные\bitch_057.jpg
✅ CRC OK: P:\Photo\Из Сети\Разные\bitch_057.jpg (5886e07f)
OK: P:\Photo\Из Сети\Разные\bitch_058.jpg
✅ CRC OK: P:\Photo\Из Сети\Разные\bitch_058.jpg (baf7f772)
OK: P:\Photo\Из Сети\Разные\bitch_059.jpg
✅ CRC OK: P:\Photo\Из Сети\Разные\bitch_059.jpg (b9b4a7c3)
OK: P:\Photo\Из Сети\Разные\bitch_060.jpg
✅ CRC OK: P:\Photo\Из Сети\Разные\bitch_060.jpg (468176d5)
OK: P:\Photo\Из Сети\Разные\bitch_062.jpg
✅ CRC OK: P:\Photo\Из Сети\Разные\bitch_062.jpg (ea9b58f2)
OK: P:\Photo\Из Сети\Разные\bitch_063.jpg
✅ CRC OK: P:\Photo\Из Сети\Разные\bitch_063.jpg (bfc0b5b2)
OK: P:\Photo\Из Сети\Разные\bitch_064.jpg
✅ CRC OK: P:\Photo\Из Сети\Разные\bitch_064.jpg (cf9a9219)
OK: P:\Photo\Из Сети\Разные\bitch_065.jpg
✅ CRC OK: P:\Photo\Из Сети\Разные\bitch_065.jpg (68665bad)
OK: P:\Photo\Из Сети\Разные\bitch_066.jpg
✅ CRC OK: P:\Photo\Из Сети\Разные\bitch_066.jpg (3b0239c2)
OK: P:\Photo\Из Сети\Разные\bitch_067.jpg
✅ CRC OK: P:\Photo\Из Сети\Разные\bitch_067.jpg (aaa847ff)
OK: P:\Photo\Из Сети\Разные\bitch_068.jpg
✅ CRC OK: P:\Photo\Из Сети\Разные\bitch_068.jpg (1ddf402d)
OK: P:\Photo\Из Сети\Разные\bitch_069.jpg
✅ CRC OK: P:\Photo\Из Сети\Разные\bitch_069.jpg (949e87c5)
OK: P:\Photo\Из Сети\Разные\bitch_070.jpg
✅ CRC OK: P:\Photo\Из Сети\Разные\bitch_070.jpg (29cd0f23)
OK: P:\Photo\Из Сети\Разные\bitch_071.jpg
✅ CRC OK: P:\Photo\Из Сети\Разные\bitch_071.jpg (7e3e55c2)
OK: P:\Photo\Из Сети\Разные\bitch_072.jpg
✅ CRC OK: P:\Photo\Из Сети\Разные\bitch_072.jpg (c6ae970a)
OK: P:\Photo\Из Сети\Разные\bitch_073.jpg
✅ CRC OK: P:\Photo\Из Сети\Разные\bitch_073.jpg (62d6899e)
OK: P:\Photo\Из Сети\Разные\bitch_074.jpg
✅ CRC OK: P:\Photo\Из Сети\Разные\bitch_074.jpg (52bdb16f)
OK: P:\Photo\Из Сети\Разные\bitch_076.jpg
✅ CRC OK: P:\Photo\Из Сети\Разные\bitch_076.jpg (f96735af)
OK: P:\Photo\Из Сети\Разные\bitch_077.jpg
✅ CRC OK: P:\Photo\Из Сети\Разные\bitch_077.jpg (12b61c99)
OK: P:\Photo\Из Сети\Разные\bitch_078.jpg
✅ CRC OK: P:\Photo\Из Сети\Разные\bitch_078.jpg (8ccc1942)
OK: P:\Photo\Из Сети\Разные\bitch_079.jpg
✅ CRC OK: P:\Photo\Из Сети\Разные\bitch_079.jpg (ec328992)
OK: P:\Photo\Из Сети\Разные\bitch_081.jpg
✅ CRC OK: P:\Photo\Из Сети\Разные\bitch_081.jpg (1a552736)
OK: P:\Photo\Из Сети\Разные\bitch_082.jpg
✅ CRC OK: P:\Photo\Из Сети\Разные\bitch_082.jpg (f4728720)
OK: P:\Photo\Из Сети\Разные\bitch_083.jpg
✅ CRC OK: P:\Photo\Из Сети\Разные\bitch_083.jpg (ecc492a3)
OK: P:\Photo\Из Сети\Разные\bitch_084.jpg
✅ CRC OK: P:\Photo\Из Сети\Разные\bitch_084.jpg (fbef7ddf)
OK: P:\Photo\Из Сети\Разные\bitch_085.jpg
✅ CRC OK: P:\Photo\Из Сети\Разные\bitch_085.jpg (b37672b5)
OK: P:\Photo\Из Сети\Разные\bitch_086.jpg
✅ CRC OK: P:\Photo\Из Сети\Разные\bitch_086.jpg (0b41fbee)
OK: P:\Photo\Из Сети\Разные\bitch_087.jpg
✅ CRC OK: P:\Photo\Из Сети\Разные\bitch_087.jpg (04323d48)
OK: P:\Photo\Из Сети\Разные\bitch_088.jpg
✅ CRC OK: P:\Photo\Из Сети\Разные\bitch_088.jpg (24816fbe)
OK: P:\Photo\Из Сети\Разные\bitch_089.jpg
✅ CRC OK: P:\Photo\Из Сети\Разные\bitch_089.jpg (10670480)
OK: P:\Photo\Из Сети\Разные\bitch_090.jpg
✅ CRC OK: P:\Photo\Из Сети\Разные\bitch_090.jpg (28e1747e)
OK: P:\Photo\Из Сети\Разные\bitch_091.jpg
✅ CRC OK: P:\Photo\Из Сети\Разные\bitch_091.jpg (035ca3e8)
OK: P:\Photo\Из Сети\Разные\bitch_092.jpg
✅ CRC OK: P:\Photo\Из Сети\Разные\bitch_092.jpg (2c7ea545)
OK: P:\Photo\Из Сети\Разные\bitch_093.jpg
✅ CRC OK: P:\Photo\Из Сети\Разные\bitch_093.jpg (17227ee7)
OK: P:\Photo\Из Сети\Разные\bitch_094.jpg
✅ CRC OK: P:\Photo\Из Сети\Разные\bitch_094.jpg (e0e8c333)
OK: P:\Photo\Из Сети\Разные\bitch_095.jpg
✅ CRC OK: P:\Photo\Из Сети\Разные\bitch_095.jpg (12919276)
OK: P:\Photo\Из Сети\Разные\bitch_096.jpg
✅ CRC OK: P:\Photo\Из Сети\Разные\bitch_096.jpg (1ff9263c)
OK: P:\Photo\Из Сети\Разные\bitch_097.jpg
✅ CRC OK: P:\Photo\Из Сети\Разные\bitch_097.jpg (48f968c7)
OK: P:\Photo\Из Сети\Разные\bitch_098.jpg
✅ CRC OK: P:\Photo\Из Сети\Разные\bitch_098.jpg (80daadd8)
OK: P:\Photo\Из Сети\Разные\bitch_099.jpg
✅ CRC OK: P:\Photo\Из Сети\Разные\bitch_099.jpg (683fc8b6)
OK: P:\Photo\Из Сети\Разные\bitch_100.jpg
✅ CRC OK: P:\Photo\Из Сети\Разные\bitch_100.jpg (d8d7ba52)
OK: P:\Photo\Из Сети\Разные\bitch_101.jpg
✅ CRC OK: P:\Photo\Из Сети\Разные\bitch_101.jpg (f031f0e7)
OK: P:\Photo\Из Сети\Разные\bitch_102.jpg
✅ CRC OK: P:\Photo\Из Сети\Разные\bitch_102.jpg (a8da58cb)
OK: P:\Photo\Из Сети\Разные\bitch_103.jpg
✅ CRC OK: P:\Photo\Из Сети\Разные\bitch_103.jpg (1a655e2c)
OK: P:\Photo\Из Сети\Разные\bitch_104.jpg
✅ CRC OK: P:\Photo\Из Сети\Разные\bitch_104.jpg (3a0ee36a)
OK: P:\Photo\Из Сети\Разные\bitch_105.jpg
✅ CRC OK: P:\Photo\Из Сети\Разные\bitch_105.jpg (ce634d4d)
OK: P:\Photo\Из Сети\Разные\bitch_106.jpg
✅ CRC OK: P:\Photo\Из Сети\Разные\bitch_106.jpg (ae183b77)
OK: P:\Photo\Из Сети\Разные\bitch_107.jpg
✅ CRC OK: P:\Photo\Из Сети\Разные\bitch_107.jpg (6d0c4e88)
OK: P:\Photo\Из Сети\Разные\bitch_108.jpg
✅ CRC OK: P:\Photo\Из Сети\Разные\bitch_108.jpg (4467995a)
OK: P:\Photo\Из Сети\Разные\bitch_109.jpg
✅ CRC OK: P:\Photo\Из Сети\Разные\bitch_109.jpg (1ed20481)
OK: P:\Photo\Из Сети\Разные\bitch_110.jpg
✅ CRC OK: P:\Photo\Из Сети\Разные\bitch_110.jpg (a544255e)
OK: P:\Photo\Из Сети\Разные\bitch_111.jpg
✅ CRC OK: P:\Photo\Из Сети\Разные\bitch_111.jpg (8e83fc84)
OK: P:\Photo\Из Сети\Разные\bitch_112.jpg
✅ CRC OK: P:\Photo\Из Сети\Разные\bitch_112.jpg (6c8b7c02)
OK: P:\Photo\Из Сети\Разные\bitch_113.jpg
✅ CRC OK: P:\Photo\Из Сети\Разные\bitch_113.jpg (3fa9a3ad)
OK: P:\Photo\Из Сети\Разные\bitch_114.jpg
✅ CRC OK: P:\Photo\Из Сети\Разные\bitch_114.jpg (d81e655d)
OK: P:\Photo\Из Сети\Разные\bitch_115.jpg
✅ CRC OK: P:\Photo\Из Сети\Разные\bitch_115.jpg (0630858b)
OK: P:\Photo\Из Сети\Разные\bitch_116.jpg
✅ CRC OK: P:\Photo\Из Сети\Разные\bitch_116.jpg (baed6f4b)
OK: P:\Photo\Из Сети\Разные\bitch_117.jpg
✅ CRC OK: P:\Photo\Из Сети\Разные\bitch_117.jpg (4fd5b9a7)
OK: P:\Photo\Из Сети\Разные\bitch_118.jpg
✅ CRC OK: P:\Photo\Из Сети\Разные\bitch_118.jpg (2110b694)
OK: P:\Photo\Из Сети\Разные\bitch_119.jpg
✅ CRC OK: P:\Photo\Из Сети\Разные\bitch_119.jpg (62527bd7)
OK: P:\Photo\Из Сети\Разные\bitch_120.jpg
✅ CRC OK: P:\Photo\Из Сети\Разные\bitch_120.jpg (c2c189b6)
OK: P:\Photo\Из Сети\Разные\bitch_121.jpg
✅ CRC OK: P:\Photo\Из Сети\Разные\bitch_121.jpg (23a780ad)
OK: P:\Photo\Из Сети\Разные\bitch_122.jpg
✅ CRC OK: P:\Photo\Из Сети\Разные\bitch_122.jpg (3bce4f07)
OK: P:\Photo\Из Сети\Разные\bitch_123.jpg
✅ CRC OK: P:\Photo\Из Сети\Разные\bitch_123.jpg (f4f630f2)
OK: P:\Photo\Из Сети\Разные\bitch_124.jpg
✅ CRC OK: P:\Photo\Из Сети\Разные\bitch_124.jpg (e742ca51)
OK: P:\Photo\Из Сети\Разные\bitch_125.jpg
✅ CRC OK: P:\Photo\Из Сети\Разные\bitch_125.jpg (bd4a6956)
OK: P:\Photo\Из Сети\Разные\bitch_135.jpg
✅ CRC OK: P:\Photo\Из Сети\Разные\bitch_135.jpg (ed808197)
OK: P:\Photo\Из Сети\Разные\bitch_139.jpg
✅ CRC OK: P:\Photo\Из Сети\Разные\bitch_139.jpg (bcacd865)
OK: P:\Photo\Из Сети\Разные\bitch_140.jpg
✅ CRC OK: P:\Photo\Из Сети\Разные\bitch_140.jpg (79dd966b)
OK: P:\Photo\Из Сети\Разные\bitch_149.jpg
✅ CRC OK: P:\Photo\Из Сети\Разные\bitch_149.jpg (9020b819)
OK: P:\Photo\Из Сети\Разные\bitch_150.jpg
✅ CRC OK: P:\Photo\Из Сети\Разные\bitch_150.jpg (8d71913d)
OK: P:\Photo\Из Сети\Разные\bitch_151.jpg
✅ CRC OK: P:\Photo\Из Сети\Разные\bitch_151.jpg (69869fe3)
OK: P:\Photo\Из Сети\Разные\bitch_152.jpg
✅ CRC OK: P:\Photo\Из Сети\Разные\bitch_152.jpg (a5f2155a)
OK: P:\Photo\Из Сети\Разные\bitch_153.jpg
✅ CRC OK: P:\Photo\Из Сети\Разные\bitch_153.jpg (cc32e901)
OK: P:\Photo\Из Сети\Разные\bitch_154.jpg
✅ CRC OK: P:\Photo\Из Сети\Разные\bitch_154.jpg (15fe4207)
OK: P:\Photo\Из Сети\Разные\bitch_155.jpg
✅ CRC OK: P:\Photo\Из Сети\Разные\bitch_155.jpg (95d9a8c2)
OK: P:\Photo\Из Сети\Разные\bitch_156.jpg
✅ CRC OK: P:\Photo\Из Сети\Разные\bitch_156.jpg (3c41d0c2)
OK: P:\Photo\Из Сети\Разные\bitch_157.jpg
✅ CRC OK: P:\Photo\Из Сети\Разные\bitch_157.jpg (75ba9cce)
OK: P:\Photo\Из Сети\Разные\bitch_158.jpg
✅ CRC OK: P:\Photo\Из Сети\Разные\bitch_158.jpg (7f47b77e)
OK: P:\Photo\Из Сети\Разные\bitch_159.jpg
✅ CRC OK: P:\Photo\Из Сети\Разные\bitch_159.jpg (b48ec342)
OK: P:\Photo\Из Сети\Разные\bitch_160.jpg
✅ CRC OK: P:\Photo\Из Сети\Разные\bitch_160.jpg (fb9163a5)
OK: P:\Photo\Из Сети\Разные\bitch_161.jpg
✅ CRC OK: P:\Photo\Из Сети\Разные\bitch_161.jpg (2d301999)
OK: P:\Photo\Из Сети\Разные\bitch_162.jpg
✅ CRC OK: P:\Photo\Из Сети\Разные\bitch_162.jpg (c16e7e86)
OK: P:\Photo\Из Сети\Разные\bitch_163.jpg
✅ CRC OK: P:\Photo\Из Сети\Разные\bitch_163.jpg (b3045c7c)
OK: P:\Photo\Из Сети\Разные\bitch_164.jpg
✅ CRC OK: P:\Photo\Из Сети\Разные\bitch_164.jpg (1d2c4e4d)
OK: P:\Photo\Из Сети\Разные\bitch_165.jpg
✅ CRC OK: P:\Photo\Из Сети\Разные\bitch_165.jpg (e23375c5)
OK: P:\Photo\Из Сети\Разные\bitch_166.jpg
✅ CRC OK: P:\Photo\Из Сети\Разные\bitch_166.jpg (c0b843fa)
OK: P:\Photo\Из Сети\Разные\bitch_167.jpg
✅ CRC OK: P:\Photo\Из Сети\Разные\bitch_167.jpg (80bff997)
OK: P:\Photo\Из Сети\Разные\bitch_168.jpg
✅ CRC OK: P:\Photo\Из Сети\Разные\bitch_168.jpg (fe6f1148)
OK: P:\Photo\Из Сети\Разные\bitch_169.jpg
✅ CRC OK: P:\Photo\Из Сети\Разные\bitch_169.jpg (76acd88a)
OK: P:\Photo\Из Сети\Разные\bitch_170.jpg
✅ CRC OK: P:\Photo\Из Сети\Разные\bitch_170.jpg (3bbeb158)
OK: P:\Photo\Из Сети\Разные\bitch_171.jpg
✅ CRC OK: P:\Photo\Из Сети\Разные\bitch_171.jpg (ad3525a3)
OK: P:\Photo\Из Сети\Разные\bitch_172.jpg
✅ CRC OK: P:\Photo\Из Сети\Разные\bitch_172.jpg (6d8f7fcf)
OK: P:\Photo\Из Сети\Разные\bitch_173.jpg
✅ CRC OK: P:\Photo\Из Сети\Разные\bitch_173.jpg (9cc75423)
OK: P:\Photo\Из Сети\Разные\bitch_174.jpg
✅ CRC OK: P:\Photo\Из Сети\Разные\bitch_174.jpg (c4d53b7c)
OK: P:\Photo\Из Сети\Разные\bitch_175.jpg
✅ CRC OK: P:\Photo\Из Сети\Разные\bitch_175.jpg (42751a3e)
OK: P:\Photo\Из Сети\Разные\bitch_176.jpg
✅ CRC OK: P:\Photo\Из Сети\Разные\bitch_176.jpg (5fae56e1)
OK: P:\Photo\Из Сети\Разные\bitch_177.jpg
✅ CRC OK: P:\Photo\Из Сети\Разные\bitch_177.jpg (3f33d3e7)
OK: P:\Photo\Из Сети\Разные\bitch_178.jpg
✅ CRC OK: P:\Photo\Из Сети\Разные\bitch_178.jpg (3f97ab2b)
OK: P:\Photo\Из Сети\Разные\bitch_179.jpg
✅ CRC OK: P:\Photo\Из Сети\Разные\bitch_179.jpg (8822e666)
OK: P:\Photo\Из Сети\Разные\bitch_180.jpg
✅ CRC OK: P:\Photo\Из Сети\Разные\bitch_180.jpg (a5843fa4)
OK: P:\Photo\Из Сети\Разные\bitch_181.jpg
✅ CRC OK: P:\Photo\Из Сети\Разные\bitch_181.jpg (9741ebae)
OK: P:\Photo\Из Сети\Разные\bitch_182.jpg
✅ CRC OK: P:\Photo\Из Сети\Разные\bitch_182.jpg (3e99eb53)
OK: P:\Photo\Из Сети\Разные\bitch_183.jpg
✅ CRC OK: P:\Photo\Из Сети\Разные\bitch_183.jpg (e51e51f0)
OK: P:\Photo\Из Сети\Разные\bitch_184.jpg
✅ CRC OK: P:\Photo\Из Сети\Разные\bitch_184.jpg (a1680850)
OK: P:\Photo\Из Сети\Разные\bitch_185.jpg
✅ CRC OK: P:\Photo\Из Сети\Разные\bitch_185.jpg (d185c5ca)
OK: P:\Photo\Из Сети\Разные\bitch_186.jpg
✅ CRC OK: P:\Photo\Из Сети\Разные\bitch_186.jpg (d62efaa1)
OK: P:\Photo\Из Сети\Разные\bitch_187.jpg
✅ CRC OK: P:\Photo\Из Сети\Разные\bitch_187.jpg (8d595099)
OK: P:\Photo\Из Сети\Разные\bitch_188.jpg
✅ CRC OK: P:\Photo\Из Сети\Разные\bitch_188.jpg (367fb3e2)
OK: P:\Photo\Из Сети\Разные\bitch_189.jpg
✅ CRC OK: P:\Photo\Из Сети\Разные\bitch_189.jpg (95ab8884)
OK: P:\Photo\Из Сети\Разные\bitch_190.jpg
✅ CRC OK: P:\Photo\Из Сети\Разные\bitch_190.jpg (ac49872e)
OK: P:\Photo\Из Сети\Разные\bitch_191.jpg
✅ CRC OK: P:\Photo\Из Сети\Разные\bitch_191.jpg (ae3cec43)
OK: P:\Photo\Из Сети\Разные\bitch_192.jpg
✅ CRC OK: P:\Photo\Из Сети\Разные\bitch_192.jpg (57801fa7)
OK: P:\Photo\Из Сети\Разные\bitch_193.jpg
✅ CRC OK: P:\Photo\Из Сети\Разные\bitch_193.jpg (30834586)
OK: P:\Photo\Из Сети\Разные\bitch_194.jpg
✅ CRC OK: P:\Photo\Из Сети\Разные\bitch_194.jpg (0b363f41)
OK: P:\Photo\Из Сети\Разные\bitch_195.jpg
✅ CRC OK: P:\Photo\Из Сети\Разные\bitch_195.jpg (eea5c120)
OK: P:\Photo\Из Сети\Разные\bitch_196.jpg
✅ CRC OK: P:\Photo\Из Сети\Разные\bitch_196.jpg (af817cde)
OK: P:\Photo\Из Сети\Разные\bitch_197.jpg
✅ CRC OK: P:\Photo\Из Сети\Разные\bitch_197.jpg (283ed9ff)
OK: P:\Photo\Из Сети\Разные\bitch_198.jpg
✅ CRC OK: P:\Photo\Из Сети\Разные\bitch_198.jpg (d2613eb7)
OK: P:\Photo\Из Сети\Разные\bitch_199.jpg
✅ CRC OK: P:\Photo\Из Сети\Разные\bitch_199.jpg (5dea47f7)
OK: P:\Photo\Из Сети\Разные\bitch_200.jpg
✅ CRC OK: P:\Photo\Из Сети\Разные\bitch_200.jpg (7f82d3c3)
OK: P:\Photo\Из Сети\Разные\bitch_201.jpg
✅ CRC OK: P:\Photo\Из Сети\Разные\bitch_201.jpg (adf6baf8)
OK: P:\Photo\Из Сети\Разные\bitch_202.jpg
✅ CRC OK: P:\Photo\Из Сети\Разные\bitch_202.jpg (74a27472)
OK: P:\Photo\Из Сети\Разные\bitch_203.jpg
✅ CRC OK: P:\Photo\Из Сети\Разные\bitch_203.jpg (53beace0)
OK: P:\Photo\Из Сети\Разные\bitch_204.jpg
✅ CRC OK: P:\Photo\Из Сети\Разные\bitch_204.jpg (d389d800)
OK: P:\Photo\Из Сети\Разные\bitch_205.jpg
✅ CRC OK: P:\Photo\Из Сети\Разные\bitch_205.jpg (744236e3)
OK: P:\Photo\Из Сети\Разные\bitch_206.jpg
✅ CRC OK: P:\Photo\Из Сети\Разные\bitch_206.jpg (81216cfd)
OK: P:\Photo\Из Сети\Разные\bitch_207.jpg
✅ CRC OK: P:\Photo\Из Сети\Разные\bitch_207.jpg (44fddfa5)
OK: P:\Photo\Из Сети\Разные\bitch_208.jpg
✅ CRC OK: P:\Photo\Из Сети\Разные\bitch_208.jpg (236352c0)
OK: P:\Photo\Из Сети\Разные\bitch_209.jpg
✅ CRC OK: P:\Photo\Из Сети\Разные\bitch_209.jpg (588b6548)
OK: P:\Photo\Из Сети\Разные\bitch_210.jpg
✅ CRC OK: P:\Photo\Из Сети\Разные\bitch_210.jpg (fa1bdbaf)
OK: P:\Photo\Из Сети\Разные\bitch_211.jpg
✅ CRC OK: P:\Photo\Из Сети\Разные\bitch_211.jpg (97c7d9fe)
OK: P:\Photo\Из Сети\Разные\bitch_212.jpg
✅ CRC OK: P:\Photo\Из Сети\Разные\bitch_212.jpg (684d3fe1)
OK: P:\Photo\Из Сети\Разные\bitch_213.jpg
✅ CRC OK: P:\Photo\Из Сети\Разные\bitch_213.jpg (6f5add76)
OK: P:\Photo\Из Сети\Разные\bitch_214.jpg
✅ CRC OK: P:\Photo\Из Сети\Разные\bitch_214.jpg (a81518c6)
OK: P:\Photo\Из Сети\Разные\bitch_215.jpg
✅ CRC OK: P:\Photo\Из Сети\Разные\bitch_215.jpg (c31c97cf)
OK: P:\Photo\Из Сети\Разные\bitch_216.jpg
✅ CRC OK: P:\Photo\Из Сети\Разные\bitch_216.jpg (81c6e849)
OK: P:\Photo\Из Сети\Разные\bitch_217.jpg
✅ CRC OK: P:\Photo\Из Сети\Разные\bitch_217.jpg (c2407de6)
OK: P:\Photo\Из Сети\Разные\bitch_218.jpg
✅ CRC OK: P:\Photo\Из Сети\Разные\bitch_218.jpg (0d10ebdb)
OK: P:\Photo\Из Сети\Разные\bitch_219.jpg
✅ CRC OK: P:\Photo\Из Сети\Разные\bitch_219.jpg (594be6c9)
OK: P:\Photo\Из Сети\Разные\bitch_220.jpg
✅ CRC OK: P:\Photo\Из Сети\Разные\bitch_220.jpg (7b32a722)
OK: P:\Photo\Из Сети\Разные\bitch_221.jpg
✅ CRC OK: P:\Photo\Из Сети\Разные\bitch_221.jpg (da24c9db)
OK: P:\Photo\Из Сети\Разные\bitch_222.jpg
✅ CRC OK: P:\Photo\Из Сети\Разные\bitch_222.jpg (225774f3)
OK: P:\Photo\Из Сети\Разные\bitch_223.jpg
✅ CRC OK: P:\Photo\Из Сети\Разные\bitch_223.jpg (d0cd6bbb)
OK: P:\Photo\Из Сети\Разные\bitch_224.jpg
✅ CRC OK: P:\Photo\Из Сети\Разные\bitch_224.jpg (5a2dbfb3)
OK: P:\Photo\Из Сети\Разные\bitch_225.jpg
✅ CRC OK: P:\Photo\Из Сети\Разные\bitch_225.jpg (1c9c80ce)
OK: P:\Photo\Из Сети\Разные\bitch_226.jpg
✅ CRC OK: P:\Photo\Из Сети\Разные\bitch_226.jpg (03117fdb)
OK: P:\Photo\Из Сети\Разные\bitch_227.jpg
✅ CRC OK: P:\Photo\Из Сети\Разные\bitch_227.jpg (a9c3bc91)
OK: P:\Photo\Из Сети\Разные\bitch_228.jpg
✅ CRC OK: P:\Photo\Из Сети\Разные\bitch_228.jpg (6b65d2ea)
OK: P:\Photo\Из Сети\Разные\bitch_229.jpg
✅ CRC OK: P:\Photo\Из Сети\Разные\bitch_229.jpg (0206428a)
OK: P:\Photo\Из Сети\Разные\bitch_230.jpg
✅ CRC OK: P:\Photo\Из Сети\Разные\bitch_230.jpg (41e5e817)
OK: P:\Photo\Из Сети\Разные\bitch_231.jpg
✅ CRC OK: P:\Photo\Из Сети\Разные\bitch_231.jpg (63cfb1c2)
OK: P:\Photo\Из Сети\Разные\bitch_232.jpg
✅ CRC OK: P:\Photo\Из Сети\Разные\bitch_232.jpg (6472bb83)
OK: P:\Photo\Из Сети\Разные\bitch_233.jpg
✅ CRC OK: P:\Photo\Из Сети\Разные\bitch_233.jpg (6b62b9d4)
OK: P:\Photo\Из Сети\Разные\bitch_234.jpg
✅ CRC OK: P:\Photo\Из Сети\Разные\bitch_234.jpg (0e10b407)
OK: P:\Photo\Из Сети\Разные\bitch_235.jpg
✅ CRC OK: P:\Photo\Из Сети\Разные\bitch_235.jpg (8b24df78)
OK: P:\Photo\Из Сети\Разные\bitch_236.jpg
✅ CRC OK: P:\Photo\Из Сети\Разные\bitch_236.jpg (635f8bf5)
OK: P:\Photo\Из Сети\Разные\bitch_237.jpg
✅ CRC OK: P:\Photo\Из Сети\Разные\bitch_237.jpg (4cc98ec3)
OK: P:\Photo\Из Сети\Разные\bitch_238.jpg
✅ CRC OK: P:\Photo\Из Сети\Разные\bitch_238.jpg (701142d0)
OK: P:\Photo\Из Сети\Разные\bitch_239.jpg
✅ CRC OK: P:\Photo\Из Сети\Разные\bitch_239.jpg (cf7759c0)
OK: P:\Photo\Из Сети\Разные\bitch_240.jpg
✅ CRC OK: P:\Photo\Из Сети\Разные\bitch_240.jpg (29579b2c)
OK: P:\Photo\Из Сети\Разные\bitch_241.jpg
✅ CRC OK: P:\Photo\Из Сети\Разные\bitch_241.jpg (80593bd5)
OK: P:\Photo\Из Сети\Разные\bitch_242.jpg
✅ CRC OK: P:\Photo\Из Сети\Разные\bitch_242.jpg (127d4024)
OK: P:\Photo\Из Сети\Разные\bitch_243.jpg
✅ CRC OK: P:\Photo\Из Сети\Разные\bitch_243.jpg (543d3579)
OK: P:\Photo\Из Сети\Разные\bitch_244.jpg
✅ CRC OK: P:\Photo\Из Сети\Разные\bitch_244.jpg (d5b966ef)
OK: P:\Photo\Из Сети\Разные\bitch_245.jpg
✅ CRC OK: P:\Photo\Из Сети\Разные\bitch_245.jpg (2509eb61)
OK: P:\Photo\Из Сети\Разные\bitch_246.jpg
✅ CRC OK: P:\Photo\Из Сети\Разные\bitch_246.jpg (1b066252)
OK: P:\Photo\Из Сети\Разные\bitch_247.jpg
✅ CRC OK: P:\Photo\Из Сети\Разные\bitch_247.jpg (523c8ffa)
OK: P:\Photo\Из Сети\Разные\bitch_248.jpg
✅ CRC OK: P:\Photo\Из Сети\Разные\bitch_248.jpg (b5b1a470)
OK: P:\Photo\Из Сети\Разные\bitch_249.jpg
✅ CRC OK: P:\Photo\Из Сети\Разные\bitch_249.jpg (c6f3b552)
OK: P:\Photo\Из Сети\Разные\bitch_250.jpg
✅ CRC OK: P:\Photo\Из Сети\Разные\bitch_250.jpg (fc9cdc24)
OK: P:\Photo\Из Сети\Разные\bitch_251.jpg
✅ CRC OK: P:\Photo\Из Сети\Разные\bitch_251.jpg (66f6f9fa)
OK: P:\Photo\Из Сети\Разные\bitch_252.jpg
✅ CRC OK: P:\Photo\Из Сети\Разные\bitch_252.jpg (a49c5d70)
OK: P:\Photo\Из Сети\Разные\bitch_253.jpg
✅ CRC OK: P:\Photo\Из Сети\Разные\bitch_253.jpg (3e63d400)
OK: P:\Photo\Из Сети\Разные\bitch_254.jpg
✅ CRC OK: P:\Photo\Из Сети\Разные\bitch_254.jpg (58a5b9bc)
OK: P:\Photo\Из Сети\Разные\bitch_255.jpg
✅ CRC OK: P:\Photo\Из Сети\Разные\bitch_255.jpg (bc734b21)
OK: P:\Photo\Из Сети\Разные\bitch_256.jpg
✅ CRC OK: P:\Photo\Из Сети\Разные\bitch_256.jpg (5c03fad1)
OK: P:\Photo\Из Сети\Разные\bitch_257.jpg
✅ CRC OK: P:\Photo\Из Сети\Разные\bitch_257.jpg (df55a837)
OK: P:\Photo\Из Сети\Разные\bitch_258.jpg
✅ CRC OK: P:\Photo\Из Сети\Разные\bitch_258.jpg (d43ba90b)
OK: P:\Photo\Из Сети\Разные\bitch_259.jpg
✅ CRC OK: P:\Photo\Из Сети\Разные\bitch_259.jpg (369a261c)
OK: P:\Photo\Из Сети\Разные\bitch_260.jpg
✅ CRC OK: P:\Photo\Из Сети\Разные\bitch_260.jpg (75b91ded)
OK: P:\Photo\Из Сети\Разные\bitch_261.jpg
✅ CRC OK: P:\Photo\Из Сети\Разные\bitch_261.jpg (b775f90b)
OK: P:\Photo\Из Сети\Разные\bitch_262.jpg
✅ CRC OK: P:\Photo\Из Сети\Разные\bitch_262.jpg (1ef368ef)
OK: P:\Photo\Из Сети\Разные\bitch_263.jpg
✅ CRC OK: P:\Photo\Из Сети\Разные\bitch_263.jpg (652a925e)
OK: P:\Photo\Из Сети\Разные\bitch_264.jpg
✅ CRC OK: P:\Photo\Из Сети\Разные\bitch_264.jpg (fd9e3a87)
OK: P:\Photo\Из Сети\Разные\bitch_265.jpg
✅ CRC OK: P:\Photo\Из Сети\Разные\bitch_265.jpg (7ef928e6)
OK: P:\Photo\Из Сети\Разные\bitch_266.jpg
✅ CRC OK: P:\Photo\Из Сети\Разные\bitch_266.jpg (b4c160a8)
OK: P:\Photo\Из Сети\Разные\bv0023.jpg
✅ CRC OK: P:\Photo\Из Сети\Разные\bv0023.jpg (7cbfc74b)
OK: P:\Photo\Из Сети\Разные\c5a3e58e416cb954f52389638363ec0c.jpg
✅ CRC OK: P:\Photo\Из Сети\Разные\c5a3e58e416cb954f52389638363ec0c.jpg (0f61872e)
OK: P:\Photo\Из Сети\Разные\c606f5073e89f71c5e875f30e7b28c1b.jpg
✅ CRC OK: P:\Photo\Из Сети\Разные\c606f5073e89f71c5e875f30e7b28c1b.jpg (0f1aef26)
OK: P:\Photo\Из Сети\Разные\c8b13155d6f906d044d6a8bc2fb3e5c7.jpg
✅ CRC OK: P:\Photo\Из Сети\Разные\c8b13155d6f906d044d6a8bc2fb3e5c7.jpg (5580430e)
OK: P:\Photo\Из Сети\Разные\cAWEHbKA.jpg
✅ CRC OK: P:\Photo\Из Сети\Разные\cAWEHbKA.jpg (5fa67529)
OK: P:\Photo\Из Сети\Разные\cAWEHbKa&BILLY.jpg
✅ CRC OK: P:\Photo\Из Сети\Разные\cAWEHbKa&BILLY.jpg (29aea626)
OK: P:\Photo\Из Сети\Разные\cAWEHbKa1.jpg
✅ CRC OK: P:\Photo\Из Сети\Разные\cAWEHbKa1.jpg (4bcb9b50)
OK: P:\Photo\Из Сети\Разные\ccea5251a3efdf598ef70b82f2449c0b.jpg
✅ CRC OK: P:\Photo\Из Сети\Разные\ccea5251a3efdf598ef70b82f2449c0b.jpg (6c97a6e9)
OK: P:\Photo\Из Сети\Разные\cd63ebd72eecc369caf3f1245d834cc4.jpg
✅ CRC OK: P:\Photo\Из Сети\Разные\cd63ebd72eecc369caf3f1245d834cc4.jpg (5a42da9f)
OK: P:\Photo\Из Сети\Разные\d54a42510a055eb3bb57864831af5258.jpg
✅ CRC OK: P:\Photo\Из Сети\Разные\d54a42510a055eb3bb57864831af5258.jpg (123b9684)
OK: P:\Photo\Из Сети\Разные\d73ca5e1b5f93bcac305f28db4421735.jpg
✅ CRC OK: P:\Photo\Из Сети\Разные\d73ca5e1b5f93bcac305f28db4421735.jpg (b336178f)
OK: P:\Photo\Из Сети\Разные\dTEdit.jpg
✅ CRC OK: P:\Photo\Из Сети\Разные\dTEdit.jpg (9fab3d63)
OK: P:\Photo\Из Сети\Разные\dhФото000.jpg
✅ CRC OK: P:\Photo\Из Сети\Разные\dhФото000.jpg (359ff19c)
OK: P:\Photo\Из Сети\Разные\e44732add36501c10c03a7f1ee95ceba.jpg
✅ CRC OK: P:\Photo\Из Сети\Разные\e44732add36501c10c03a7f1ee95ceba.jpg (60a5aa60)
OK: P:\Photo\Из Сети\Разные\e78ae57032af423d3c939d44c377e7fb.jpg
✅ CRC OK: P:\Photo\Из Сети\Разные\e78ae57032af423d3c939d44c377e7fb.jpg (2833d590)
OK: P:\Photo\Из Сети\Разные\e9a26815ca26bf4454da236ea335984e.jpg
✅ CRC OK: P:\Photo\Из Сети\Разные\e9a26815ca26bf4454da236ea335984e.jpg (04815e76)
OK: P:\Photo\Из Сети\Разные\ef48dceaec61cb9b0751f7dce276d001.jpg
✅ CRC OK: P:\Photo\Из Сети\Разные\ef48dceaec61cb9b0751f7dce276d001.jpg (9261f68b)
OK: P:\Photo\Из Сети\Разные\etyetyjt.jpg
✅ CRC OK: P:\Photo\Из Сети\Разные\etyetyjt.jpg (e7ee4e83)
OK: P:\Photo\Из Сети\Разные\f00af9c5bcea0d912612af1f362f495d.jpg
✅ CRC OK: P:\Photo\Из Сети\Разные\f00af9c5bcea0d912612af1f362f495d.jpg (cb445770)
OK: P:\Photo\Из Сети\Разные\f922a38414300624ffe50de0be31d3dd.jpg
✅ CRC OK: P:\Photo\Из Сети\Разные\f922a38414300624ffe50de0be31d3dd.jpg (84376950)
OK: P:\Photo\Из Сети\Разные\f_8636230.jpg
✅ CRC OK: P:\Photo\Из Сети\Разные\f_8636230.jpg (dcb55d06)
OK: P:\Photo\Из Сети\Разные\fa751abdcb68789979b96f595b471221.jpg
✅ CRC OK: P:\Photo\Из Сети\Разные\fa751abdcb68789979b96f595b471221.jpg (7baf070a)
OK: P:\Photo\Из Сети\Разные\fcaf72b4cba145bbc7302256b154e7e5.jpg
✅ CRC OK: P:\Photo\Из Сети\Разные\fcaf72b4cba145bbc7302256b154e7e5.jpg (4bd6cf8c)
OK: P:\Photo\Из Сети\Разные\fd10eef9d16240aba967a7ba001ae085.jpg
✅ CRC OK: P:\Photo\Из Сети\Разные\fd10eef9d16240aba967a7ba001ae085.jpg (fbc0ad88)
OK: P:\Photo\Из Сети\Разные\fdffgfg.jpg
✅ CRC OK: P:\Photo\Из Сети\Разные\fdffgfg.jpg (25036c38)
OK: P:\Photo\Из Сети\Разные\foto1.jpg
✅ CRC OK: P:\Photo\Из Сети\Разные\foto1.jpg (ea685d5f)
OK: P:\Photo\Из Сети\Разные\foto12.jpg
✅ CRC OK: P:\Photo\Из Сети\Разные\foto12.jpg (bc9015c5)
OK: P:\Photo\Из Сети\Разные\foto16.jpg
✅ CRC OK: P:\Photo\Из Сети\Разные\foto16.jpg (e1dcdd10)
OK: P:\Photo\Из Сети\Разные\foto27.jpg
✅ CRC OK: P:\Photo\Из Сети\Разные\foto27.jpg (34d351f4)
OK: P:\Photo\Из Сети\Разные\gEvyX_lxuzY.jpg
✅ CRC OK: P:\Photo\Из Сети\Разные\gEvyX_lxuzY.jpg (8055581d)
OK: P:\Photo\Из Сети\Разные\geB4eHKu.jpg
✅ CRC OK: P:\Photo\Из Сети\Разные\geB4eHKu.jpg (08ed1998)
OK: P:\Photo\Из Сети\Разные\gotl05.jpg
✅ CRC OK: P:\Photo\Из Сети\Разные\gotl05.jpg (274e6bed)
OK: P:\Photo\Из Сети\Разные\jj13.jpg
✅ CRC OK: P:\Photo\Из Сети\Разные\jj13.jpg (df171218)
OK: P:\Photo\Из Сети\Разные\kAtR1Nka).JPG
✅ CRC OK: P:\Photo\Из Сети\Разные\kAtR1Nka).JPG (5a46b655)
OK: P:\Photo\Из Сети\Разные\kiizMO64_TA.jpg
✅ CRC OK: P:\Photo\Из Сети\Разные\kiizMO64_TA.jpg (d74b27b1)
OK: P:\Photo\Из Сети\Разные\liz & raven.17.jpg
✅ CRC OK: P:\Photo\Из Сети\Разные\liz & raven.17.jpg (acb15877)
OK: P:\Photo\Из Сети\Разные\lp119905(1)1.jpg
✅ CRC OK: P:\Photo\Из Сети\Разные\lp119905(1)1.jpg (c4421f72)
OK: P:\Photo\Из Сети\Разные\maxi1229969578_261830724_huge.jpg
✅ CRC OK: P:\Photo\Из Сети\Разные\maxi1229969578_261830724_huge.jpg (c46739a7)
OK: P:\Photo\Из Сети\Разные\n-12751-123439.jpg
✅ CRC OK: P:\Photo\Из Сети\Разные\n-12751-123439.jpg (290111d1)
OK: P:\Photo\Из Сети\Разные\o1IWXOV5_1.jpg
✅ CRC OK: P:\Photo\Из Сети\Разные\o1IWXOV5_1.jpg (58200c3e)
OK: P:\Photo\Из Сети\Разные\oboi-erotika-001.jpg
✅ CRC OK: P:\Photo\Из Сети\Разные\oboi-erotika-001.jpg (d4ccb56c)
OK: P:\Photo\Из Сети\Разные\oboi-erotika-013.jpg
✅ CRC OK: P:\Photo\Из Сети\Разные\oboi-erotika-013.jpg (ba0038d7)
OK: P:\Photo\Из Сети\Разные\oboi-erotika-015.jpg
✅ CRC OK: P:\Photo\Из Сети\Разные\oboi-erotika-015.jpg (c784b18f)
OK: P:\Photo\Из Сети\Разные\oboi-erotika-016.jpg
✅ CRC OK: P:\Photo\Из Сети\Разные\oboi-erotika-016.jpg (1c0efe8d)
OK: P:\Photo\Из Сети\Разные\oboi-erotika-021.jpg
✅ CRC OK: P:\Photo\Из Сети\Разные\oboi-erotika-021.jpg (099e505b)
OK: P:\Photo\Из Сети\Разные\oboi-erotika-026.jpg
✅ CRC OK: P:\Photo\Из Сети\Разные\oboi-erotika-026.jpg (59275494)
OK: P:\Photo\Из Сети\Разные\oboi-erotika-027.jpg
✅ CRC OK: P:\Photo\Из Сети\Разные\oboi-erotika-027.jpg (f4e22035)
OK: P:\Photo\Из Сети\Разные\oboi-erotika-037.jpg
✅ CRC OK: P:\Photo\Из Сети\Разные\oboi-erotika-037.jpg (ac89d3a7)
OK: P:\Photo\Из Сети\Разные\oboi-erotika-047.jpg
✅ CRC OK: P:\Photo\Из Сети\Разные\oboi-erotika-047.jpg (bef664fb)
OK: P:\Photo\Из Сети\Разные\oboi-erotika-052.jpg
✅ CRC OK: P:\Photo\Из Сети\Разные\oboi-erotika-052.jpg (424f4d0e)
OK: P:\Photo\Из Сети\Разные\oboi-erotika-056.jpg
✅ CRC OK: P:\Photo\Из Сети\Разные\oboi-erotika-056.jpg (dd9d9a89)
OK: P:\Photo\Из Сети\Разные\oboi-erotika-061.jpg
✅ CRC OK: P:\Photo\Из Сети\Разные\oboi-erotika-061.jpg (d67cd27d)
OK: P:\Photo\Из Сети\Разные\oboi-erotika-064.jpg
✅ CRC OK: P:\Photo\Из Сети\Разные\oboi-erotika-064.jpg (cc6b70d4)
OK: P:\Photo\Из Сети\Разные\oboi-erotika-065.jpg
✅ CRC OK: P:\Photo\Из Сети\Разные\oboi-erotika-065.jpg (e0e38130)
OK: P:\Photo\Из Сети\Разные\photo Sasha-1a.jpg
✅ CRC OK: P:\Photo\Из Сети\Разные\photo Sasha-1a.jpg (b3e6d25b)
OK: P:\Photo\Из Сети\Разные\photo Sasha-1c.jpg
✅ CRC OK: P:\Photo\Из Сети\Разные\photo Sasha-1c.jpg (476058eb)
OK: P:\Photo\Из Сети\Разные\popa.jpg
✅ CRC OK: P:\Photo\Из Сети\Разные\popa.jpg (ee06a73a)
OK: P:\Photo\Из Сети\Разные\popa3.jpg
✅ CRC OK: P:\Photo\Из Сети\Разные\popa3.jpg (44494f9e)
OK: P:\Photo\Из Сети\Разные\portretX.jpg
✅ CRC OK: P:\Photo\Из Сети\Разные\portretX.jpg (cfd78fd4)
OK: P:\Photo\Из Сети\Разные\post-1449-1177665547.jpeg
✅ CRC OK: P:\Photo\Из Сети\Разные\post-1449-1177665547.jpeg (f0632ee7)
OK: P:\Photo\Из Сети\Разные\pppo.jpg
✅ CRC OK: P:\Photo\Из Сети\Разные\pppo.jpg (6567a774)
OK: P:\Photo\Из Сети\Разные\qergqergqerg.jpg
✅ CRC OK: P:\Photo\Из Сети\Разные\qergqergqerg.jpg (8d0ce44d)
OK: P:\Photo\Из Сети\Разные\qr.jpg
✅ CRC OK: P:\Photo\Из Сети\Разные\qr.jpg (139c0eab)
OK: P:\Photo\Из Сети\Разные\qr775444.jpeg
✅ CRC OK: P:\Photo\Из Сети\Разные\qr775444.jpeg (98ae710f)
OK: P:\Photo\Из Сети\Разные\rIMG_0012.jpg
✅ CRC OK: P:\Photo\Из Сети\Разные\rIMG_0012.jpg (34005729)
OK: P:\Photo\Из Сети\Разные\rtgTEdit.jpg
✅ CRC OK: P:\Photo\Из Сети\Разные\rtgTEdit.jpg (f5f34e46)
OK: P:\Photo\Из Сети\Разные\sdfsdf1.jpg
✅ CRC OK: P:\Photo\Из Сети\Разные\sdfsdf1.jpg (aecef3ba)
OK: P:\Photo\Из Сети\Разные\sexoboi03237.jpg
✅ CRC OK: P:\Photo\Из Сети\Разные\sexoboi03237.jpg (50bee172)
OK: P:\Photo\Из Сети\Разные\sexoboi03265.jpg
✅ CRC OK: P:\Photo\Из Сети\Разные\sexoboi03265.jpg (f94c8172)
OK: P:\Photo\Из Сети\Разные\sexoboi03284.jpg
✅ CRC OK: P:\Photo\Из Сети\Разные\sexoboi03284.jpg (91e3374e)
OK: P:\Photo\Из Сети\Разные\sexoboi03287.jpg
✅ CRC OK: P:\Photo\Из Сети\Разные\sexoboi03287.jpg (0c80f380)
OK: P:\Photo\Из Сети\Разные\sexoboi03293.jpg
✅ CRC OK: P:\Photo\Из Сети\Разные\sexoboi03293.jpg (8fc2e554)
OK: P:\Photo\Из Сети\Разные\sexoboi03305.jpg
✅ CRC OK: P:\Photo\Из Сети\Разные\sexoboi03305.jpg (02cace16)
OK: P:\Photo\Из Сети\Разные\sexoboi03306.jpg
✅ CRC OK: P:\Photo\Из Сети\Разные\sexoboi03306.jpg (d2bc9445)
OK: P:\Photo\Из Сети\Разные\sexoboi03308.jpg
✅ CRC OK: P:\Photo\Из Сети\Разные\sexoboi03308.jpg (15d6d473)
OK: P:\Photo\Из Сети\Разные\sexoboi03321.jpg
✅ CRC OK: P:\Photo\Из Сети\Разные\sexoboi03321.jpg (32482cc9)
OK: P:\Photo\Из Сети\Разные\sexoboi03327.jpg
✅ CRC OK: P:\Photo\Из Сети\Разные\sexoboi03327.jpg (3a244ceb)
OK: P:\Photo\Из Сети\Разные\sexoboi03330.jpg
✅ CRC OK: P:\Photo\Из Сети\Разные\sexoboi03330.jpg (6f0d061b)
OK: P:\Photo\Из Сети\Разные\sexoboi03335.jpg
✅ CRC OK: P:\Photo\Из Сети\Разные\sexoboi03335.jpg (bbeac0b0)
OK: P:\Photo\Из Сети\Разные\sexoboi03615.jpg
✅ CRC OK: P:\Photo\Из Сети\Разные\sexoboi03615.jpg (d7fea43e)
OK: P:\Photo\Из Сети\Разные\sexoboi03637.jpg
✅ CRC OK: P:\Photo\Из Сети\Разные\sexoboi03637.jpg (c8a02d1c)
OK: P:\Photo\Из Сети\Разные\sexoboi03654.jpg
✅ CRC OK: P:\Photo\Из Сети\Разные\sexoboi03654.jpg (0336206e)
OK: P:\Photo\Из Сети\Разные\sexoboi05087.jpg
✅ CRC OK: P:\Photo\Из Сети\Разные\sexoboi05087.jpg (9c9c5a12)
OK: P:\Photo\Из Сети\Разные\sexoboi05109.jpg
✅ CRC OK: P:\Photo\Из Сети\Разные\sexoboi05109.jpg (6259f928)
OK: P:\Photo\Из Сети\Разные\sexoboi05118.jpg
✅ CRC OK: P:\Photo\Из Сети\Разные\sexoboi05118.jpg (54f0fe65)
OK: P:\Photo\Из Сети\Разные\sexoboi05136.jpg
✅ CRC OK: P:\Photo\Из Сети\Разные\sexoboi05136.jpg (7085cf88)
OK: P:\Photo\Из Сети\Разные\sexoboi05154.jpg
✅ CRC OK: P:\Photo\Из Сети\Разные\sexoboi05154.jpg (0eb232a0)
OK: P:\Photo\Из Сети\Разные\sexoboi05160.jpg
✅ CRC OK: P:\Photo\Из Сети\Разные\sexoboi05160.jpg (9a2eec71)
OK: P:\Photo\Из Сети\Разные\sexoboi05827.jpg
✅ CRC OK: P:\Photo\Из Сети\Разные\sexoboi05827.jpg (cc5ab9ee)
OK: P:\Photo\Из Сети\Разные\sexoboi05835.jpg
✅ CRC OK: P:\Photo\Из Сети\Разные\sexoboi05835.jpg (0774063e)
OK: P:\Photo\Из Сети\Разные\sexoboi05874.jpg
✅ CRC OK: P:\Photo\Из Сети\Разные\sexoboi05874.jpg (9a591590)
OK: P:\Photo\Из Сети\Разные\sexoboi05878.jpg
✅ CRC OK: P:\Photo\Из Сети\Разные\sexoboi05878.jpg (0743cb3d)
OK: P:\Photo\Из Сети\Разные\sexoboi05881.jpg
✅ CRC OK: P:\Photo\Из Сети\Разные\sexoboi05881.jpg (fb6dac1d)
OK: P:\Photo\Из Сети\Разные\sexoboi05882.jpg
✅ CRC OK: P:\Photo\Из Сети\Разные\sexoboi05882.jpg (46df40d5)
OK: P:\Photo\Из Сети\Разные\sexoboi05883.jpg
✅ CRC OK: P:\Photo\Из Сети\Разные\sexoboi05883.jpg (19d0a084)
OK: P:\Photo\Из Сети\Разные\sexoboi05891.jpg
✅ CRC OK: P:\Photo\Из Сети\Разные\sexoboi05891.jpg (4fef489a)
OK: P:\Photo\Из Сети\Разные\sexoboi05906.jpg
✅ CRC OK: P:\Photo\Из Сети\Разные\sexoboi05906.jpg (3d3b61f0)
OK: P:\Photo\Из Сети\Разные\sexoboi05911.jpg
✅ CRC OK: P:\Photo\Из Сети\Разные\sexoboi05911.jpg (bfb7619b)
OK: P:\Photo\Из Сети\Разные\sexoboi05926.jpg
✅ CRC OK: P:\Photo\Из Сети\Разные\sexoboi05926.jpg (46ec1b65)
OK: P:\Photo\Из Сети\Разные\sexoboi05932.jpg
✅ CRC OK: P:\Photo\Из Сети\Разные\sexoboi05932.jpg (1442a658)
OK: P:\Photo\Из Сети\Разные\sexoboi05939.jpg
✅ CRC OK: P:\Photo\Из Сети\Разные\sexoboi05939.jpg (a9caba09)
OK: P:\Photo\Из Сети\Разные\sexoboi05941.jpg
✅ CRC OK: P:\Photo\Из Сети\Разные\sexoboi05941.jpg (6bf6eeb8)
OK: P:\Photo\Из Сети\Разные\sexoboi05947.jpg
✅ CRC OK: P:\Photo\Из Сети\Разные\sexoboi05947.jpg (188a87bc)
OK: P:\Photo\Из Сети\Разные\sexoboi05967.jpg
✅ CRC OK: P:\Photo\Из Сети\Разные\sexoboi05967.jpg (c856fdcd)
OK: P:\Photo\Из Сети\Разные\sexoboi3551.jpg
✅ CRC OK: P:\Photo\Из Сети\Разные\sexoboi3551.jpg (1f6c3ee8)
OK: P:\Photo\Из Сети\Разные\sexoboi3561.jpg
✅ CRC OK: P:\Photo\Из Сети\Разные\sexoboi3561.jpg (1bc00da9)
OK: P:\Photo\Из Сети\Разные\sexoboi3577.jpg
✅ CRC OK: P:\Photo\Из Сети\Разные\sexoboi3577.jpg (dc6df3b0)
OK: P:\Photo\Из Сети\Разные\sexoboi3578.jpg
✅ CRC OK: P:\Photo\Из Сети\Разные\sexoboi3578.jpg (a03c5681)
OK: P:\Photo\Из Сети\Разные\sexoboi3769.jpg
✅ CRC OK: P:\Photo\Из Сети\Разные\sexoboi3769.jpg (ccaee4bc)
OK: P:\Photo\Из Сети\Разные\sexoboi3771.jpg
✅ CRC OK: P:\Photo\Из Сети\Разные\sexoboi3771.jpg (3109ce38)
OK: P:\Photo\Из Сети\Разные\sexoboi3799.jpg
✅ CRC OK: P:\Photo\Из Сети\Разные\sexoboi3799.jpg (7a666c95)
OK: P:\Photo\Из Сети\Разные\sexoboi7255.jpg
✅ CRC OK: P:\Photo\Из Сети\Разные\sexoboi7255.jpg (cd18356b)
OK: P:\Photo\Из Сети\Разные\sexoboi7257.jpg
✅ CRC OK: P:\Photo\Из Сети\Разные\sexoboi7257.jpg (2f237728)
OK: P:\Photo\Из Сети\Разные\ssbfSlxI_1.jpg
✅ CRC OK: P:\Photo\Из Сети\Разные\ssbfSlxI_1.jpg (4d78a3cd)
OK: P:\Photo\Из Сети\Разные\ta0026.jpg
✅ CRC OK: P:\Photo\Из Сети\Разные\ta0026.jpg (6c4a068b)
OK: P:\Photo\Из Сети\Разные\ta0035.jpg
✅ CRC OK: P:\Photo\Из Сети\Разные\ta0035.jpg (358f1111)
OK: P:\Photo\Из Сети\Разные\ta0043.jpg
✅ CRC OK: P:\Photo\Из Сети\Разные\ta0043.jpg (3eda9a31)
OK: P:\Photo\Из Сети\Разные\ta0050.jpg
✅ CRC OK: P:\Photo\Из Сети\Разные\ta0050.jpg (393e609e)
OK: P:\Photo\Из Сети\Разные\ta0063.jpg
✅ CRC OK: P:\Photo\Из Сети\Разные\ta0063.jpg (6a9d8fe9)
OK: P:\Photo\Из Сети\Разные\ta0105.jpg
✅ CRC OK: P:\Photo\Из Сети\Разные\ta0105.jpg (4a1d7453)
OK: P:\Photo\Из Сети\Разные\ta0142.jpg
✅ CRC OK: P:\Photo\Из Сети\Разные\ta0142.jpg (778b744a)
OK: P:\Photo\Из Сети\Разные\ta0145.jpg
✅ CRC OK: P:\Photo\Из Сети\Разные\ta0145.jpg (c8bc6ebf)
OK: P:\Photo\Из Сети\Разные\teenme0025.jpg
✅ CRC OK: P:\Photo\Из Сети\Разные\teenme0025.jpg (fe1b7cf8)
OK: P:\Photo\Из Сети\Разные\teenme0027.jpg
✅ CRC OK: P:\Photo\Из Сети\Разные\teenme0027.jpg (b8b1d296)
OK: P:\Photo\Из Сети\Разные\teenme0028.jpg
✅ CRC OK: P:\Photo\Из Сети\Разные\teenme0028.jpg (52d007e1)
OK: P:\Photo\Из Сети\Разные\vivchr0119.jpg
✅ CRC OK: P:\Photo\Из Сети\Разные\vivchr0119.jpg (3511dfbb)
OK: P:\Photo\Из Сети\Разные\vivchr0124.jpg
✅ CRC OK: P:\Photo\Из Сети\Разные\vivchr0124.jpg (e2b3cc12)
OK: P:\Photo\Из Сети\Разные\w3.jpg
✅ CRC OK: P:\Photo\Из Сети\Разные\w3.jpg (976c8d04)
OK: P:\Photo\Из Сети\Разные\wrt7.jpg
✅ CRC OK: P:\Photo\Из Сети\Разные\wrt7.jpg (3c0bbcec)
OK: P:\Photo\Из Сети\Разные\wukos52jv1x5.jpg
✅ CRC OK: P:\Photo\Из Сети\Разные\wukos52jv1x5.jpg (cd4e150d)
OK: P:\Photo\Из Сети\Разные\wФото003.jpg
✅ CRC OK: P:\Photo\Из Сети\Разные\wФото003.jpg (4d21b61e)
OK: P:\Photo\Из Сети\Разные\x14.jpg
✅ CRC OK: P:\Photo\Из Сети\Разные\x14.jpg (efbb777f)
OK: P:\Photo\Из Сети\Разные\x_001f425e.jpg
✅ CRC OK: P:\Photo\Из Сети\Разные\x_001f425e.jpg (21aa4525)
OK: P:\Photo\Из Сети\Разные\x_02d28a73.jpg
✅ CRC OK: P:\Photo\Из Сети\Разные\x_02d28a73.jpg (6e3ce0b2)
OK: P:\Photo\Из Сети\Разные\x_02eeb503.jpg
✅ CRC OK: P:\Photo\Из Сети\Разные\x_02eeb503.jpg (04bbed9c)
OK: P:\Photo\Из Сети\Разные\x_03e746f5.jpg
✅ CRC OK: P:\Photo\Из Сети\Разные\x_03e746f5.jpg (ca1b0a59)
OK: P:\Photo\Из Сети\Разные\x_06270ecb.jpg
✅ CRC OK: P:\Photo\Из Сети\Разные\x_06270ecb.jpg (2272ecb9)
OK: P:\Photo\Из Сети\Разные\x_0e1b7d46.jpg
✅ CRC OK: P:\Photo\Из Сети\Разные\x_0e1b7d46.jpg (cb3c87ae)
OK: P:\Photo\Из Сети\Разные\x_132dcf2c.jpg
✅ CRC OK: P:\Photo\Из Сети\Разные\x_132dcf2c.jpg (ea87694a)
OK: P:\Photo\Из Сети\Разные\x_163fcea3.jpg
✅ CRC OK: P:\Photo\Из Сети\Разные\x_163fcea3.jpg (f7bbb1c6)
OK: P:\Photo\Из Сети\Разные\x_18564c9c.jpg
✅ CRC OK: P:\Photo\Из Сети\Разные\x_18564c9c.jpg (fdb2a7c1)
OK: P:\Photo\Из Сети\Разные\x_1c5fa137.jpg
✅ CRC OK: P:\Photo\Из Сети\Разные\x_1c5fa137.jpg (e2563fb8)
OK: P:\Photo\Из Сети\Разные\x_1dc75c66.jpg
✅ CRC OK: P:\Photo\Из Сети\Разные\x_1dc75c66.jpg (471589f7)
OK: P:\Photo\Из Сети\Разные\x_1de5c894.jpg
✅ CRC OK: P:\Photo\Из Сети\Разные\x_1de5c894.jpg (71c294b0)
OK: P:\Photo\Из Сети\Разные\x_1fd78c20.jpg
✅ CRC OK: P:\Photo\Из Сети\Разные\x_1fd78c20.jpg (7d5e93f8)
OK: P:\Photo\Из Сети\Разные\x_203e859c.jpg
✅ CRC OK: P:\Photo\Из Сети\Разные\x_203e859c.jpg (9035ab0e)
OK: P:\Photo\Из Сети\Разные\x_20983545.jpg
✅ CRC OK: P:\Photo\Из Сети\Разные\x_20983545.jpg (953c1009)
OK: P:\Photo\Из Сети\Разные\x_2144c739.jpg
✅ CRC OK: P:\Photo\Из Сети\Разные\x_2144c739.jpg (54ac15ae)
OK: P:\Photo\Из Сети\Разные\x_2229d8c2.jpg
✅ CRC OK: P:\Photo\Из Сети\Разные\x_2229d8c2.jpg (ea2e7e27)
OK: P:\Photo\Из Сети\Разные\x_270c6a22.jpg
✅ CRC OK: P:\Photo\Из Сети\Разные\x_270c6a22.jpg (24268a85)
OK: P:\Photo\Из Сети\Разные\x_2b688332.jpg
✅ CRC OK: P:\Photo\Из Сети\Разные\x_2b688332.jpg (4e537670)
OK: P:\Photo\Из Сети\Разные\x_2e68261a.jpg
✅ CRC OK: P:\Photo\Из Сети\Разные\x_2e68261a.jpg (0d844f80)
OK: P:\Photo\Из Сети\Разные\x_368f9c6f.jpg
✅ CRC OK: P:\Photo\Из Сети\Разные\x_368f9c6f.jpg (ff0c9466)
OK: P:\Photo\Из Сети\Разные\x_36cb7549.jpg
✅ CRC OK: P:\Photo\Из Сети\Разные\x_36cb7549.jpg (042b3769)
OK: P:\Photo\Из Сети\Разные\x_36fb1cff.jpg
✅ CRC OK: P:\Photo\Из Сети\Разные\x_36fb1cff.jpg (c6250197)
OK: P:\Photo\Из Сети\Разные\x_39a079bf.jpg
✅ CRC OK: P:\Photo\Из Сети\Разные\x_39a079bf.jpg (e7b483a2)
OK: P:\Photo\Из Сети\Разные\x_3bceb293.jpg
✅ CRC OK: P:\Photo\Из Сети\Разные\x_3bceb293.jpg (186954e8)
OK: P:\Photo\Из Сети\Разные\x_3dedb4a8.jpg
✅ CRC OK: P:\Photo\Из Сети\Разные\x_3dedb4a8.jpg (d3b268ac)
OK: P:\Photo\Из Сети\Разные\x_448e3053.jpg
✅ CRC OK: P:\Photo\Из Сети\Разные\x_448e3053.jpg (e4231987)
OK: P:\Photo\Из Сети\Разные\x_4572a4f0.jpg
✅ CRC OK: P:\Photo\Из Сети\Разные\x_4572a4f0.jpg (45e9de96)
OK: P:\Photo\Из Сети\Разные\x_48c9a707.jpg
✅ CRC OK: P:\Photo\Из Сети\Разные\x_48c9a707.jpg (87073277)
OK: P:\Photo\Из Сети\Разные\x_4b586cfd.jpg
✅ CRC OK: P:\Photo\Из Сети\Разные\x_4b586cfd.jpg (fdb5cb6c)
OK: P:\Photo\Из Сети\Разные\x_4c96a0a0.jpg
✅ CRC OK: P:\Photo\Из Сети\Разные\x_4c96a0a0.jpg (79a00fb2)
OK: P:\Photo\Из Сети\Разные\x_523b3fe6.jpg
✅ CRC OK: P:\Photo\Из Сети\Разные\x_523b3fe6.jpg (fc92ff1a)
OK: P:\Photo\Из Сети\Разные\x_5466ab21.jpg
✅ CRC OK: P:\Photo\Из Сети\Разные\x_5466ab21.jpg (02e55df5)
OK: P:\Photo\Из Сети\Разные\x_56f86718.jpg
✅ CRC OK: P:\Photo\Из Сети\Разные\x_56f86718.jpg (3ab770a0)
OK: P:\Photo\Из Сети\Разные\x_57506e5c.jpg
✅ CRC OK: P:\Photo\Из Сети\Разные\x_57506e5c.jpg (fc0adee3)
OK: P:\Photo\Из Сети\Разные\x_5bc98413.jpg
✅ CRC OK: P:\Photo\Из Сети\Разные\x_5bc98413.jpg (29844742)
OK: P:\Photo\Из Сети\Разные\x_5d50b2aa.jpg
✅ CRC OK: P:\Photo\Из Сети\Разные\x_5d50b2aa.jpg (8b48444e)
OK: P:\Photo\Из Сети\Разные\x_5f23cd40.jpg
✅ CRC OK: P:\Photo\Из Сети\Разные\x_5f23cd40.jpg (59d2bc68)
OK: P:\Photo\Из Сети\Разные\x_5f8af6a9.jpg
✅ CRC OK: P:\Photo\Из Сети\Разные\x_5f8af6a9.jpg (ced13bad)
OK: P:\Photo\Из Сети\Разные\x_6030d673.jpg
✅ CRC OK: P:\Photo\Из Сети\Разные\x_6030d673.jpg (2daa4c2f)
OK: P:\Photo\Из Сети\Разные\x_60f1bb43.jpg
✅ CRC OK: P:\Photo\Из Сети\Разные\x_60f1bb43.jpg (e711b99d)
OK: P:\Photo\Из Сети\Разные\x_6108ef7a.jpg
✅ CRC OK: P:\Photo\Из Сети\Разные\x_6108ef7a.jpg (ba9dad4e)
OK: P:\Photo\Из Сети\Разные\x_6123491a.jpg
✅ CRC OK: P:\Photo\Из Сети\Разные\x_6123491a.jpg (1bb89d18)
OK: P:\Photo\Из Сети\Разные\x_64fd1182.jpg
✅ CRC OK: P:\Photo\Из Сети\Разные\x_64fd1182.jpg (95c5f37f)
OK: P:\Photo\Из Сети\Разные\x_653f7631.jpg
✅ CRC OK: P:\Photo\Из Сети\Разные\x_653f7631.jpg (34f80321)
OK: P:\Photo\Из Сети\Разные\x_665b562b.jpg
✅ CRC OK: P:\Photo\Из Сети\Разные\x_665b562b.jpg (dd186cc3)
OK: P:\Photo\Из Сети\Разные\x_6802058f.jpg
✅ CRC OK: P:\Photo\Из Сети\Разные\x_6802058f.jpg (50937d66)
OK: P:\Photo\Из Сети\Разные\x_695be8f2.jpg
✅ CRC OK: P:\Photo\Из Сети\Разные\x_695be8f2.jpg (d2fe2797)
OK: P:\Photo\Из Сети\Разные\x_6a55bbd5.jpg
✅ CRC OK: P:\Photo\Из Сети\Разные\x_6a55bbd5.jpg (b3b8c5a7)
OK: P:\Photo\Из Сети\Разные\x_6b262c3c.jpg
✅ CRC OK: P:\Photo\Из Сети\Разные\x_6b262c3c.jpg (97ec91da)
OK: P:\Photo\Из Сети\Разные\x_6ccd84bf.jpg
✅ CRC OK: P:\Photo\Из Сети\Разные\x_6ccd84bf.jpg (5765c63f)
OK: P:\Photo\Из Сети\Разные\x_6f9efce4.jpg
✅ CRC OK: P:\Photo\Из Сети\Разные\x_6f9efce4.jpg (c280b80c)
OK: P:\Photo\Из Сети\Разные\x_77682483.jpg
✅ CRC OK: P:\Photo\Из Сети\Разные\x_77682483.jpg (42f10bf6)
OK: P:\Photo\Из Сети\Разные\x_776f63f6.jpg
✅ CRC OK: P:\Photo\Из Сети\Разные\x_776f63f6.jpg (68d2e2fe)
OK: P:\Photo\Из Сети\Разные\x_7b2a0340.jpg
✅ CRC OK: P:\Photo\Из Сети\Разные\x_7b2a0340.jpg (fdd194c0)
OK: P:\Photo\Из Сети\Разные\x_7eb53fa0.jpg
✅ CRC OK: P:\Photo\Из Сети\Разные\x_7eb53fa0.jpg (84678e2b)
OK: P:\Photo\Из Сети\Разные\x_81694e2b.jpg
✅ CRC OK: P:\Photo\Из Сети\Разные\x_81694e2b.jpg (3885e776)
OK: P:\Photo\Из Сети\Разные\x_85e454b6.jpg
✅ CRC OK: P:\Photo\Из Сети\Разные\x_85e454b6.jpg (649dd0b3)
OK: P:\Photo\Из Сети\Разные\x_867bab91.jpg
✅ CRC OK: P:\Photo\Из Сети\Разные\x_867bab91.jpg (6562285e)
OK: P:\Photo\Из Сети\Разные\x_86c0a45c.jpg
✅ CRC OK: P:\Photo\Из Сети\Разные\x_86c0a45c.jpg (6455e1bd)
OK: P:\Photo\Из Сети\Разные\x_8e1b15ba.jpg
✅ CRC OK: P:\Photo\Из Сети\Разные\x_8e1b15ba.jpg (a5d5c296)
OK: P:\Photo\Из Сети\Разные\x_907c4db0.jpg
✅ CRC OK: P:\Photo\Из Сети\Разные\x_907c4db0.jpg (1fb84eb5)
OK: P:\Photo\Из Сети\Разные\x_9231636e.jpg
✅ CRC OK: P:\Photo\Из Сети\Разные\x_9231636e.jpg (41226f59)
OK: P:\Photo\Из Сети\Разные\x_9ed6ebcd.jpg
✅ CRC OK: P:\Photo\Из Сети\Разные\x_9ed6ebcd.jpg (4c461811)
OK: P:\Photo\Из Сети\Разные\x_9f41e78f.jpg
✅ CRC OK: P:\Photo\Из Сети\Разные\x_9f41e78f.jpg (5acf6712)
OK: P:\Photo\Из Сети\Разные\x_9fd3c863.jpg
✅ CRC OK: P:\Photo\Из Сети\Разные\x_9fd3c863.jpg (23726639)
OK: P:\Photo\Из Сети\Разные\x_a1ff7955.jpg
✅ CRC OK: P:\Photo\Из Сети\Разные\x_a1ff7955.jpg (751129d7)
OK: P:\Photo\Из Сети\Разные\x_a59c621f.jpg
✅ CRC OK: P:\Photo\Из Сети\Разные\x_a59c621f.jpg (b7cb137b)
OK: P:\Photo\Из Сети\Разные\x_a7e981e2.jpg
✅ CRC OK: P:\Photo\Из Сети\Разные\x_a7e981e2.jpg (6d5d99ad)
OK: P:\Photo\Из Сети\Разные\x_acdfb380.jpg
✅ CRC OK: P:\Photo\Из Сети\Разные\x_acdfb380.jpg (53fe144a)
OK: P:\Photo\Из Сети\Разные\x_adc56187.jpg
✅ CRC OK: P:\Photo\Из Сети\Разные\x_adc56187.jpg (350862f4)
OK: P:\Photo\Из Сети\Разные\x_add99c74.jpg
✅ CRC OK: P:\Photo\Из Сети\Разные\x_add99c74.jpg (63146ae4)
OK: P:\Photo\Из Сети\Разные\x_b0615963.jpg
✅ CRC OK: P:\Photo\Из Сети\Разные\x_b0615963.jpg (e5a0228b)
OK: P:\Photo\Из Сети\Разные\x_b254d57d.jpg
✅ CRC OK: P:\Photo\Из Сети\Разные\x_b254d57d.jpg (f668fc9c)
OK: P:\Photo\Из Сети\Разные\x_b2f24df9.jpg
✅ CRC OK: P:\Photo\Из Сети\Разные\x_b2f24df9.jpg (bbc4e400)
OK: P:\Photo\Из Сети\Разные\x_b7083489.jpg
✅ CRC OK: P:\Photo\Из Сети\Разные\x_b7083489.jpg (85f87668)
OK: P:\Photo\Из Сети\Разные\x_ba7296e5.jpg
✅ CRC OK: P:\Photo\Из Сети\Разные\x_ba7296e5.jpg (18466106)
OK: P:\Photo\Из Сети\Разные\x_c406e806.jpg
✅ CRC OK: P:\Photo\Из Сети\Разные\x_c406e806.jpg (b5a758f9)
OK: P:\Photo\Из Сети\Разные\x_c4c25b15.jpg
✅ CRC OK: P:\Photo\Из Сети\Разные\x_c4c25b15.jpg (d5c58f52)
OK: P:\Photo\Из Сети\Разные\x_c61868ca.jpg
✅ CRC OK: P:\Photo\Из Сети\Разные\x_c61868ca.jpg (6fb68b30)
OK: P:\Photo\Из Сети\Разные\x_c6d4765d.jpg
✅ CRC OK: P:\Photo\Из Сети\Разные\x_c6d4765d.jpg (d90ef174)
OK: P:\Photo\Из Сети\Разные\x_c6e6a1fd.jpg
✅ CRC OK: P:\Photo\Из Сети\Разные\x_c6e6a1fd.jpg (592237d4)
OK: P:\Photo\Из Сети\Разные\x_ccf8c679.jpg
✅ CRC OK: P:\Photo\Из Сети\Разные\x_ccf8c679.jpg (b7211fef)
OK: P:\Photo\Из Сети\Разные\x_cd3f831e.jpg
✅ CRC OK: P:\Photo\Из Сети\Разные\x_cd3f831e.jpg (054a6953)
OK: P:\Photo\Из Сети\Разные\x_cf15e94a.jpg
✅ CRC OK: P:\Photo\Из Сети\Разные\x_cf15e94a.jpg (1edc2683)
OK: P:\Photo\Из Сети\Разные\x_d0ab18e1.jpg
✅ CRC OK: P:\Photo\Из Сети\Разные\x_d0ab18e1.jpg (173461c3)
OK: P:\Photo\Из Сети\Разные\x_d0c50fd8.jpg
✅ CRC OK: P:\Photo\Из Сети\Разные\x_d0c50fd8.jpg (d2e6bfb7)
OK: P:\Photo\Из Сети\Разные\x_d1b90e2e.jpg
✅ CRC OK: P:\Photo\Из Сети\Разные\x_d1b90e2e.jpg (3782a175)
OK: P:\Photo\Из Сети\Разные\x_d46e37e3.jpg
✅ CRC OK: P:\Photo\Из Сети\Разные\x_d46e37e3.jpg (e9c22cf0)
OK: P:\Photo\Из Сети\Разные\x_d568d3e8.jpg
✅ CRC OK: P:\Photo\Из Сети\Разные\x_d568d3e8.jpg (359e4b54)
OK: P:\Photo\Из Сети\Разные\x_d5ad3805.jpg
✅ CRC OK: P:\Photo\Из Сети\Разные\x_d5ad3805.jpg (db8b9382)
OK: P:\Photo\Из Сети\Разные\x_d5ddec2a.jpg
✅ CRC OK: P:\Photo\Из Сети\Разные\x_d5ddec2a.jpg (85fb524e)
OK: P:\Photo\Из Сети\Разные\x_d6100bc1.jpg
✅ CRC OK: P:\Photo\Из Сети\Разные\x_d6100bc1.jpg (60ebda8c)
OK: P:\Photo\Из Сети\Разные\x_db4efa1c.jpg
✅ CRC OK: P:\Photo\Из Сети\Разные\x_db4efa1c.jpg (d69a4115)
OK: P:\Photo\Из Сети\Разные\x_dba13d11.jpg
✅ CRC OK: P:\Photo\Из Сети\Разные\x_dba13d11.jpg (5a67ee9b)
OK: P:\Photo\Из Сети\Разные\x_e4a24d58.jpg
✅ CRC OK: P:\Photo\Из Сети\Разные\x_e4a24d58.jpg (0018574d)
OK: P:\Photo\Из Сети\Разные\x_e69a99be.jpg
✅ CRC OK: P:\Photo\Из Сети\Разные\x_e69a99be.jpg (95acf7a5)
OK: P:\Photo\Из Сети\Разные\x_eb654659.jpg
✅ CRC OK: P:\Photo\Из Сети\Разные\x_eb654659.jpg (66da7fdb)
OK: P:\Photo\Из Сети\Разные\x_ebf05376.jpg
✅ CRC OK: P:\Photo\Из Сети\Разные\x_ebf05376.jpg (0f664e4c)
OK: P:\Photo\Из Сети\Разные\x_f41ce3c2.jpg
✅ CRC OK: P:\Photo\Из Сети\Разные\x_f41ce3c2.jpg (55c62828)
OK: P:\Photo\Из Сети\Разные\x_f80659a7.jpg
✅ CRC OK: P:\Photo\Из Сети\Разные\x_f80659a7.jpg (06d3ef7a)
OK: P:\Photo\Из Сети\Разные\x_f85104fb.jpg
✅ CRC OK: P:\Photo\Из Сети\Разные\x_f85104fb.jpg (88208fc5)
OK: P:\Photo\Из Сети\Разные\x_f895998b.jpg
✅ CRC OK: P:\Photo\Из Сети\Разные\x_f895998b.jpg (f05656fa)
OK: P:\Photo\Из Сети\Разные\x_fb53edc2.jpg
✅ CRC OK: P:\Photo\Из Сети\Разные\x_fb53edc2.jpg (c0178238)
OK: P:\Photo\Из Сети\Разные\xxx95.jpg
✅ CRC OK: P:\Photo\Из Сети\Разные\xxx95.jpg (ea405d62)
OK: P:\Photo\Из Сети\Разные\xxx99.jpg
✅ CRC OK: P:\Photo\Из Сети\Разные\xxx99.jpg (c85d85fb)
OK: P:\Photo\Из Сети\Разные\ya и Янка.JPG
✅ CRC OK: P:\Photo\Из Сети\Разные\ya и Янка.JPG (29e6b87c)
OK: P:\Photo\Из Сети\Разные\zVrMvmhFd5I.jpg
✅ CRC OK: P:\Photo\Из Сети\Разные\zVrMvmhFd5I.jpg (4f8b5364)
OK: P:\Photo\Из Сети\Разные\zhanna2.jpg
✅ CRC OK: P:\Photo\Из Сети\Разные\zhanna2.jpg (613e09de)
OK: P:\Photo\Из Сети\Разные\Аленка Белозерова попка.jpg
✅ CRC OK: P:\Photo\Из Сети\Разные\Аленка Белозерова попка.jpg (cfceed67)
OK: P:\Photo\Из Сети\Разные\Алинка 18.jpg
✅ CRC OK: P:\Photo\Из Сети\Разные\Алинка 18.jpg (377b358f)
OK: P:\Photo\Из Сети\Разные\Алиночка.jpg
✅ CRC OK: P:\Photo\Из Сети\Разные\Алиночка.jpg (e84ed741)
OK: P:\Photo\Из Сети\Разные\БЭз камЭнтарЫй.jpg
✅ CRC OK: P:\Photo\Из Сети\Разные\БЭз камЭнтарЫй.jpg (718aa068)
OK: P:\Photo\Из Сети\Разные\Безымянный1.bmp
✅ CRC OK: P:\Photo\Из Сети\Разные\Безымянный1.bmp (e26c7b08)
OK: P:\Photo\Из Сети\Разные\Валюшка и Инка.JPG
✅ CRC OK: P:\Photo\Из Сети\Разные\Валюшка и Инка.JPG (87da1fb7)
OK: P:\Photo\Из Сети\Разные\Валя.JPG
✅ CRC OK: P:\Photo\Из Сети\Разные\Валя.JPG (b74e48b8)
OK: P:\Photo\Из Сети\Разные\Вероника и я.JPG
✅ CRC OK: P:\Photo\Из Сети\Разные\Вероника и я.JPG (b67211de)
OK: P:\Photo\Из Сети\Разные\Вот так.JPG
✅ CRC OK: P:\Photo\Из Сети\Разные\Вот так.JPG (8a96c793)
OK: P:\Photo\Из Сети\Разные\Выпускной 2005 (МОЙ) 089.jpg
✅ CRC OK: P:\Photo\Из Сети\Разные\Выпускной 2005 (МОЙ) 089.jpg (359d0f15)
OK: P:\Photo\Из Сети\Разные\Выпускной 2005 (МОЙ) 090.jpg
✅ CRC OK: P:\Photo\Из Сети\Разные\Выпускной 2005 (МОЙ) 090.jpg (325c0eb5)
OK: P:\Photo\Из Сети\Разные\Диана.bmp
✅ CRC OK: P:\Photo\Из Сети\Разные\Диана.bmp (c2b02fb7)
OK: P:\Photo\Из Сети\Разные\Дианочка.JPG
✅ CRC OK: P:\Photo\Из Сети\Разные\Дианочка.JPG (083ca8c0)
OK: P:\Photo\Из Сети\Разные\Дианочка1.jpg
✅ CRC OK: P:\Photo\Из Сети\Разные\Дианочка1.jpg (b5973ae6)
OK: P:\Photo\Из Сети\Разные\Догма,R.C.Я,Сириус, Я и Саша!.JPG
✅ CRC OK: P:\Photo\Из Сети\Разные\Догма,R.C.Я,Сириус, Я и Саша!.JPG (5658cd8d)
OK: P:\Photo\Из Сети\Разные\Египет.jpg
✅ CRC OK: P:\Photo\Из Сети\Разные\Египет.jpg (ff2c82ac)
OK: P:\Photo\Из Сети\Разные\Египет2.jpg
✅ CRC OK: P:\Photo\Из Сети\Разные\Египет2.jpg (e13d8d98)
OK: P:\Photo\Из Сети\Разные\Жестяк (2).JPG
✅ CRC OK: P:\Photo\Из Сети\Разные\Жестяк (2).JPG (18063087)
OK: P:\Photo\Из Сети\Разные\Зая.jpg
✅ CRC OK: P:\Photo\Из Сети\Разные\Зая.jpg (bee981f9)
OK: P:\Photo\Из Сети\Разные\Изображение 001.jpg
✅ CRC OK: P:\Photo\Из Сети\Разные\Изображение 001.jpg (bc77194d)
OK: P:\Photo\Из Сети\Разные\Изображение 002.jpg
✅ CRC OK: P:\Photo\Из Сети\Разные\Изображение 002.jpg (4575de21)
OK: P:\Photo\Из Сети\Разные\Изображение 008.jpg
✅ CRC OK: P:\Photo\Из Сети\Разные\Изображение 008.jpg (2b0ad303)
OK: P:\Photo\Из Сети\Разные\Изображение 013_thumb.jpg
✅ CRC OK: P:\Photo\Из Сети\Разные\Изображение 013_thumb.jpg (24c37fb3)
OK: P:\Photo\Из Сети\Разные\Изображение 014.jpg
✅ CRC OK: P:\Photo\Из Сети\Разные\Изображение 014.jpg (391b9ee2)
OK: P:\Photo\Из Сети\Разные\Изображение 021.jpg
✅ CRC OK: P:\Photo\Из Сети\Разные\Изображение 021.jpg (eceef2ed)
OK: P:\Photo\Из Сети\Разные\Изображение 041.jpg
✅ CRC OK: P:\Photo\Из Сети\Разные\Изображение 041.jpg (6439805d)
OK: P:\Photo\Из Сети\Разные\Изображение 043.jpg
✅ CRC OK: P:\Photo\Из Сети\Разные\Изображение 043.jpg (76ba60bf)
OK: P:\Photo\Из Сети\Разные\Изображение 046.jpg
✅ CRC OK: P:\Photo\Из Сети\Разные\Изображение 046.jpg (3f585039)
OK: P:\Photo\Из Сети\Разные\Изображение 055_thumb.jpg
✅ CRC OK: P:\Photo\Из Сети\Разные\Изображение 055_thumb.jpg (df9d571a)
OK: P:\Photo\Из Сети\Разные\Изображение 085.jpg
✅ CRC OK: P:\Photo\Из Сети\Разные\Изображение 085.jpg (050b6f43)
OK: P:\Photo\Из Сети\Разные\Изображение 097.jpg
✅ CRC OK: P:\Photo\Из Сети\Разные\Изображение 097.jpg (1d2d9713)
OK: P:\Photo\Из Сети\Разные\Изображение 098.jpg
✅ CRC OK: P:\Photo\Из Сети\Разные\Изображение 098.jpg (0a6dc6cf)
OK: P:\Photo\Из Сети\Разные\Изображение 106.jpg
✅ CRC OK: P:\Photo\Из Сети\Разные\Изображение 106.jpg (99134891)
OK: P:\Photo\Из Сети\Разные\Изображение 115.jpg
✅ CRC OK: P:\Photo\Из Сети\Разные\Изображение 115.jpg (7cd60e21)
OK: P:\Photo\Из Сети\Разные\Изображение 12.jpg
✅ CRC OK: P:\Photo\Из Сети\Разные\Изображение 12.jpg (3856def7)
OK: P:\Photo\Из Сети\Разные\Изображение 126.jpg
✅ CRC OK: P:\Photo\Из Сети\Разные\Изображение 126.jpg (023f017e)
OK: P:\Photo\Из Сети\Разные\Изображение 127.jpg
✅ CRC OK: P:\Photo\Из Сети\Разные\Изображение 127.jpg (7d401b83)
OK: P:\Photo\Из Сети\Разные\Изображение 129.jpg
✅ CRC OK: P:\Photo\Из Сети\Разные\Изображение 129.jpg (67c6dbca)
OK: P:\Photo\Из Сети\Разные\Изображение 132.jpg
✅ CRC OK: P:\Photo\Из Сети\Разные\Изображение 132.jpg (402e7c6c)
OK: P:\Photo\Из Сети\Разные\Изображение 163.jpg
✅ CRC OK: P:\Photo\Из Сети\Разные\Изображение 163.jpg (e2d46682)
OK: P:\Photo\Из Сети\Разные\Изображение 177.jpg
✅ CRC OK: P:\Photo\Из Сети\Разные\Изображение 177.jpg (45b8d42c)
OK: P:\Photo\Из Сети\Разные\Изображение 188.jpg
✅ CRC OK: P:\Photo\Из Сети\Разные\Изображение 188.jpg (d7ad7512)
OK: P:\Photo\Из Сети\Разные\Изображение 214.jpg
✅ CRC OK: P:\Photo\Из Сети\Разные\Изображение 214.jpg (af14c742)
OK: P:\Photo\Из Сети\Разные\Изображение 254.jpg
✅ CRC OK: P:\Photo\Из Сети\Разные\Изображение 254.jpg (3911ecbe)
OK: P:\Photo\Из Сети\Разные\Изображение 266.jpg
✅ CRC OK: P:\Photo\Из Сети\Разные\Изображение 266.jpg (86819ae3)
OK: P:\Photo\Из Сети\Разные\Изображение 287.jpg
✅ CRC OK: P:\Photo\Из Сети\Разные\Изображение 287.jpg (e5330fe4)
OK: P:\Photo\Из Сети\Разные\Изображение 289.jpg
✅ CRC OK: P:\Photo\Из Сети\Разные\Изображение 289.jpg (1cc1082e)
OK: P:\Photo\Из Сети\Разные\Изображение 403.jpg
✅ CRC OK: P:\Photo\Из Сети\Разные\Изображение 403.jpg (3b635a40)
OK: P:\Photo\Из Сети\Разные\Изображение 405.jpg
✅ CRC OK: P:\Photo\Из Сети\Разные\Изображение 405.jpg (d5ab376c)
OK: P:\Photo\Из Сети\Разные\Изображение 416.jpg
✅ CRC OK: P:\Photo\Из Сети\Разные\Изображение 416.jpg (1a8e48b9)
OK: P:\Photo\Из Сети\Разные\Изображение 417.jpg
✅ CRC OK: P:\Photo\Из Сети\Разные\Изображение 417.jpg (0a2aa530)
OK: P:\Photo\Из Сети\Разные\Изображение 429.jpg
✅ CRC OK: P:\Photo\Из Сети\Разные\Изображение 429.jpg (eb342bd7)
OK: P:\Photo\Из Сети\Разные\Изображение 436.jpg
✅ CRC OK: P:\Photo\Из Сети\Разные\Изображение 436.jpg (fb6b92b3)
OK: P:\Photo\Из Сети\Разные\Изображение 441.jpg
✅ CRC OK: P:\Photo\Из Сети\Разные\Изображение 441.jpg (ecb6f96e)
OK: P:\Photo\Из Сети\Разные\Изображение 451.jpg
✅ CRC OK: P:\Photo\Из Сети\Разные\Изображение 451.jpg (612e1a68)
OK: P:\Photo\Из Сети\Разные\Изображение 811.jpg
✅ CRC OK: P:\Photo\Из Сети\Разные\Изображение 811.jpg (0b668f11)
OK: P:\Photo\Из Сети\Разные\Изображение 856.jpg
✅ CRC OK: P:\Photo\Из Сети\Разные\Изображение 856.jpg (2c295067)
OK: P:\Photo\Из Сети\Разные\Изображение-094.jpg
✅ CRC OK: P:\Photo\Из Сети\Разные\Изображение-094.jpg (02d1f728)
OK: P:\Photo\Из Сети\Разные\К@тюфк@.jpg
✅ CRC OK: P:\Photo\Из Сети\Разные\К@тюфк@.jpg (c017668f)
OK: P:\Photo\Из Сети\Разные\Кариша .jpg
✅ CRC OK: P:\Photo\Из Сети\Разные\Кариша .jpg (880d5829)
OK: P:\Photo\Из Сети\Разные\Кариша.jpg
✅ CRC OK: P:\Photo\Из Сети\Разные\Кариша.jpg (fcb807c8)
OK: P:\Photo\Из Сети\Разные\Катенька.jpg
✅ CRC OK: P:\Photo\Из Сети\Разные\Катенька.jpg (14b4279b)
OK: P:\Photo\Из Сети\Разные\Катрин.jpg
✅ CRC OK: P:\Photo\Из Сети\Разные\Катрин.jpg (08bd3abd)
OK: P:\Photo\Из Сети\Разные\Катюха.jpg
✅ CRC OK: P:\Photo\Из Сети\Разные\Катюха.jpg (c5f7f240)
OK: P:\Photo\Из Сети\Разные\Катя-Я-Оля.JPG
✅ CRC OK: P:\Photo\Из Сети\Разные\Катя-Я-Оля.JPG (0dbaee14)
OK: P:\Photo\Из Сети\Разные\Кися.jpg
✅ CRC OK: P:\Photo\Из Сети\Разные\Кися.jpg (ac6411d1)
OK: P:\Photo\Из Сети\Разные\Копия 22112007(029).jpg
✅ CRC OK: P:\Photo\Из Сети\Разные\Копия 22112007(029).jpg (3060ae12)
OK: P:\Photo\Из Сети\Разные\Копия Изображение 411.jpg
✅ CRC OK: P:\Photo\Из Сети\Разные\Копия Изображение 411.jpg (97c5fe07)
OK: P:\Photo\Из Сети\Разные\Красотуля.jpg
✅ CRC OK: P:\Photo\Из Сети\Разные\Красотуля.jpg (e064b301)
OK: P:\Photo\Из Сети\Разные\Крошка2.jpg
✅ CRC OK: P:\Photo\Из Сети\Разные\Крошка2.jpg (44c1034c)
OK: P:\Photo\Из Сети\Разные\Лерка.JPG
✅ CRC OK: P:\Photo\Из Сети\Разные\Лерка.JPG (69663a8d)
OK: P:\Photo\Из Сети\Разные\Леська и я.jpg
✅ CRC OK: P:\Photo\Из Сети\Разные\Леська и я.jpg (c4718ec0)
OK: P:\Photo\Из Сети\Разные\Люся.jpg
✅ CRC OK: P:\Photo\Из Сети\Разные\Люся.jpg (57f89518)
OK: P:\Photo\Из Сети\Разные\Мандаринка!!!!!!!!!!!!!!!!!!!!!!(посматри).jpg
✅ CRC OK: P:\Photo\Из Сети\Разные\Мандаринка!!!!!!!!!!!!!!!!!!!!!!(посматри).jpg (3ef86d5f)
OK: P:\Photo\Из Сети\Разные\Мисс-осень!=).jpg
✅ CRC OK: P:\Photo\Из Сети\Разные\Мисс-осень!=).jpg (4304d193)
OK: P:\Photo\Из Сети\Разные\Мой выпускной.jpg
✅ CRC OK: P:\Photo\Из Сети\Разные\Мой выпускной.jpg (ee460923)
OK: P:\Photo\Из Сети\Разные\Моя попка.jpg
✅ CRC OK: P:\Photo\Из Сети\Разные\Моя попка.jpg (eaed1656)
OK: P:\Photo\Из Сети\Разные\НАСТЮША.jpg
✅ CRC OK: P:\Photo\Из Сети\Разные\НАСТЮША.jpg (6f2e4113)
OK: P:\Photo\Из Сети\Разные\Настя & я.jpg
✅ CRC OK: P:\Photo\Из Сети\Разные\Настя & я.jpg (6cd10ab0)
OK: P:\Photo\Из Сети\Разные\Настя.jpg
✅ CRC OK: P:\Photo\Из Сети\Разные\Настя.jpg (ceb2d9a8)
OK: P:\Photo\Из Сети\Разные\Новая папка (2)
OK: P:\Photo\Из Сети\Разные\Новая папка (2)\dK_2j62vc-o.jpg
✅ CRC OK: P:\Photo\Из Сети\Разные\Новая папка (2)\dK_2j62vc-o.jpg (754cb630)
OK: P:\Photo\Из Сети\Разные\Новая папка (2)\x_0371c630.jpg
✅ CRC OK: P:\Photo\Из Сети\Разные\Новая папка (2)\x_0371c630.jpg (63c9e633)
OK: P:\Photo\Из Сети\Разные\Новая папка (2)\x_05c5b624.jpg
✅ CRC OK: P:\Photo\Из Сети\Разные\Новая папка (2)\x_05c5b624.jpg (7498b96f)
OK: P:\Photo\Из Сети\Разные\Новая папка (2)\x_14041f5b.jpg
✅ CRC OK: P:\Photo\Из Сети\Разные\Новая папка (2)\x_14041f5b.jpg (3a8080b0)
OK: P:\Photo\Из Сети\Разные\Новая папка (2)\x_15ca25d5.jpg
✅ CRC OK: P:\Photo\Из Сети\Разные\Новая папка (2)\x_15ca25d5.jpg (1eebe52c)
OK: P:\Photo\Из Сети\Разные\Новая папка (2)\x_33d928fd.jpg
✅ CRC OK: P:\Photo\Из Сети\Разные\Новая папка (2)\x_33d928fd.jpg (66196017)
OK: P:\Photo\Из Сети\Разные\Новая папка (2)\x_352e41bc.jpg
✅ CRC OK: P:\Photo\Из Сети\Разные\Новая папка (2)\x_352e41bc.jpg (c39f355d)
OK: P:\Photo\Из Сети\Разные\Новая папка (2)\x_3fe9b3a7.jpg
✅ CRC OK: P:\Photo\Из Сети\Разные\Новая папка (2)\x_3fe9b3a7.jpg (01352cb3)
OK: P:\Photo\Из Сети\Разные\Новая папка (2)\x_40563f38.jpg
✅ CRC OK: P:\Photo\Из Сети\Разные\Новая папка (2)\x_40563f38.jpg (1ac862b2)
OK: P:\Photo\Из Сети\Разные\Новая папка (2)\x_5ec1961e.jpg
✅ CRC OK: P:\Photo\Из Сети\Разные\Новая папка (2)\x_5ec1961e.jpg (6836733b)
OK: P:\Photo\Из Сети\Разные\Новая папка (2)\x_66227e75.jpg
✅ CRC OK: P:\Photo\Из Сети\Разные\Новая папка (2)\x_66227e75.jpg (b511aa90)
OK: P:\Photo\Из Сети\Разные\Новая папка (2)\x_6e5260f4.jpg
✅ CRC OK: P:\Photo\Из Сети\Разные\Новая папка (2)\x_6e5260f4.jpg (d92b26ad)
OK: P:\Photo\Из Сети\Разные\Новая папка (2)\x_7998b70e.jpg
✅ CRC OK: P:\Photo\Из Сети\Разные\Новая папка (2)\x_7998b70e.jpg (289bfa64)
OK: P:\Photo\Из Сети\Разные\Новая папка (2)\x_7cee46a6.jpg
✅ CRC OK: P:\Photo\Из Сети\Разные\Новая папка (2)\x_7cee46a6.jpg (0c136dcf)
OK: P:\Photo\Из Сети\Разные\Новая папка (2)\x_8cc93b61.jpg
✅ CRC OK: P:\Photo\Из Сети\Разные\Новая папка (2)\x_8cc93b61.jpg (741bea4e)
OK: P:\Photo\Из Сети\Разные\Новая папка (2)\x_908b184b.jpg
✅ CRC OK: P:\Photo\Из Сети\Разные\Новая папка (2)\x_908b184b.jpg (d74c4872)
OK: P:\Photo\Из Сети\Разные\Новая папка (2)\x_9c9b1c3c.jpg
✅ CRC OK: P:\Photo\Из Сети\Разные\Новая папка (2)\x_9c9b1c3c.jpg (26efa21f)
OK: P:\Photo\Из Сети\Разные\Новая папка (2)\x_ae46e11e.jpg
✅ CRC OK: P:\Photo\Из Сети\Разные\Новая папка (2)\x_ae46e11e.jpg (ce8120d9)
OK: P:\Photo\Из Сети\Разные\Новая папка (2)\x_bc13943f.jpg
✅ CRC OK: P:\Photo\Из Сети\Разные\Новая папка (2)\x_bc13943f.jpg (389b4f11)
OK: P:\Photo\Из Сети\Разные\Новая папка (2)\x_d83a3197.jpg
✅ CRC OK: P:\Photo\Из Сети\Разные\Новая папка (2)\x_d83a3197.jpg (b4cd463c)
OK: P:\Photo\Из Сети\Разные\Новая папка (2)\x_dadcb2c4.jpg
✅ CRC OK: P:\Photo\Из Сети\Разные\Новая папка (2)\x_dadcb2c4.jpg (548a0a2f)
OK: P:\Photo\Из Сети\Разные\Новая папка (2)\x_e2931f45.jpg
✅ CRC OK: P:\Photo\Из Сети\Разные\Новая папка (2)\x_e2931f45.jpg (37eca6af)
OK: P:\Photo\Из Сети\Разные\Новая папка (2)\x_e9875f2b.jpg
✅ CRC OK: P:\Photo\Из Сети\Разные\Новая папка (2)\x_e9875f2b.jpg (d48ee814)
OK: P:\Photo\Из Сети\Разные\Осень 2006 года.jpg
✅ CRC OK: P:\Photo\Из Сети\Разные\Осень 2006 года.jpg (eb875d8a)
OK: P:\Photo\Из Сети\Разные\Первое сентября 07 (2).JPG
✅ CRC OK: P:\Photo\Из Сети\Разные\Первое сентября 07 (2).JPG (62f87a6a)
OK: P:\Photo\Из Сети\Разные\Первое сентября 07 (7).JPG
✅ CRC OK: P:\Photo\Из Сети\Разные\Первое сентября 07 (7).JPG (85be8c88)
OK: P:\Photo\Из Сети\Разные\Первое сентября 07.JPG
✅ CRC OK: P:\Photo\Из Сети\Разные\Первое сентября 07.JPG (d8687ff1)
OK: P:\Photo\Из Сети\Разные\Поворот DSC02825.JPG
✅ CRC OK: P:\Photo\Из Сети\Разные\Поворот DSC02825.JPG (46eaf63b)
OK: P:\Photo\Из Сети\Разные\Поворот DSC02830.JPG
✅ CRC OK: P:\Photo\Из Сети\Разные\Поворот DSC02830.JPG (ef0015c9)
OK: P:\Photo\Из Сети\Разные\Поворот DSC02831.JPG
✅ CRC OK: P:\Photo\Из Сети\Разные\Поворот DSC02831.JPG (5e858671)
OK: P:\Photo\Из Сети\Разные\Попки.jpg
✅ CRC OK: P:\Photo\Из Сети\Разные\Попки.jpg (1bbd5c17)
OK: P:\Photo\Из Сети\Разные\Последний звонок 07 (7).JPG
✅ CRC OK: P:\Photo\Из Сети\Разные\Последний звонок 07 (7).JPG (354ea09e)
OK: P:\Photo\Из Сети\Разные\Последний звонок 07.JPG
✅ CRC OK: P:\Photo\Из Сети\Разные\Последний звонок 07.JPG (43d2caf3)
OK: P:\Photo\Из Сети\Разные\СТРИПТИЗ.jpg
✅ CRC OK: P:\Photo\Из Сети\Разные\СТРИПТИЗ.jpg (a96b25bf)
OK: P:\Photo\Из Сети\Разные\Саша и Растафара.jpg
✅ CRC OK: P:\Photo\Из Сети\Разные\Саша и Растафара.jpg (9918274b)
OK: P:\Photo\Из Сети\Разные\Саша.jpg
✅ CRC OK: P:\Photo\Из Сети\Разные\Саша.jpg (a6fa9750)
OK: P:\Photo\Из Сети\Разные\Смотрю телек).JPG
✅ CRC OK: P:\Photo\Из Сети\Разные\Смотрю телек).JPG (f3b07557)
OK: P:\Photo\Из Сети\Разные\Танюха..jpg
✅ CRC OK: P:\Photo\Из Сети\Разные\Танюха..jpg (b47ba7f6)
OK: P:\Photo\Из Сети\Разные\Танюшенька.jpg
✅ CRC OK: P:\Photo\Из Сети\Разные\Танюшенька.jpg (cb3d08d3)
OK: P:\Photo\Из Сети\Разные\Таня1.jpg
✅ CRC OK: P:\Photo\Из Сети\Разные\Таня1.jpg (b5f6d32d)
OK: P:\Photo\Из Сети\Разные\Тёлка.jpg
✅ CRC OK: P:\Photo\Из Сети\Разные\Тёлка.jpg (0a8e1f6e)
OK: P:\Photo\Из Сети\Разные\У Катюшки 2.JPG
✅ CRC OK: P:\Photo\Из Сети\Разные\У Катюшки 2.JPG (174d3476)
OK: P:\Photo\Из Сети\Разные\Удачно расположилась.JPG
✅ CRC OK: P:\Photo\Из Сети\Разные\Удачно расположилась.JPG (51b04614)
OK: P:\Photo\Из Сети\Разные\Файна (1).JPG
✅ CRC OK: P:\Photo\Из Сети\Разные\Файна (1).JPG (dc074062)
OK: P:\Photo\Из Сети\Разные\Фо.jpg
✅ CRC OK: P:\Photo\Из Сети\Разные\Фо.jpg (379aa3fa)
OK: P:\Photo\Из Сети\Разные\Фотка-0011.jpg
✅ CRC OK: P:\Photo\Из Сети\Разные\Фотка-0011.jpg (abe7d636)
OK: P:\Photo\Из Сети\Разные\Фотка-0032.jpg
✅ CRC OK: P:\Photo\Из Сети\Разные\Фотка-0032.jpg (08145d6a)
OK: P:\Photo\Из Сети\Разные\Фотка-0048.jpg
✅ CRC OK: P:\Photo\Из Сети\Разные\Фотка-0048.jpg (54724553)
OK: P:\Photo\Из Сети\Разные\Фотка-0049.jpg
✅ CRC OK: P:\Photo\Из Сети\Разные\Фотка-0049.jpg (0de90d08)
OK: P:\Photo\Из Сети\Разные\Фотка-0051.jpg
✅ CRC OK: P:\Photo\Из Сети\Разные\Фотка-0051.jpg (d6c58d77)
OK: P:\Photo\Из Сети\Разные\Фотка-0052.jpg
✅ CRC OK: P:\Photo\Из Сети\Разные\Фотка-0052.jpg (5a17417c)
OK: P:\Photo\Из Сети\Разные\Фотка-0066.jpg
✅ CRC OK: P:\Photo\Из Сети\Разные\Фотка-0066.jpg (306b5928)
OK: P:\Photo\Из Сети\Разные\Фотка-0347Да..jpg
✅ CRC OK: P:\Photo\Из Сети\Разные\Фотка-0347Да..jpg (8cc46975)
OK: P:\Photo\Из Сети\Разные\Фотка-0359.jpg
✅ CRC OK: P:\Photo\Из Сети\Разные\Фотка-0359.jpg (93c0a9e4)
OK: P:\Photo\Из Сети\Разные\Фотка-0362.jpg
✅ CRC OK: P:\Photo\Из Сети\Разные\Фотка-0362.jpg (08252244)
OK: P:\Photo\Из Сети\Разные\Фото-0003.jpg
✅ CRC OK: P:\Photo\Из Сети\Разные\Фото-0003.jpg (8e7f8277)
OK: P:\Photo\Из Сети\Разные\Фото-0005.jpg
✅ CRC OK: P:\Photo\Из Сети\Разные\Фото-0005.jpg (d97a2780)
OK: P:\Photo\Из Сети\Разные\Фото-00056.jpg
✅ CRC OK: P:\Photo\Из Сети\Разные\Фото-00056.jpg (a5651173)
OK: P:\Photo\Из Сети\Разные\Фото-0006.jpg
✅ CRC OK: P:\Photo\Из Сети\Разные\Фото-0006.jpg (d52a1c60)
OK: P:\Photo\Из Сети\Разные\Фото-0007.jpg
✅ CRC OK: P:\Photo\Из Сети\Разные\Фото-0007.jpg (b9e87d32)
OK: P:\Photo\Из Сети\Разные\Фото-00071.jpg
✅ CRC OK: P:\Photo\Из Сети\Разные\Фото-00071.jpg (115ba9ae)
OK: P:\Photo\Из Сети\Разные\Фото-0010ы.JPG
✅ CRC OK: P:\Photo\Из Сети\Разные\Фото-0010ы.JPG (b2ff91d9)
OK: P:\Photo\Из Сети\Разные\Фото-0012.jpg
✅ CRC OK: P:\Photo\Из Сети\Разные\Фото-0012.jpg (818e9783)
OK: P:\Photo\Из Сети\Разные\Фото-0014.jpg
✅ CRC OK: P:\Photo\Из Сети\Разные\Фото-0014.jpg (894c9f29)
OK: P:\Photo\Из Сети\Разные\Фото-0018.jpg
✅ CRC OK: P:\Photo\Из Сети\Разные\Фото-0018.jpg (53826d1c)
OK: P:\Photo\Из Сети\Разные\Фото-0019.jpg
✅ CRC OK: P:\Photo\Из Сети\Разные\Фото-0019.jpg (5ace87b4)
OK: P:\Photo\Из Сети\Разные\Фото-0020.jpg
✅ CRC OK: P:\Photo\Из Сети\Разные\Фото-0020.jpg (d285156c)
OK: P:\Photo\Из Сети\Разные\Фото-0024.jpg
✅ CRC OK: P:\Photo\Из Сети\Разные\Фото-0024.jpg (fb5d1a69)
OK: P:\Photo\Из Сети\Разные\Фото-0026.jpg
✅ CRC OK: P:\Photo\Из Сети\Разные\Фото-0026.jpg (f2475e56)
OK: P:\Photo\Из Сети\Разные\Фото-0031.jpg
✅ CRC OK: P:\Photo\Из Сети\Разные\Фото-0031.jpg (4b2ffce9)
OK: P:\Photo\Из Сети\Разные\Фото-0033.jpg
✅ CRC OK: P:\Photo\Из Сети\Разные\Фото-0033.jpg (cfe1043f)
OK: P:\Photo\Из Сети\Разные\Фото-0060.jpg
✅ CRC OK: P:\Photo\Из Сети\Разные\Фото-0060.jpg (1ae25c49)
OK: P:\Photo\Из Сети\Разные\Фото-00d18.jpg
✅ CRC OK: P:\Photo\Из Сети\Разные\Фото-00d18.jpg (a01a1f5a)
OK: P:\Photo\Из Сети\Разные\Фото002.jpg
✅ CRC OK: P:\Photo\Из Сети\Разные\Фото002.jpg (dbe4a89a)
OK: P:\Photo\Из Сети\Разные\Фото004.jpg
✅ CRC OK: P:\Photo\Из Сети\Разные\Фото004.jpg (2d73e866)
OK: P:\Photo\Из Сети\Разные\Фото008.jpg
✅ CRC OK: P:\Photo\Из Сети\Разные\Фото008.jpg (d8cf0be8)
OK: P:\Photo\Из Сети\Разные\Фото1008.jpg
✅ CRC OK: P:\Photo\Из Сети\Разные\Фото1008.jpg (e2d46af1)
OK: P:\Photo\Из Сети\Разные\Фото1009.jpg
✅ CRC OK: P:\Photo\Из Сети\Разные\Фото1009.jpg (8aa7e916)
OK: P:\Photo\Из Сети\Разные\Фото639.jpg
✅ CRC OK: P:\Photo\Из Сети\Разные\Фото639.jpg (6553db2e)
OK: P:\Photo\Из Сети\Разные\ЧЕРНАЯ ПАНТЕРА 25.02.2006.JPG
✅ CRC OK: P:\Photo\Из Сети\Разные\ЧЕРНАЯ ПАНТЕРА 25.02.2006.JPG (e8afc898)
OK: P:\Photo\Из Сети\Разные\Это я.jpg
✅ CRC OK: P:\Photo\Из Сети\Разные\Это я.jpg (831b2449)
OK: P:\Photo\Из Сети\Разные\Юля Алиса я и Амина.JPG
✅ CRC OK: P:\Photo\Из Сети\Разные\Юля Алиса я и Амина.JPG (5a5436d7)
OK: P:\Photo\Из Сети\Разные\Юляшка на море (2).JPG
✅ CRC OK: P:\Photo\Из Сети\Разные\Юляшка на море (2).JPG (c86f2f6c)
OK: P:\Photo\Из Сети\Разные\Юляшка на море (4).JPG
✅ CRC OK: P:\Photo\Из Сети\Разные\Юляшка на море (4).JPG (c0c6795f)
OK: P:\Photo\Из Сети\Разные\Юляшка на море (6).JPG
✅ CRC OK: P:\Photo\Из Сети\Разные\Юляшка на море (6).JPG (70449167)
OK: P:\Photo\Из Сети\Разные\Юляшка.jpg
✅ CRC OK: P:\Photo\Из Сети\Разные\Юляшка.jpg (bdc1101a)
OK: P:\Photo\Из Сети\Разные\Юся я и Юличка.JPG
✅ CRC OK: P:\Photo\Из Сети\Разные\Юся я и Юличка.JPG (55554132)
OK: P:\Photo\Из Сети\Разные\Я ).JPG
✅ CRC OK: P:\Photo\Из Сети\Разные\Я ).JPG (d9498322)
OK: P:\Photo\Из Сети\Разные\Я в парке.JPG
✅ CRC OK: P:\Photo\Из Сети\Разные\Я в парке.JPG (b84a27c8)
OK: P:\Photo\Из Сети\Разные\Я в школе.jpg
✅ CRC OK: P:\Photo\Из Сети\Разные\Я в школе.jpg (5f4f43ff)
OK: P:\Photo\Из Сети\Разные\Я дома.jpg
✅ CRC OK: P:\Photo\Из Сети\Разные\Я дома.jpg (7cf4f5c8)
OK: P:\Photo\Из Сети\Разные\Я и Анютка.JPG
✅ CRC OK: P:\Photo\Из Сети\Разные\Я и Анютка.JPG (beac52b9)
OK: P:\Photo\Из Сети\Разные\Я и Валюшка.JPG
✅ CRC OK: P:\Photo\Из Сети\Разные\Я и Валюшка.JPG (2ed376cc)
OK: P:\Photo\Из Сети\Разные\Я и Денис(звездочка 5).JPG
✅ CRC OK: P:\Photo\Из Сети\Разные\Я и Денис(звездочка 5).JPG (b7261ffb)
OK: P:\Photo\Из Сети\Разные\Я и подруга (1.09.06).JPG
✅ CRC OK: P:\Photo\Из Сети\Разные\Я и подруга (1.09.06).JPG (ef0199e2)
OK: P:\Photo\Из Сети\Разные\Я и роза.jpg
✅ CRC OK: P:\Photo\Из Сети\Разные\Я и роза.jpg (104a5f0f)
OK: P:\Photo\Из Сети\Разные\Я любимая.jpg
✅ CRC OK: P:\Photo\Из Сети\Разные\Я любимая.jpg (4b25b21c)
OK: P:\Photo\Из Сети\Разные\Я с Олей.JPG
✅ CRC OK: P:\Photo\Из Сети\Разные\Я с Олей.JPG (d3c154e8)
OK: P:\Photo\Из Сети\Разные\Я с Юличкой.JPG
✅ CRC OK: P:\Photo\Из Сети\Разные\Я с Юличкой.JPG (941eb3f8)
OK: P:\Photo\Из Сети\Разные\Я(фотки с мобилы).jpg
✅ CRC OK: P:\Photo\Из Сети\Разные\Я(фотки с мобилы).jpg (0eeb2a79)
OK: P:\Photo\Из Сети\Разные\Я(фотки с телефона).jpg
✅ CRC OK: P:\Photo\Из Сети\Разные\Я(фотки с телефона).jpg (6f8644d2)
OK: P:\Photo\Из Сети\Разные\Я)).JPG
✅ CRC OK: P:\Photo\Из Сети\Разные\Я)).JPG (2262d2a7)
OK: P:\Photo\Из Сети\Разные\Я+Эля(фотки с мобилы).jpg
✅ CRC OK: P:\Photo\Из Сети\Разные\Я+Эля(фотки с мобилы).jpg (ba77a48a)
OK: P:\Photo\Из Сети\Разные\Я,Юлька.jpg
✅ CRC OK: P:\Photo\Из Сети\Разные\Я,Юлька.jpg (a04ec28e)
OK: P:\Photo\Из Сети\Разные\Я..jpg
✅ CRC OK: P:\Photo\Из Сети\Разные\Я..jpg (ee3b3317)
OK: P:\Photo\Из Сети\Разные\ЯНУСЯ.jpg
✅ CRC OK: P:\Photo\Из Сети\Разные\ЯНУСЯ.jpg (ed25a4f8)
OK: P:\Photo\Из Сети\Разные\ЯЯЯЯЯЯЯЯЯЯЯЯ.jpg
✅ CRC OK: P:\Photo\Из Сети\Разные\ЯЯЯЯЯЯЯЯЯЯЯЯ.jpg (ea74cba6)
OK: P:\Photo\Из Сети\Разные\Яна.jpg
✅ CRC OK: P:\Photo\Из Сети\Разные\Яна.jpg (67539417)
OK: P:\Photo\Из Сети\Разные\Яночка и Я)))).jpg
✅ CRC OK: P:\Photo\Из Сети\Разные\Яночка и Я)))).jpg (61689d69)
OK: P:\Photo\Из Сети\Разные\алина (2).jpg
✅ CRC OK: P:\Photo\Из Сети\Разные\алина (2).jpg (c801e527)
OK: P:\Photo\Из Сети\Разные\аля.JPG
✅ CRC OK: P:\Photo\Из Сети\Разные\аля.JPG (9a4e9718)
OK: P:\Photo\Из Сети\Разные\в лесу да ещё и с пушкой.JPG
✅ CRC OK: P:\Photo\Из Сети\Разные\в лесу да ещё и с пушкой.JPG (7f7ead18)
OK: P:\Photo\Из Сети\Разные\в ротик.jpg
✅ CRC OK: P:\Photo\Из Сети\Разные\в ротик.jpg (36f0da78)
OK: P:\Photo\Из Сети\Разные\ваапрн.jpeg
✅ CRC OK: P:\Photo\Из Сети\Разные\ваапрн.jpeg (e4abff2b)
OK: P:\Photo\Из Сети\Разные\вваааа1 (23).JPG
✅ CRC OK: P:\Photo\Из Сети\Разные\вваааа1 (23).JPG (355ddb69)
OK: P:\Photo\Из Сети\Разные\вввыt.jpg
✅ CRC OK: P:\Photo\Из Сети\Разные\вввыt.jpg (d7fe44f9)
OK: P:\Photo\Из Сети\Разные\во дворе с родст..JPG
✅ CRC OK: P:\Photo\Из Сети\Разные\во дворе с родст..JPG (bf17c2ae)
OK: P:\Photo\Из Сети\Разные\вот как.jpg
✅ CRC OK: P:\Photo\Из Сети\Разные\вот как.jpg (7e552c86)
OK: P:\Photo\Из Сети\Разные\вот такая Я.JPG
✅ CRC OK: P:\Photo\Из Сети\Разные\вот такая Я.JPG (ccf16f10)
OK: P:\Photo\Из Сети\Разные\гуляем.JPG
✅ CRC OK: P:\Photo\Из Сети\Разные\гуляем.JPG (37d8d39f)
OK: P:\Photo\Из Сети\Разные\египет1.jpg
✅ CRC OK: P:\Photo\Из Сети\Разные\египет1.jpg (04e894b6)
OK: P:\Photo\Из Сети\Разные\з.зщ.jpg
✅ CRC OK: P:\Photo\Из Сети\Разные\з.зщ.jpg (aefef392)
OK: P:\Photo\Из Сети\Разные\зад Билли и Риточки.JPG
✅ CRC OK: P:\Photo\Из Сети\Разные\зад Билли и Риточки.JPG (f819930d)
OK: P:\Photo\Из Сети\Разные\заюня.jpg
✅ CRC OK: P:\Photo\Из Сети\Разные\заюня.jpg (92331a04)
OK: P:\Photo\Из Сети\Разные\звездочка!(1).JPG
✅ CRC OK: P:\Photo\Из Сети\Разные\звездочка!(1).JPG (a6ff1130)
OK: P:\Photo\Из Сети\Разные\звездочка(3).JPG
✅ CRC OK: P:\Photo\Из Сети\Разные\звездочка(3).JPG (bfca76e2)
OK: P:\Photo\Из Сети\Разные\звездочка(4).JPG
✅ CRC OK: P:\Photo\Из Сети\Разные\звездочка(4).JPG (5897b276)
OK: P:\Photo\Из Сети\Разные\звездочка(6).JPG
✅ CRC OK: P:\Photo\Из Сети\Разные\звездочка(6).JPG (55283091)
OK: P:\Photo\Из Сети\Разные\звездочка.JPG
✅ CRC OK: P:\Photo\Из Сети\Разные\звездочка.JPG (c289776c)
OK: P:\Photo\Из Сети\Разные\зте3337.jpg
✅ CRC OK: P:\Photo\Из Сети\Разные\зте3337.jpg (4f828716)
OK: P:\Photo\Из Сети\Разные\и опять я.JPG
✅ CRC OK: P:\Photo\Из Сети\Разные\и опять я.JPG (234da3f5)
OK: P:\Photo\Из Сети\Разные\июнь-июль2007.jpg
✅ CRC OK: P:\Photo\Из Сети\Разные\июнь-июль2007.jpg (23c43438)
OK: P:\Photo\Из Сети\Разные\к4.jpg
✅ CRC OK: P:\Photo\Из Сети\Разные\к4.jpg (0053cfca)
OK: P:\Photo\Из Сети\Разные\карпаты 006.jpg
✅ CRC OK: P:\Photo\Из Сети\Разные\карпаты 006.jpg (7a7f228d)
OK: P:\Photo\Из Сети\Разные\кен7шл1.jpg
✅ CRC OK: P:\Photo\Из Сети\Разные\кен7шл1.jpg (32d8c72a)
OK: P:\Photo\Из Сети\Разные\кк.jpg
✅ CRC OK: P:\Photo\Из Сети\Разные\кк.jpg (1f07e3b2)
OK: P:\Photo\Из Сети\Разные\кнгTEdit.jpg
✅ CRC OK: P:\Photo\Из Сети\Разные\кнгTEdit.jpg (50f14a23)
OK: P:\Photo\Из Сети\Разные\красопета).JPG
✅ CRC OK: P:\Photo\Из Сети\Разные\красопета).JPG (0f434ad3)
OK: P:\Photo\Из Сети\Разные\красотка.jpg
✅ CRC OK: P:\Photo\Из Сети\Разные\красотка.jpg (13dfeeba)
OK: P:\Photo\Из Сети\Разные\лЁСЕНЬКА.jpg
✅ CRC OK: P:\Photo\Из Сети\Разные\лЁСЕНЬКА.jpg (7e2d7196)
OK: P:\Photo\Из Сети\Разные\летом на море(я).JPG
✅ CRC OK: P:\Photo\Из Сети\Разные\летом на море(я).JPG (0958cb81)
OK: P:\Photo\Из Сети\Разные\манька.jpg
✅ CRC OK: P:\Photo\Из Сети\Разные\манька.jpg (7a12495a)
OK: P:\Photo\Из Сети\Разные\мы на старом салтове2.jpg
✅ CRC OK: P:\Photo\Из Сети\Разные\мы на старом салтове2.jpg (da6a2391)
OK: P:\Photo\Из Сети\Разные\мы с Алиской в деле.JPG
✅ CRC OK: P:\Photo\Из Сети\Разные\мы с Алиской в деле.JPG (7b3ab60a)
OK: P:\Photo\Из Сети\Разные\на Мисс онет.JPG
✅ CRC OK: P:\Photo\Из Сети\Разные\на Мисс онет.JPG (34825f9d)
OK: P:\Photo\Из Сети\Разные\на каскаде!.JPG
✅ CRC OK: P:\Photo\Из Сети\Разные\на каскаде!.JPG (2a3e844c)
OK: P:\Photo\Из Сети\Разные\на море.jpg
✅ CRC OK: P:\Photo\Из Сети\Разные\на море.jpg (dddfc123)
OK: P:\Photo\Из Сети\Разные\на речке).JPG
✅ CRC OK: P:\Photo\Из Сети\Разные\на речке).JPG (5748dea7)
OK: P:\Photo\Из Сети\Разные\новые фотки 014.jpg
✅ CRC OK: P:\Photo\Из Сети\Разные\новые фотки 014.jpg (47f88d4e)
OK: P:\Photo\Из Сети\Разные\ну как вам мои ножки.jpg
✅ CRC OK: P:\Photo\Из Сети\Разные\ну как вам мои ножки.jpg (27fadadd)
OK: P:\Photo\Из Сети\Разные\около лицея.jpg
✅ CRC OK: P:\Photo\Из Сети\Разные\около лицея.jpg (6f896f3e)
OK: P:\Photo\Из Сети\Разные\подружка.jpg
✅ CRC OK: P:\Photo\Из Сети\Разные\подружка.jpg (7fe59c7d)
OK: P:\Photo\Из Сети\Разные\попка.jpg
✅ CRC OK: P:\Photo\Из Сети\Разные\попка.jpg (bf23e984)
OK: P:\Photo\Из Сети\Разные\прелесть )).JPG
✅ CRC OK: P:\Photo\Из Сети\Разные\прелесть )).JPG (0c52f787)
OK: P:\Photo\Из Сети\Разные\просто я).jpg
✅ CRC OK: P:\Photo\Из Сети\Разные\просто я).jpg (b2c48dff)
OK: P:\Photo\Из Сети\Разные\с розочкой!.JPG
✅ CRC OK: P:\Photo\Из Сети\Разные\с розочкой!.JPG (3033dce7)
OK: P:\Photo\Из Сети\Разные\сесирички.jpg
✅ CRC OK: P:\Photo\Из Сети\Разные\сесирички.jpg (1a16af88)
OK: P:\Photo\Из Сети\Разные\сестричка.JPG
✅ CRC OK: P:\Photo\Из Сети\Разные\сестричка.JPG (fa8ace5b)
OK: P:\Photo\Из Сети\Разные\сестрички.jpg
✅ CRC OK: P:\Photo\Из Сети\Разные\сестрички.jpg (70eb5330)
OK: P:\Photo\Из Сети\Разные\старая фотка,но моя.JPG
✅ CRC OK: P:\Photo\Из Сети\Разные\старая фотка,но моя.JPG (9faa2da0)
OK: P:\Photo\Из Сети\Разные\супер.jpg
✅ CRC OK: P:\Photo\Из Сети\Разные\супер.jpg (2512827a)
OK: P:\Photo\Из Сети\Разные\сходка, все девчёнки 55.JPG
✅ CRC OK: P:\Photo\Из Сети\Разные\сходка, все девчёнки 55.JPG (48b58216)
OK: P:\Photo\Из Сети\Разные\татьяна,,,.jpg
✅ CRC OK: P:\Photo\Из Сети\Разные\татьяна,,,.jpg (793cae0e)
OK: P:\Photo\Из Сети\Разные\тря ля ля.JPG
✅ CRC OK: P:\Photo\Из Сети\Разные\тря ля ля.JPG (2af1db85)
OK: P:\Photo\Из Сети\Разные\у стеночки_hf.jpg
✅ CRC OK: P:\Photo\Из Сети\Разные\у стеночки_hf.jpg (482d5025)
OK: P:\Photo\Из Сети\Разные\улыбка на все 32!.JPG
✅ CRC OK: P:\Photo\Из Сети\Разные\улыбка на все 32!.JPG (8ca591c6)
OK: P:\Photo\Из Сети\Разные\ууу какая я!!!!.JPG
✅ CRC OK: P:\Photo\Из Сети\Разные\ууу какая я!!!!.JPG (ac671cf1)
OK: P:\Photo\Из Сети\Разные\фея.JPG
✅ CRC OK: P:\Photo\Из Сети\Разные\фея.JPG (64c98d2b)
OK: P:\Photo\Из Сети\Разные\фотка 12.jpg
✅ CRC OK: P:\Photo\Из Сети\Разные\фотка 12.jpg (af4a2b03)
OK: P:\Photo\Из Сети\Разные\цветная.JPG
✅ CRC OK: P:\Photo\Из Сети\Разные\цветная.JPG (448cc99d)
OK: P:\Photo\Из Сети\Разные\черно-белая.JPG
✅ CRC OK: P:\Photo\Из Сети\Разные\черно-белая.JPG (d0eb3d2b)
OK: P:\Photo\Из Сети\Разные\чмякс.JPG
✅ CRC OK: P:\Photo\Из Сети\Разные\чмякс.JPG (5209526a)
OK: P:\Photo\Из Сети\Разные\щзз.jpg
✅ CRC OK: P:\Photo\Из Сети\Разные\щзз.jpg (fbdcdcae)
OK: P:\Photo\Из Сети\Разные\эт я.jpg
✅ CRC OK: P:\Photo\Из Сети\Разные\эт я.jpg (6412110a)
OK: P:\Photo\Из Сети\Разные\эта я.JPG
✅ CRC OK: P:\Photo\Из Сети\Разные\эта я.JPG (7376f1be)
OK: P:\Photo\Из Сети\Разные\это я!!!!!!.jpg
✅ CRC OK: P:\Photo\Из Сети\Разные\это я!!!!!!.jpg (cec72cdd)
OK: P:\Photo\Из Сети\Разные\юю.JPG
✅ CRC OK: P:\Photo\Из Сети\Разные\юю.JPG (ea735967)
OK: P:\Photo\Из Сети\Разные\я (1).JPG
✅ CRC OK: P:\Photo\Из Сети\Разные\я (1).JPG (eb315ecb)
OK: P:\Photo\Из Сети\Разные\я (2).JPG
✅ CRC OK: P:\Photo\Из Сети\Разные\я (2).JPG (7905aad2)
OK: P:\Photo\Из Сети\Разные\я (4).JPG
✅ CRC OK: P:\Photo\Из Сети\Разные\я (4).JPG (e3b933c9)
OK: P:\Photo\Из Сети\Разные\я (6).jpg
✅ CRC OK: P:\Photo\Из Сети\Разные\я (6).jpg (b5317bda)
OK: P:\Photo\Из Сети\Разные\я 16 лет.jpg
✅ CRC OK: P:\Photo\Из Сети\Разные\я 16 лет.jpg (b85f5aa3)
OK: P:\Photo\Из Сети\Разные\я Крошка Vali4ka5.JPG
✅ CRC OK: P:\Photo\Из Сети\Разные\я Крошка Vali4ka5.JPG (9762fbae)
OK: P:\Photo\Из Сети\Разные\я возле окна.JPG
✅ CRC OK: P:\Photo\Из Сети\Разные\я возле окна.JPG (38a9e5c3)
OK: P:\Photo\Из Сети\Разные\я и Ангелок.jpg
✅ CRC OK: P:\Photo\Из Сети\Разные\я и Ангелок.jpg (562a6821)
OK: P:\Photo\Из Сети\Разные\я и Валюша.JPG
✅ CRC OK: P:\Photo\Из Сети\Разные\я и Валюша.JPG (b4a14c74)
OK: P:\Photo\Из Сети\Разные\я и Валюшенька.JPG
✅ CRC OK: P:\Photo\Из Сети\Разные\я и Валюшенька.JPG (0618d7dd)
OK: P:\Photo\Из Сети\Разные\я и забыла!!!.JPG
✅ CRC OK: P:\Photo\Из Сети\Разные\я и забыла!!!.JPG (1b508bc7)
OK: P:\Photo\Из Сети\Разные\я на диванчике.jpg
✅ CRC OK: P:\Photo\Из Сети\Разные\я на диванчике.jpg (3ad596f5)
OK: P:\Photo\Из Сети\Разные\я на улице.jpg
✅ CRC OK: P:\Photo\Из Сети\Разные\я на улице.jpg (6d26ae87)
OK: P:\Photo\Из Сети\Разные\я посрединке.jpg
✅ CRC OK: P:\Photo\Из Сети\Разные\я посрединке.jpg (58088ad1)
OK: P:\Photo\Из Сети\Разные\я с одногруппницей.JPG
✅ CRC OK: P:\Photo\Из Сети\Разные\я с одногруппницей.JPG (1fde1c7a)
OK: P:\Photo\Из Сети\Разные\я(фотка в плохом качестве получилась((((.jpg
✅ CRC OK: P:\Photo\Из Сети\Разные\я(фотка в плохом качестве получилась((((.jpg (96ee03e1)
OK: P:\Photo\Из Сети\Разные\я))).jpg
✅ CRC OK: P:\Photo\Из Сети\Разные\я))).jpg (fe762fa1)
OK: P:\Photo\Из Сети\Разные\я.JPG
✅ CRC OK: P:\Photo\Из Сети\Разные\я.JPG (03c3e634)
OK: P:\Photo\Из Сети\Разные\я3.jpg
✅ CRC OK: P:\Photo\Из Сети\Разные\я3.jpg (8caa943e)
OK: P:\Photo\Из Сети\Разные\я=).wmv
✅ CRC OK: P:\Photo\Из Сети\Разные\я=).wmv (8f9ab9b3)
OK: P:\Photo\Из Сети\Разные\яна женя.JPG
✅ CRC OK: P:\Photo\Из Сети\Разные\яна женя.JPG (0ff6ae24)
OK: P:\Photo\Из Сети\Регина
OK: P:\Photo\Из Сети\Регина\maxresdefault.jpg
✅ CRC OK: P:\Photo\Из Сети\Регина\maxresdefault.jpg (011d4749)
OK: P:\Photo\Из Сети\Саша Потемкина
OK: P:\Photo\Из Сети\Саша Потемкина\1__UMTzQMQ0.jpg
✅ CRC OK: P:\Photo\Из Сети\Саша Потемкина\1__UMTzQMQ0.jpg (720f125f)
OK: P:\Photo\Из Сети\Саша Потемкина\81fGkO0dAlE.jpg
✅ CRC OK: P:\Photo\Из Сети\Саша Потемкина\81fGkO0dAlE.jpg (cfafe30c)
OK: P:\Photo\Из Сети\Саша Потемкина\MhAMuTG_Jh4.jpg
✅ CRC OK: P:\Photo\Из Сети\Саша Потемкина\MhAMuTG_Jh4.jpg (12ad0e20)
OK: P:\Photo\Из Сети\Саша Потемкина\N0b7f_rk4gA.jpg
✅ CRC OK: P:\Photo\Из Сети\Саша Потемкина\N0b7f_rk4gA.jpg (b9d9e905)
OK: P:\Photo\Из Сети\Саша Потемкина\PaOQUsjxEwc.jpg
✅ CRC OK: P:\Photo\Из Сети\Саша Потемкина\PaOQUsjxEwc.jpg (32a415fb)
OK: P:\Photo\Из Сети\Саша Потемкина\Uso_l5lezaw.jpg
✅ CRC OK: P:\Photo\Из Сети\Саша Потемкина\Uso_l5lezaw.jpg (c7a49c33)
OK: P:\Photo\Из Сети\Саша Потемкина\cl-wZ9Ee2a4.jpg
✅ CRC OK: P:\Photo\Из Сети\Саша Потемкина\cl-wZ9Ee2a4.jpg (118fe075)
OK: P:\Photo\Из Сети\Саша Потемкина\hda_40DB-uk.jpg
✅ CRC OK: P:\Photo\Из Сети\Саша Потемкина\hda_40DB-uk.jpg (6ee5b0ff)
OK: P:\Photo\Из Сети\Саша Потемкина\pZ3Df2Vw6AM.jpg
✅ CRC OK: P:\Photo\Из Сети\Саша Потемкина\pZ3Df2Vw6AM.jpg (6f72b8aa)
OK: P:\Photo\Из Сети\Саша Потемкина\r3-hTs-GLhU.jpg
✅ CRC OK: P:\Photo\Из Сети\Саша Потемкина\r3-hTs-GLhU.jpg (a1d8ea1c)
OK: P:\Photo\Из Сети\Саша Потемкина\wH8VICYKefc.jpg
✅ CRC OK: P:\Photo\Из Сети\Саша Потемкина\wH8VICYKefc.jpg (cc5be2c8)
OK: P:\Photo\Из Сети\Сонечка
OK: P:\Photo\Из Сети\Сонечка\001.jpg
✅ CRC OK: P:\Photo\Из Сети\Сонечка\001.jpg (7f42eb91)
OK: P:\Photo\Из Сети\Сонечка\0010.jpg
✅ CRC OK: P:\Photo\Из Сети\Сонечка\0010.jpg (ef7c51b7)
OK: P:\Photo\Из Сети\Сонечка\0011.jpg
✅ CRC OK: P:\Photo\Из Сети\Сонечка\0011.jpg (d67fc0e3)
OK: P:\Photo\Из Сети\Сонечка\0012.jpg
✅ CRC OK: P:\Photo\Из Сети\Сонечка\0012.jpg (9b48ecf5)
OK: P:\Photo\Из Сети\Сонечка\0013.jpg
✅ CRC OK: P:\Photo\Из Сети\Сонечка\0013.jpg (b2522ee0)
OK: P:\Photo\Из Сети\Сонечка\0014.jpg
✅ CRC OK: P:\Photo\Из Сети\Сонечка\0014.jpg (91728e39)
OK: P:\Photo\Из Сети\Сонечка\0015.jpg
✅ CRC OK: P:\Photo\Из Сети\Сонечка\0015.jpg (5d8db85c)
OK: P:\Photo\Из Сети\Сонечка\0016.jpg
✅ CRC OK: P:\Photo\Из Сети\Сонечка\0016.jpg (7c95b2d9)
OK: P:\Photo\Из Сети\Сонечка\0017.jpg
✅ CRC OK: P:\Photo\Из Сети\Сонечка\0017.jpg (ae393437)
OK: P:\Photo\Из Сети\Сонечка\0018.jpg
✅ CRC OK: P:\Photo\Из Сети\Сонечка\0018.jpg (e245976e)
OK: P:\Photo\Из Сети\Сонечка\0019.jpg
✅ CRC OK: P:\Photo\Из Сети\Сонечка\0019.jpg (b670f6a5)
OK: P:\Photo\Из Сети\Сонечка\002.jpg
✅ CRC OK: P:\Photo\Из Сети\Сонечка\002.jpg (2e75367c)
OK: P:\Photo\Из Сети\Сонечка\0020.jpg
✅ CRC OK: P:\Photo\Из Сети\Сонечка\0020.jpg (b9621b82)
OK: P:\Photo\Из Сети\Сонечка\0021.jpg
✅ CRC OK: P:\Photo\Из Сети\Сонечка\0021.jpg (824b0bc0)
OK: P:\Photo\Из Сети\Сонечка\0022.jpg
✅ CRC OK: P:\Photo\Из Сети\Сонечка\0022.jpg (8075e64d)
OK: P:\Photo\Из Сети\Сонечка\0023.jpg
✅ CRC OK: P:\Photo\Из Сети\Сонечка\0023.jpg (ba4d28be)
OK: P:\Photo\Из Сети\Сонечка\0024.jpg
✅ CRC OK: P:\Photo\Из Сети\Сонечка\0024.jpg (7e777e5a)
OK: P:\Photo\Из Сети\Сонечка\0025.jpg
✅ CRC OK: P:\Photo\Из Сети\Сонечка\0025.jpg (2f4ba5b7)
OK: P:\Photo\Из Сети\Сонечка\0026.jpg
✅ CRC OK: P:\Photo\Из Сети\Сонечка\0026.jpg (e5ba5e1b)
OK: P:\Photo\Из Сети\Сонечка\0027.jpg
✅ CRC OK: P:\Photo\Из Сети\Сонечка\0027.jpg (57ba02b6)
OK: P:\Photo\Из Сети\Сонечка\0028.jpg
✅ CRC OK: P:\Photo\Из Сети\Сонечка\0028.jpg (4ed83634)
OK: P:\Photo\Из Сети\Сонечка\0029.jpg
✅ CRC OK: P:\Photo\Из Сети\Сонечка\0029.jpg (b7abb2f4)
OK: P:\Photo\Из Сети\Сонечка\003.jpg
✅ CRC OK: P:\Photo\Из Сети\Сонечка\003.jpg (094f5b13)
OK: P:\Photo\Из Сети\Сонечка\0030.jpg
✅ CRC OK: P:\Photo\Из Сети\Сонечка\0030.jpg (d3cfe1f7)
OK: P:\Photo\Из Сети\Сонечка\0031.jpg
✅ CRC OK: P:\Photo\Из Сети\Сонечка\0031.jpg (bb0fcf04)
OK: P:\Photo\Из Сети\Сонечка\0032.jpg
✅ CRC OK: P:\Photo\Из Сети\Сонечка\0032.jpg (8a038407)
OK: P:\Photo\Из Сети\Сонечка\0033.jpg
✅ CRC OK: P:\Photo\Из Сети\Сонечка\0033.jpg (4385cae9)
OK: P:\Photo\Из Сети\Сонечка\0034.jpg
✅ CRC OK: P:\Photo\Из Сети\Сонечка\0034.jpg (8c9e5388)
OK: P:\Photo\Из Сети\Сонечка\0035.jpg
✅ CRC OK: P:\Photo\Из Сети\Сонечка\0035.jpg (699e2430)
OK: P:\Photo\Из Сети\Сонечка\0036.jpg
✅ CRC OK: P:\Photo\Из Сети\Сонечка\0036.jpg (9fc94456)
OK: P:\Photo\Из Сети\Сонечка\0037.jpg
✅ CRC OK: P:\Photo\Из Сети\Сонечка\0037.jpg (1e670ab0)
OK: P:\Photo\Из Сети\Сонечка\0038.jpg
✅ CRC OK: P:\Photo\Из Сети\Сонечка\0038.jpg (02545f2f)
OK: P:\Photo\Из Сети\Сонечка\004.jpg
✅ CRC OK: P:\Photo\Из Сети\Сонечка\004.jpg (b1deb9f5)
OK: P:\Photo\Из Сети\Сонечка\005.jpg
✅ CRC OK: P:\Photo\Из Сети\Сонечка\005.jpg (fdad004f)
OK: P:\Photo\Из Сети\Сонечка\006.jpg
✅ CRC OK: P:\Photo\Из Сети\Сонечка\006.jpg (ee4ac32f)
OK: P:\Photo\Из Сети\Сонечка\007.jpg
✅ CRC OK: P:\Photo\Из Сети\Сонечка\007.jpg (4143b613)
OK: P:\Photo\Из Сети\Сонечка\008.jpg
✅ CRC OK: P:\Photo\Из Сети\Сонечка\008.jpg (fb4ceebe)
OK: P:\Photo\Из Сети\Сонечка\009.jpg
✅ CRC OK: P:\Photo\Из Сети\Сонечка\009.jpg (5d3a2752)
OK: P:\Photo\Из Сети\Сонечка\0BYvFu1ygiQ.jpg
✅ CRC OK: P:\Photo\Из Сети\Сонечка\0BYvFu1ygiQ.jpg (2c9c0135)
OK: P:\Photo\Из Сети\Сонечка\0T8nwCSD0Io.jpg
✅ CRC OK: P:\Photo\Из Сети\Сонечка\0T8nwCSD0Io.jpg (ad41d814)
OK: P:\Photo\Из Сети\Сонечка\1.jpg
✅ CRC OK: P:\Photo\Из Сети\Сонечка\1.jpg (2d799843)
OK: P:\Photo\Из Сети\Сонечка\13597571_1070619362974429_1961243063_n.jpg
✅ CRC OK: P:\Photo\Из Сети\Сонечка\13597571_1070619362974429_1961243063_n.jpg (f49ffdc4)
OK: P:\Photo\Из Сети\Сонечка\13658570_936076743204508_722967670_n.jpg
✅ CRC OK: P:\Photo\Из Сети\Сонечка\13658570_936076743204508_722967670_n.jpg (ac0101fb)
OK: P:\Photo\Из Сети\Сонечка\13741223_160979507665388_507802356_n.jpg
✅ CRC OK: P:\Photo\Из Сети\Сонечка\13741223_160979507665388_507802356_n.jpg (ac8c806e)
OK: P:\Photo\Из Сети\Сонечка\14482950_808204925988467_6581615409173102592_n.jpg
✅ CRC OK: P:\Photo\Из Сети\Сонечка\14482950_808204925988467_6581615409173102592_n.jpg (8fe10846)
OK: P:\Photo\Из Сети\Сонечка\14701259_1283102945087153_6592922340076552192_n.jpg
✅ CRC OK: P:\Photo\Из Сети\Сонечка\14701259_1283102945087153_6592922340076552192_n.jpg (f903da53)
OK: P:\Photo\Из Сети\Сонечка\16124184_1801865960074851_7698358939661893632_n.jpg
✅ CRC OK: P:\Photo\Из Сети\Сонечка\16124184_1801865960074851_7698358939661893632_n.jpg (1daa6556)
OK: P:\Photo\Из Сети\Сонечка\17077484_922338897908858_4237676521080225792_n.jpg
✅ CRC OK: P:\Photo\Из Сети\Сонечка\17077484_922338897908858_4237676521080225792_n.jpg (bf8067c2)
OK: P:\Photo\Из Сети\Сонечка\17126107_1708195166138503_1909030826117431296_n.jpg
✅ CRC OK: P:\Photo\Из Сети\Сонечка\17126107_1708195166138503_1909030826117431296_n.jpg (df8f4e19)
OK: P:\Photo\Из Сети\Сонечка\1724209572492.jpeg
✅ CRC OK: P:\Photo\Из Сети\Сонечка\1724209572492.jpeg (73981153)
OK: P:\Photo\Из Сети\Сонечка\17587118_1910795709155328_2569951178288791552_n.jpg
✅ CRC OK: P:\Photo\Из Сети\Сонечка\17587118_1910795709155328_2569951178288791552_n.jpg (a960a4dc)
OK: P:\Photo\Из Сети\Сонечка\17596381_442253879457144_917540988795224064_n.jpg
✅ CRC OK: P:\Photo\Из Сети\Сонечка\17596381_442253879457144_917540988795224064_n.jpg (7b9e824a)
OK: P:\Photo\Из Сети\Сонечка\17818258_123358971539100_3292301021765697536_n.jpg
✅ CRC OK: P:\Photo\Из Сети\Сонечка\17818258_123358971539100_3292301021765697536_n.jpg (1ac2b589)
OK: P:\Photo\Из Сети\Сонечка\18094953_1902071123396469_9118838928076439552_n.jpg
✅ CRC OK: P:\Photo\Из Сети\Сонечка\18094953_1902071123396469_9118838928076439552_n.jpg (58f37a5f)
OK: P:\Photo\Из Сети\Сонечка\18512522_454074324941377_1567203162236911616_n.jpg
✅ CRC OK: P:\Photo\Из Сети\Сонечка\18512522_454074324941377_1567203162236911616_n.jpg (31dafe2a)
OK: P:\Photo\Из Сети\Сонечка\18580404_324824091315602_1784959816620310528_n.jpg
✅ CRC OK: P:\Photo\Из Сети\Сонечка\18580404_324824091315602_1784959816620310528_n.jpg (218af13d)
OK: P:\Photo\Из Сети\Сонечка\2.jpg
✅ CRC OK: P:\Photo\Из Сети\Сонечка\2.jpg (7eb8c40c)
OK: P:\Photo\Из Сети\Сонечка\20393564_622468321261687_7224579705670729728_n.jpg
✅ CRC OK: P:\Photo\Из Сети\Сонечка\20393564_622468321261687_7224579705670729728_n.jpg (59f09f58)
OK: P:\Photo\Из Сети\Сонечка\21433456_121689198488511_8601261258278174720_n.jpg
✅ CRC OK: P:\Photo\Из Сети\Сонечка\21433456_121689198488511_8601261258278174720_n.jpg (7787460d)
OK: P:\Photo\Из Сети\Сонечка\22427362_248581685668769_2834822404138598400_n.jpg
✅ CRC OK: P:\Photo\Из Сети\Сонечка\22427362_248581685668769_2834822404138598400_n.jpg (aae08f7b)
OK: P:\Photo\Из Сети\Сонечка\25007709_714819825376783_5829105119932710912_n.jpg
✅ CRC OK: P:\Photo\Из Сети\Сонечка\25007709_714819825376783_5829105119932710912_n.jpg (165380ea)
OK: P:\Photo\Из Сети\Сонечка\26296093_175306756568537_844404447432933376_n.jpg
✅ CRC OK: P:\Photo\Из Сети\Сонечка\26296093_175306756568537_844404447432933376_n.jpg (d5813e4b)
OK: P:\Photo\Из Сети\Сонечка\26871498_957531654384651_3449990737448402944_n.jpg
✅ CRC OK: P:\Photo\Из Сети\Сонечка\26871498_957531654384651_3449990737448402944_n.jpg (4e4d1a83)
OK: P:\Photo\Из Сети\Сонечка\26872396_420932644987514_2061088452400644096_n.jpg
✅ CRC OK: P:\Photo\Из Сети\Сонечка\26872396_420932644987514_2061088452400644096_n.jpg (ad3c0185)
OK: P:\Photo\Из Сети\Сонечка\30603912_2049028135340399_8994285860039950336_n.jpg
✅ CRC OK: P:\Photo\Из Сети\Сонечка\30603912_2049028135340399_8994285860039950336_n.jpg (0c900bcf)
OK: P:\Photo\Из Сети\Сонечка\30884774_245852129292932_6248676394860019712_n.jpg
✅ CRC OK: P:\Photo\Из Сети\Сонечка\30884774_245852129292932_6248676394860019712_n.jpg (be315612)
OK: P:\Photo\Из Сети\Сонечка\31007036_440061963112103_6485234526279696384_n.jpg
✅ CRC OK: P:\Photo\Из Сети\Сонечка\31007036_440061963112103_6485234526279696384_n.jpg (29ed42e0)
OK: P:\Photo\Из Сети\Сонечка\32503894_184627418902737_5656668195952525312_n.jpg
✅ CRC OK: P:\Photo\Из Сети\Сонечка\32503894_184627418902737_5656668195952525312_n.jpg (aaaf8596)
OK: P:\Photo\Из Сети\Сонечка\34276092_196486011174794_3185931376381657088_n.jpg
✅ CRC OK: P:\Photo\Из Сети\Сонечка\34276092_196486011174794_3185931376381657088_n.jpg (4c799028)
OK: P:\Photo\Из Сети\Сонечка\36147729_471605509956518_8045328890576502784_n.jpg
✅ CRC OK: P:\Photo\Из Сети\Сонечка\36147729_471605509956518_8045328890576502784_n.jpg (551e5c39)
OK: P:\Photo\Из Сети\Сонечка\3jZWXAZoDJA.jpg
✅ CRC OK: P:\Photo\Из Сети\Сонечка\3jZWXAZoDJA.jpg (a16247ee)
OK: P:\Photo\Из Сети\Сонечка\3tz_U1U85Dg.jpg
✅ CRC OK: P:\Photo\Из Сети\Сонечка\3tz_U1U85Dg.jpg (227c2503)
OK: P:\Photo\Из Сети\Сонечка\4rEbkxVUSPU.jpg
✅ CRC OK: P:\Photo\Из Сети\Сонечка\4rEbkxVUSPU.jpg (817d0ac5)
OK: P:\Photo\Из Сети\Сонечка\973324.jpg
✅ CRC OK: P:\Photo\Из Сети\Сонечка\973324.jpg (31d98fcd)
OK: P:\Photo\Из Сети\Сонечка\B17EqCq43Ag.jpg
✅ CRC OK: P:\Photo\Из Сети\Сонечка\B17EqCq43Ag.jpg (93a5f599)
OK: P:\Photo\Из Сети\Сонечка\IuFTvNCO7iM.jpg
✅ CRC OK: P:\Photo\Из Сети\Сонечка\IuFTvNCO7iM.jpg (79426874)
OK: P:\Photo\Из Сети\Сонечка\Kl38xV-Cr0g.jpg
✅ CRC OK: P:\Photo\Из Сети\Сонечка\Kl38xV-Cr0g.jpg (75e58d6c)
OK: P:\Photo\Из Сети\Сонечка\L73TeJ5NkPY.jpg
✅ CRC OK: P:\Photo\Из Сети\Сонечка\L73TeJ5NkPY.jpg (713023a5)
OK: P:\Photo\Из Сети\Сонечка\LHEE7Cdv_Cs.jpg
✅ CRC OK: P:\Photo\Из Сети\Сонечка\LHEE7Cdv_Cs.jpg (a601b6ae)
OK: P:\Photo\Из Сети\Сонечка\NVcdQgDPcaI.jpg
✅ CRC OK: P:\Photo\Из Сети\Сонечка\NVcdQgDPcaI.jpg (18037bc6)
OK: P:\Photo\Из Сети\Сонечка\Pan5mGsHynY.jpg
✅ CRC OK: P:\Photo\Из Сети\Сонечка\Pan5mGsHynY.jpg (d20cc7e4)
OK: P:\Photo\Из Сети\Сонечка\WDVAsyUO2SQ.jpg
✅ CRC OK: P:\Photo\Из Сети\Сонечка\WDVAsyUO2SQ.jpg (c95c2248)
OK: P:\Photo\Из Сети\Сонечка\avatar (1).jpg
✅ CRC OK: P:\Photo\Из Сети\Сонечка\avatar (1).jpg (3f347675)
OK: P:\Photo\Из Сети\Сонечка\avatar (2).jpg
✅ CRC OK: P:\Photo\Из Сети\Сонечка\avatar (2).jpg (2b35fb36)
OK: P:\Photo\Из Сети\Сонечка\avatar (3).jpg
✅ CRC OK: P:\Photo\Из Сети\Сонечка\avatar (3).jpg (dd5d250c)
OK: P:\Photo\Из Сети\Сонечка\avatar (4).jpg
✅ CRC OK: P:\Photo\Из Сети\Сонечка\avatar (4).jpg (73e015a3)
OK: P:\Photo\Из Сети\Сонечка\avatar.jpg
✅ CRC OK: P:\Photo\Из Сети\Сонечка\avatar.jpg (6071cb00)
OK: P:\Photo\Из Сети\Сонечка\g0HiS0bdFj0.jpg
✅ CRC OK: P:\Photo\Из Сети\Сонечка\g0HiS0bdFj0.jpg (33eada88)
OK: P:\Photo\Из Сети\Сонечка\g0TdlvG32TQ.jpg
✅ CRC OK: P:\Photo\Из Сети\Сонечка\g0TdlvG32TQ.jpg (5a37389a)
OK: P:\Photo\Из Сети\Сонечка\j7vD1G65A4Q.jpg
✅ CRC OK: P:\Photo\Из Сети\Сонечка\j7vD1G65A4Q.jpg (0ed98081)
OK: P:\Photo\Из Сети\Сонечка\kKZekHbLJX0.jpg
✅ CRC OK: P:\Photo\Из Сети\Сонечка\kKZekHbLJX0.jpg (64629cf0)
OK: P:\Photo\Из Сети\Сонечка\mX67BfzFbpc.jpg
✅ CRC OK: P:\Photo\Из Сети\Сонечка\mX67BfzFbpc.jpg (89b5ee9a)
OK: P:\Photo\Из Сети\Сонечка\o15wIG7NV0Y.jpg
✅ CRC OK: P:\Photo\Из Сети\Сонечка\o15wIG7NV0Y.jpg (e96c8c6f)
OK: P:\Photo\Из Сети\Сонечка\oLnW_11LVxM.jpg
✅ CRC OK: P:\Photo\Из Сети\Сонечка\oLnW_11LVxM.jpg (bfb39a01)
OK: P:\Photo\Из Сети\Сонечка\oyd2uRdRgLw.jpg
✅ CRC OK: P:\Photo\Из Сети\Сонечка\oyd2uRdRgLw.jpg (bdcaf7b1)
OK: P:\Photo\Из Сети\Сонечка\pG5Pb4sMtFQ.jpg
✅ CRC OK: P:\Photo\Из Сети\Сонечка\pG5Pb4sMtFQ.jpg (f501435a)
OK: P:\Photo\Из Сети\Сонечка\qXbpgZKt2ag.jpg
✅ CRC OK: P:\Photo\Из Сети\Сонечка\qXbpgZKt2ag.jpg (46e3daaa)
OK: P:\Photo\Из Сети\Сонечка\qtoU33gXj6Q.jpg
✅ CRC OK: P:\Photo\Из Сети\Сонечка\qtoU33gXj6Q.jpg (506b6314)
OK: P:\Photo\Из Сети\Сонечка\qwMCqq1DbK8.jpg
✅ CRC OK: P:\Photo\Из Сети\Сонечка\qwMCqq1DbK8.jpg (55ca0b5d)
OK: P:\Photo\Из Сети\Сонечка\sonya.finagina - Be0VVoAnJHA.jpg
✅ CRC OK: P:\Photo\Из Сети\Сонечка\sonya.finagina - Be0VVoAnJHA.jpg (be51c66c)
OK: P:\Photo\Из Сети\Сонечка\sonya.finagina - Bep6PqunLlw.jpg
✅ CRC OK: P:\Photo\Из Сети\Сонечка\sonya.finagina - Bep6PqunLlw.jpg (b1c6da0a)
OK: P:\Photo\Из Сети\Сонечка\sonya.finagina - BfJmPtnHCW0.jpg
✅ CRC OK: P:\Photo\Из Сети\Сонечка\sonya.finagina - BfJmPtnHCW0.jpg (5ec19f51)
OK: P:\Photo\Из Сети\Сонечка\sonya.finagina - Bg6d6HGnOBj.jpg
✅ CRC OK: P:\Photo\Из Сети\Сонечка\sonya.finagina - Bg6d6HGnOBj.jpg (b784b21b)
OK: P:\Photo\Из Сети\Сонечка\sonya.finagina - BgLOl6EHI82.jpg
✅ CRC OK: P:\Photo\Из Сети\Сонечка\sonya.finagina - BgLOl6EHI82.jpg (33435f61)
OK: P:\Photo\Из Сети\Сонечка\sonya.finagina - Bh4Z-QeHV4X.jpg
✅ CRC OK: P:\Photo\Из Сети\Сонечка\sonya.finagina - Bh4Z-QeHV4X.jpg (fae0ec2a)
OK: P:\Photo\Из Сети\Сонечка\sonya.finagina - BiPqZHGnyRk.jpg
✅ CRC OK: P:\Photo\Из Сети\Сонечка\sonya.finagina - BiPqZHGnyRk.jpg (7e853e10)
OK: P:\Photo\Из Сети\Сонечка\sonya.finagina - Bl4fni6l-kR.jpg
✅ CRC OK: P:\Photo\Из Сети\Сонечка\sonya.finagina - Bl4fni6l-kR.jpg (57064db5)
OK: P:\Photo\Из Сети\Сонечка\sonya.finagina - BmEJ5BoFs4u.jpg
✅ CRC OK: P:\Photo\Из Сети\Сонечка\sonya.finagina - BmEJ5BoFs4u.jpg (78099540)
OK: P:\Photo\Из Сети\Сонечка\sonya.finagina - BmHI-wzFkFC.jpg
✅ CRC OK: P:\Photo\Из Сети\Сонечка\sonya.finagina - BmHI-wzFkFC.jpg (e0311bdd)
OK: P:\Photo\Из Сети\Сонечка\sonya.finagina - BmOmT-0leOV.jpg
✅ CRC OK: P:\Photo\Из Сети\Сонечка\sonya.finagina - BmOmT-0leOV.jpg (79126251)
OK: P:\Photo\Из Сети\Сонечка\sonya.finagina - BmQ42O2l6jl.jpg
✅ CRC OK: P:\Photo\Из Сети\Сонечка\sonya.finagina - BmQ42O2l6jl.jpg (39780bbd)
OK: P:\Photo\Из Сети\Сонечка\sonya.finagina_1724209645947.jpeg
✅ CRC OK: P:\Photo\Из Сети\Сонечка\sonya.finagina_1724209645947.jpeg (b2996ece)
OK: P:\Photo\Из Сети\Сонечка\sonya.finagina_1724209660931.jpeg
✅ CRC OK: P:\Photo\Из Сети\Сонечка\sonya.finagina_1724209660931.jpeg (12266b09)
OK: P:\Photo\Из Сети\Сонечка\sonya.finagina_1724209692053.jpeg
✅ CRC OK: P:\Photo\Из Сети\Сонечка\sonya.finagina_1724209692053.jpeg (3b7a1fbc)
OK: P:\Photo\Из Сети\Сонечка\Сонечка попка.jpg
✅ CRC OK: P:\Photo\Из Сети\Сонечка\Сонечка попка.jpg (a11c9657)
OK: P:\Photo\Из Сети\Сонечка\Сонечка.bmp
✅ CRC OK: P:\Photo\Из Сети\Сонечка\Сонечка.bmp (62f6e9d7)
OK: P:\Photo\Из Сети\Супер
OK: P:\Photo\Из Сети\Супер\ Настюшка.jpg
✅ CRC OK: P:\Photo\Из Сети\Супер\ Настюшка.jpg (cc13c213)
OK: P:\Photo\Из Сети\Супер\0a52a7685524525e08050cb260647eb1.jpg
✅ CRC OK: P:\Photo\Из Сети\Супер\0a52a7685524525e08050cb260647eb1.jpg (134e8b77)
OK: P:\Photo\Из Сети\Супер\1-web.jpg
✅ CRC OK: P:\Photo\Из Сети\Супер\1-web.jpg (d987f468)
OK: P:\Photo\Из Сети\Супер\102822434.jpg
✅ CRC OK: P:\Photo\Из Сети\Супер\102822434.jpg (4cea6a51)
OK: P:\Photo\Из Сети\Супер\103900019.jpg
✅ CRC OK: P:\Photo\Из Сети\Супер\103900019.jpg (11936138)
OK: P:\Photo\Из Сети\Супер\109082c94d451138227af266d92c327e.jpg
✅ CRC OK: P:\Photo\Из Сети\Супер\109082c94d451138227af266d92c327e.jpg (1ee266fa)
OK: P:\Photo\Из Сети\Супер\1187076612_20.jpg
✅ CRC OK: P:\Photo\Из Сети\Супер\1187076612_20.jpg (49164efa)
OK: P:\Photo\Из Сети\Супер\1187076612_26.jpg
✅ CRC OK: P:\Photo\Из Сети\Супер\1187076612_26.jpg (10b00b15)
OK: P:\Photo\Из Сети\Супер\12.JPE
✅ CRC OK: P:\Photo\Из Сети\Супер\12.JPE (1b842a37)
OK: P:\Photo\Из Сети\Супер\12.bmp
✅ CRC OK: P:\Photo\Из Сети\Супер\12.bmp (4dd8487e)
OK: P:\Photo\Из Сети\Супер\1288753965.jpg
✅ CRC OK: P:\Photo\Из Сети\Супер\1288753965.jpg (5896ea8e)
OK: P:\Photo\Из Сети\Супер\144f7ad0628de5bd6145bba817a59050.jpg
✅ CRC OK: P:\Photo\Из Сети\Супер\144f7ad0628de5bd6145bba817a59050.jpg (af4dc479)
OK: P:\Photo\Из Сети\Супер\162ca0249d43fc1b1204a8673c2e6181.jpg
✅ CRC OK: P:\Photo\Из Сети\Супер\162ca0249d43fc1b1204a8673c2e6181.jpg (975c6fc9)
OK: P:\Photo\Из Сети\Супер\1vkUvjNg_1.jpg
✅ CRC OK: P:\Photo\Из Сети\Супер\1vkUvjNg_1.jpg (83588a37)
OK: P:\Photo\Из Сети\Супер\2233.bmp
✅ CRC OK: P:\Photo\Из Сети\Супер\2233.bmp (3af11a9a)
OK: P:\Photo\Из Сети\Супер\2474bd084d23e991d44f04c38d76d87d.jpg
✅ CRC OK: P:\Photo\Из Сети\Супер\2474bd084d23e991d44f04c38d76d87d.jpg (26d97bc0)
OK: P:\Photo\Из Сети\Супер\3026f93c1ba393de311b4cca2dbede7b.jpg
✅ CRC OK: P:\Photo\Из Сети\Супер\3026f93c1ba393de311b4cca2dbede7b.jpg (b11607b2)
OK: P:\Photo\Из Сети\Супер\30eba568dcd1caa5375ff9fcbc620479.jpg
✅ CRC OK: P:\Photo\Из Сети\Супер\30eba568dcd1caa5375ff9fcbc620479.jpg (82f7fe72)
OK: P:\Photo\Из Сети\Супер\333e.jpg
✅ CRC OK: P:\Photo\Из Сети\Супер\333e.jpg (f38a7a58)
OK: P:\Photo\Из Сети\Супер\41327475.jpg
✅ CRC OK: P:\Photo\Из Сети\Супер\41327475.jpg (56010379)
OK: P:\Photo\Из Сети\Супер\42609635.jpg
✅ CRC OK: P:\Photo\Из Сети\Супер\42609635.jpg (454ea475)
OK: P:\Photo\Из Сети\Супер\43559373.jpg
✅ CRC OK: P:\Photo\Из Сети\Супер\43559373.jpg (6fa4b3d8)
OK: P:\Photo\Из Сети\Супер\43559792.jpg
✅ CRC OK: P:\Photo\Из Сети\Супер\43559792.jpg (982066e9)
OK: P:\Photo\Из Сети\Супер\43673436.jpg
✅ CRC OK: P:\Photo\Из Сети\Супер\43673436.jpg (4f80e3d5)
OK: P:\Photo\Из Сети\Супер\47704571.jpg
✅ CRC OK: P:\Photo\Из Сети\Супер\47704571.jpg (4f21664f)
OK: P:\Photo\Из Сети\Супер\49900493.jpg
✅ CRC OK: P:\Photo\Из Сети\Супер\49900493.jpg (d00d8e82)
OK: P:\Photo\Из Сети\Супер\636faedc8d538cb2471eb31b3797f8a6.jpg
✅ CRC OK: P:\Photo\Из Сети\Супер\636faedc8d538cb2471eb31b3797f8a6.jpg (7e77ba2e)
OK: P:\Photo\Из Сети\Супер\64656300.jpg
✅ CRC OK: P:\Photo\Из Сети\Супер\64656300.jpg (5b1b8288)
OK: P:\Photo\Из Сети\Супер\64925884.jpg
✅ CRC OK: P:\Photo\Из Сети\Супер\64925884.jpg (8dabfc08)
OK: P:\Photo\Из Сети\Супер\64925978.jpg
✅ CRC OK: P:\Photo\Из Сети\Супер\64925978.jpg (70933e44)
OK: P:\Photo\Из Сети\Супер\64926395.jpg
✅ CRC OK: P:\Photo\Из Сети\Супер\64926395.jpg (0752c583)
OK: P:\Photo\Из Сети\Супер\64926472.jpg
✅ CRC OK: P:\Photo\Из Сети\Супер\64926472.jpg (710f9acf)
OK: P:\Photo\Из Сети\Супер\6b0f28ae21e65130ca06ddb05ec878e0.jpg
✅ CRC OK: P:\Photo\Из Сети\Супер\6b0f28ae21e65130ca06ddb05ec878e0.jpg (13d27964)
OK: P:\Photo\Из Сети\Супер\6ce02193470bc7ea3abca0da9b371046.jpg
✅ CRC OK: P:\Photo\Из Сети\Супер\6ce02193470bc7ea3abca0da9b371046.jpg (43f3db9e)
OK: P:\Photo\Из Сети\Супер\705a8410953a2ddf230e8aff87d36aa4.jpg
✅ CRC OK: P:\Photo\Из Сети\Супер\705a8410953a2ddf230e8aff87d36aa4.jpg (662e10b7)
OK: P:\Photo\Из Сети\Супер\72594555.jpg
✅ CRC OK: P:\Photo\Из Сети\Супер\72594555.jpg (0e7c5ac2)
OK: P:\Photo\Из Сети\Супер\73042032.jpg
✅ CRC OK: P:\Photo\Из Сети\Супер\73042032.jpg (1814065a)
OK: P:\Photo\Из Сети\Супер\74459100.jpg
✅ CRC OK: P:\Photo\Из Сети\Супер\74459100.jpg (7cbc6d47)
OK: P:\Photo\Из Сети\Супер\7505f43cae5d5f2e362dd3f7013671f1.jpg
✅ CRC OK: P:\Photo\Из Сети\Супер\7505f43cae5d5f2e362dd3f7013671f1.jpg (2d22a0d2)
OK: P:\Photo\Из Сети\Супер\76483961.jpg
✅ CRC OK: P:\Photo\Из Сети\Супер\76483961.jpg (8bd2f5e8)
OK: P:\Photo\Из Сети\Супер\76725495.jpg
✅ CRC OK: P:\Photo\Из Сети\Супер\76725495.jpg (21424318)
OK: P:\Photo\Из Сети\Супер\84468952.jpg
✅ CRC OK: P:\Photo\Из Сети\Супер\84468952.jpg (a83a2075)
OK: P:\Photo\Из Сети\Супер\84659fb74a5579fb20cf79fce3cda20e.jpg
✅ CRC OK: P:\Photo\Из Сети\Супер\84659fb74a5579fb20cf79fce3cda20e.jpg (f1a58716)
OK: P:\Photo\Из Сети\Супер\9070b0c683d6407708060f79dad56da7.jpg
✅ CRC OK: P:\Photo\Из Сети\Супер\9070b0c683d6407708060f79dad56da7.jpg (4ff1b713)
OK: P:\Photo\Из Сети\Супер\936953de7ee969fab0ed0af3ad08c734.jpg
✅ CRC OK: P:\Photo\Из Сети\Супер\936953de7ee969fab0ed0af3ad08c734.jpg (171d713b)
OK: P:\Photo\Из Сети\Супер\98904566.jpg
✅ CRC OK: P:\Photo\Из Сети\Супер\98904566.jpg (99e5bf57)
OK: P:\Photo\Из Сети\Супер\99630917.jpg
✅ CRC OK: P:\Photo\Из Сети\Супер\99630917.jpg (3f8391b8)
OK: P:\Photo\Из Сети\Супер\Biola.jpg
✅ CRC OK: P:\Photo\Из Сети\Супер\Biola.jpg (7a95e0cb)
OK: P:\Photo\Из Сети\Супер\DSC01815.JPG
✅ CRC OK: P:\Photo\Из Сети\Супер\DSC01815.JPG (98568b5f)
OK: P:\Photo\Из Сети\Супер\DSCN1383.JPG
✅ CRC OK: P:\Photo\Из Сети\Супер\DSCN1383.JPG (25c287dd)
OK: P:\Photo\Из Сети\Супер\DSCN9728.JPG
✅ CRC OK: P:\Photo\Из Сети\Супер\DSCN9728.JPG (b44b3c95)
OK: P:\Photo\Из Сети\Супер\IMGA0457.JPG
✅ CRC OK: P:\Photo\Из Сети\Супер\IMGA0457.JPG (b480889c)
OK: P:\Photo\Из Сети\Супер\IMGP1191.JPG
✅ CRC OK: P:\Photo\Из Сети\Супер\IMGP1191.JPG (e85a56f1)
OK: P:\Photo\Из Сети\Супер\IMGP1192.JPG
✅ CRC OK: P:\Photo\Из Сети\Супер\IMGP1192.JPG (6d4702ce)
OK: P:\Photo\Из Сети\Супер\L600031.JPG
✅ CRC OK: P:\Photo\Из Сети\Супер\L600031.JPG (ea7f9683)
OK: P:\Photo\Из Сети\Супер\P1010240.JPG
✅ CRC OK: P:\Photo\Из Сети\Супер\P1010240.JPG (549b9ec1)
OK: P:\Photo\Из Сети\Супер\PA020075.JPG
✅ CRC OK: P:\Photo\Из Сети\Супер\PA020075.JPG (9d481597)
OK: P:\Photo\Из Сети\Супер\PLAY BOY 2 СУЧКИ НАШЕЙ СЕТИ!!by memphis.wmv
✅ CRC OK: P:\Photo\Из Сети\Супер\PLAY BOY 2 СУЧКИ НАШЕЙ СЕТИ!!by memphis.wmv (941e02ca)
OK: P:\Photo\Из Сети\Супер\POPA.jpg
✅ CRC OK: P:\Photo\Из Сети\Супер\POPA.jpg (ebecd830)
OK: P:\Photo\Из Сети\Супер\SP_A3746.jpg
✅ CRC OK: P:\Photo\Из Сети\Супер\SP_A3746.jpg (1755eab4)
OK: P:\Photo\Из Сети\Супер\bc70c428e998707f5866ca8b8a2545ca.jpg
✅ CRC OK: P:\Photo\Из Сети\Супер\bc70c428e998707f5866ca8b8a2545ca.jpg (e020da0d)
OK: P:\Photo\Из Сети\Супер\cf016cb972b33e0e824eb4677824be8d.jpg
✅ CRC OK: P:\Photo\Из Сети\Супер\cf016cb972b33e0e824eb4677824be8d.jpg (1fad03ea)
OK: P:\Photo\Из Сети\Супер\cvb.jpg
✅ CRC OK: P:\Photo\Из Сети\Супер\cvb.jpg (340ceba0)
OK: P:\Photo\Из Сети\Супер\d6e77bcb4f20f89e17870d8bc7de6aeb.jpg
✅ CRC OK: P:\Photo\Из Сети\Супер\d6e77bcb4f20f89e17870d8bc7de6aeb.jpg (287f7a61)
OK: P:\Photo\Из Сети\Супер\e0859_medium.jpg
✅ CRC OK: P:\Photo\Из Сети\Супер\e0859_medium.jpg (cfa2d0aa)
OK: P:\Photo\Из Сети\Супер\e0863_medium.jpg
✅ CRC OK: P:\Photo\Из Сети\Супер\e0863_medium.jpg (a2688cdf)
OK: P:\Photo\Из Сети\Супер\e0864_medium.jpg
✅ CRC OK: P:\Photo\Из Сети\Супер\e0864_medium.jpg (d7192811)
OK: P:\Photo\Из Сети\Супер\e0865_medium.jpg
✅ CRC OK: P:\Photo\Из Сети\Супер\e0865_medium.jpg (af98b46b)
OK: P:\Photo\Из Сети\Супер\hor030_jpg.jpg
✅ CRC OK: P:\Photo\Из Сети\Супер\hor030_jpg.jpg (2a6542f4)
OK: P:\Photo\Из Сети\Супер\img397.jpg
✅ CRC OK: P:\Photo\Из Сети\Супер\img397.jpg (c8f5fe89)
OK: P:\Photo\Из Сети\Супер\lelya.jpg
✅ CRC OK: P:\Photo\Из Сети\Супер\lelya.jpg (00460a3a)
OK: P:\Photo\Из Сети\Супер\ss.jpg
✅ CRC OK: P:\Photo\Из Сети\Супер\ss.jpg (5f7a014f)
OK: P:\Photo\Из Сети\Супер\street117.jpg
✅ CRC OK: P:\Photo\Из Сети\Супер\street117.jpg (30d4153f)
OK: P:\Photo\Из Сети\Супер\street119.jpg
✅ CRC OK: P:\Photo\Из Сети\Супер\street119.jpg (f79a8a3c)
OK: P:\Photo\Из Сети\Супер\street120.jpg
✅ CRC OK: P:\Photo\Из Сети\Супер\street120.jpg (331a147a)
OK: P:\Photo\Из Сети\Супер\xc.jpg
✅ CRC OK: P:\Photo\Из Сети\Супер\xc.jpg (e23fc269)
OK: P:\Photo\Из Сети\Супер\Алка.jpg
✅ CRC OK: P:\Photo\Из Сети\Супер\Алка.jpg (4571842b)
OK: P:\Photo\Из Сети\Супер\Безымянный2227.bmp
✅ CRC OK: P:\Photo\Из Сети\Супер\Безымянный2227.bmp (1bbe36e6)
OK: P:\Photo\Из Сети\Супер\Безымянный33.bmp
✅ CRC OK: P:\Photo\Из Сети\Супер\Безымянный33.bmp (723f91a5)
OK: P:\Photo\Из Сети\Супер\Безымянный336.bmp
✅ CRC OK: P:\Photo\Из Сети\Супер\Безымянный336.bmp (9fcbf09e)
OK: P:\Photo\Из Сети\Супер\Безымянный978.bmp
✅ CRC OK: P:\Photo\Из Сети\Супер\Безымянный978.bmp (f6b598e0)
OK: P:\Photo\Из Сети\Супер\В ванной.jpg
✅ CRC OK: P:\Photo\Из Сети\Супер\В ванной.jpg (624240b1)
OK: P:\Photo\Из Сети\Супер\Вванной2.jpg
✅ CRC OK: P:\Photo\Из Сети\Супер\Вванной2.jpg (10c0d48f)
OK: P:\Photo\Из Сети\Супер\Вот такая у меня попка.jpg
✅ CRC OK: P:\Photo\Из Сети\Супер\Вот такая у меня попка.jpg (079515bf)
OK: P:\Photo\Из Сети\Супер\Жопень.jpg
✅ CRC OK: P:\Photo\Из Сети\Супер\Жопень.jpg (fd898a01)
OK: P:\Photo\Из Сети\Супер\Изображение 026.jpg
✅ CRC OK: P:\Photo\Из Сети\Супер\Изображение 026.jpg (abbb287f)
OK: P:\Photo\Из Сети\Супер\Изображение 031.jpg
✅ CRC OK: P:\Photo\Из Сети\Супер\Изображение 031.jpg (31773620)
OK: P:\Photo\Из Сети\Супер\Изображение 037.jpg
✅ CRC OK: P:\Photo\Из Сети\Супер\Изображение 037.jpg (975ab3ef)
OK: P:\Photo\Из Сети\Супер\Изображение 207.jpg
✅ CRC OK: P:\Photo\Из Сети\Супер\Изображение 207.jpg (851ce50d)
OK: P:\Photo\Из Сети\Супер\КАТЯ7(1).JPG
✅ CRC OK: P:\Photo\Из Сети\Супер\КАТЯ7(1).JPG (7a818c16)
OK: P:\Photo\Из Сети\Супер\Картинка(27).jpg
✅ CRC OK: P:\Photo\Из Сети\Супер\Картинка(27).jpg (4631ab53)
OK: P:\Photo\Из Сети\Супер\Картинка(30).jpg
✅ CRC OK: P:\Photo\Из Сети\Супер\Картинка(30).jpg (313a0841)
OK: P:\Photo\Из Сети\Супер\Моя попочка.jpg
✅ CRC OK: P:\Photo\Из Сети\Супер\Моя попочка.jpg (e10881f1)
OK: P:\Photo\Из Сети\Супер\Попка Дома.JPG
✅ CRC OK: P:\Photo\Из Сети\Супер\Попка Дома.JPG (8904a7f5)
OK: P:\Photo\Из Сети\Супер\Попка Линки.jpg
✅ CRC OK: P:\Photo\Из Сети\Супер\Попка Линки.jpg (72dfd6ba)
OK: P:\Photo\Из Сети\Супер\Тигрик.JPG
✅ CRC OK: P:\Photo\Из Сети\Супер\Тигрик.JPG (d05e3e86)
OK: P:\Photo\Из Сети\Супер\Фото(272).jpg
✅ CRC OK: P:\Photo\Из Сети\Супер\Фото(272).jpg (ee2b1194)
OK: P:\Photo\Из Сети\Супер\Фото(359).jpg
✅ CRC OK: P:\Photo\Из Сети\Супер\Фото(359).jpg (341d099f)
OK: P:\Photo\Из Сети\Супер\Фото000.jpg
✅ CRC OK: P:\Photo\Из Сети\Супер\Фото000.jpg (c69ae4e3)
OK: P:\Photo\Из Сети\Супер\Чупик.jpg
✅ CRC OK: P:\Photo\Из Сети\Супер\Чупик.jpg (03eb828d)
OK: P:\Photo\Из Сети\Супер\Я в сталовке.jpg
✅ CRC OK: P:\Photo\Из Сети\Супер\Я в сталовке.jpg (e83881bc)
OK: P:\Photo\Из Сети\Супер\Я любимая.JPG
✅ CRC OK: P:\Photo\Из Сети\Супер\Я любимая.JPG (b9f9353a)
OK: P:\Photo\Из Сети\Супер\Я.JPG
✅ CRC OK: P:\Photo\Из Сети\Супер\Я.JPG (98f60a54)
OK: P:\Photo\Из Сети\Супер\Яd.jpg
✅ CRC OK: P:\Photo\Из Сети\Супер\Яd.jpg (5b57f2cd)
OK: P:\Photo\Из Сети\Супер\девчонки с моего класса.jpg
✅ CRC OK: P:\Photo\Из Сети\Супер\девчонки с моего класса.jpg (606fc375)
OK: P:\Photo\Из Сети\Супер\иду купи-купи.jpg
✅ CRC OK: P:\Photo\Из Сети\Супер\иду купи-купи.jpg (319bce0c)
OK: P:\Photo\Из Сети\Супер\красотка.jpg
✅ CRC OK: P:\Photo\Из Сети\Супер\красотка.jpg (27df8384)
OK: P:\Photo\Из Сети\Супер\пОПОЧКА.jpg
✅ CRC OK: P:\Photo\Из Сети\Супер\пОПОЧКА.jpg (66f85f4e)
OK: P:\Photo\Из Сети\Супер\попа моя2.jpg
✅ CRC OK: P:\Photo\Из Сети\Супер\попа моя2.jpg (68317168)
OK: P:\Photo\Из Сети\Супер\попа.JPG
✅ CRC OK: P:\Photo\Из Сети\Супер\попа.JPG (4d700ce6)
OK: P:\Photo\Из Сети\Супер\тренажор для попки.JPG
✅ CRC OK: P:\Photo\Из Сети\Супер\тренажор для попки.JPG (b699b3a3)
OK: P:\Photo\Из Сети\Супер\чьято попка.png
✅ CRC OK: P:\Photo\Из Сети\Супер\чьято попка.png (f6658000)
OK: P:\Photo\Из Сети\Супер\яяяя,.JPG
✅ CRC OK: P:\Photo\Из Сети\Супер\яяяя,.JPG (bef836a8)
OK: P:\Photo\Из Сети\Танюша
OK: P:\Photo\Из Сети\Танюша\01.jpg
✅ CRC OK: P:\Photo\Из Сети\Танюша\01.jpg (9696c8a4)
OK: P:\Photo\Из Сети\Танюша\02.jpg
✅ CRC OK: P:\Photo\Из Сети\Танюша\02.jpg (03a8139f)
OK: P:\Photo\Из Сети\Танюша\05.jpg
✅ CRC OK: P:\Photo\Из Сети\Танюша\05.jpg (eac40890)
OK: P:\Photo\Из Сети\Танюша\100.jpg
✅ CRC OK: P:\Photo\Из Сети\Танюша\100.jpg (fc9f34f9)
OK: P:\Photo\Из Сети\Танюша\101.jpg
✅ CRC OK: P:\Photo\Из Сети\Танюша\101.jpg (4203f860)
OK: P:\Photo\Из Сети\Танюша\102.jpg
✅ CRC OK: P:\Photo\Из Сети\Танюша\102.jpg (30c64ac5)
OK: P:\Photo\Из Сети\Танюша\103.jpg
✅ CRC OK: P:\Photo\Из Сети\Танюша\103.jpg (f197a0bb)
OK: P:\Photo\Из Сети\Танюша\104.jpg
✅ CRC OK: P:\Photo\Из Сети\Танюша\104.jpg (1f18b6cf)
OK: P:\Photo\Из Сети\Танюша\105.jpg
✅ CRC OK: P:\Photo\Из Сети\Танюша\105.jpg (77fd3302)
OK: P:\Photo\Из Сети\Танюша\106.jpg
✅ CRC OK: P:\Photo\Из Сети\Танюша\106.jpg (3912b60c)
OK: P:\Photo\Из Сети\Танюша\107.jpg
✅ CRC OK: P:\Photo\Из Сети\Танюша\107.jpg (a903b418)
OK: P:\Photo\Из Сети\Танюша\108.jpg
✅ CRC OK: P:\Photo\Из Сети\Танюша\108.jpg (e5107e9a)
OK: P:\Photo\Из Сети\Танюша\109.jpg
✅ CRC OK: P:\Photo\Из Сети\Танюша\109.jpg (31fe4b8e)
OK: P:\Photo\Из Сети\Танюша\11.jpg
✅ CRC OK: P:\Photo\Из Сети\Танюша\11.jpg (712ec08f)
OK: P:\Photo\Из Сети\Танюша\110.jpg
✅ CRC OK: P:\Photo\Из Сети\Танюша\110.jpg (96589feb)
OK: P:\Photo\Из Сети\Танюша\111.jpg
✅ CRC OK: P:\Photo\Из Сети\Танюша\111.jpg (eec6de2a)
OK: P:\Photo\Из Сети\Танюша\112.jpg
✅ CRC OK: P:\Photo\Из Сети\Танюша\112.jpg (2fed9baa)
OK: P:\Photo\Из Сети\Танюша\113.jpg
✅ CRC OK: P:\Photo\Из Сети\Танюша\113.jpg (240923eb)
OK: P:\Photo\Из Сети\Танюша\114.jpg
✅ CRC OK: P:\Photo\Из Сети\Танюша\114.jpg (a42f001d)
OK: P:\Photo\Из Сети\Танюша\115.jpg
✅ CRC OK: P:\Photo\Из Сети\Танюша\115.jpg (4ecb5e94)
OK: P:\Photo\Из Сети\Танюша\116.jpg
✅ CRC OK: P:\Photo\Из Сети\Танюша\116.jpg (a3e95d43)
OK: P:\Photo\Из Сети\Танюша\117.jpg
✅ CRC OK: P:\Photo\Из Сети\Танюша\117.jpg (84d7f8e9)
OK: P:\Photo\Из Сети\Танюша\118.jpg
✅ CRC OK: P:\Photo\Из Сети\Танюша\118.jpg (c7de5731)
OK: P:\Photo\Из Сети\Танюша\119.jpg
✅ CRC OK: P:\Photo\Из Сети\Танюша\119.jpg (56cc9bd5)
OK: P:\Photo\Из Сети\Танюша\120.jpg
✅ CRC OK: P:\Photo\Из Сети\Танюша\120.jpg (d32d1f64)
OK: P:\Photo\Из Сети\Танюша\121.jpg
✅ CRC OK: P:\Photo\Из Сети\Танюша\121.jpg (f873ac77)
OK: P:\Photo\Из Сети\Танюша\122.jpg
✅ CRC OK: P:\Photo\Из Сети\Танюша\122.jpg (e8ff9c94)
OK: P:\Photo\Из Сети\Танюша\124.jpg
✅ CRC OK: P:\Photo\Из Сети\Танюша\124.jpg (9e41c378)
OK: P:\Photo\Из Сети\Танюша\125.jpg
✅ CRC OK: P:\Photo\Из Сети\Танюша\125.jpg (f8f473de)
OK: P:\Photo\Из Сети\Танюша\126.jpg
✅ CRC OK: P:\Photo\Из Сети\Танюша\126.jpg (cf200b91)
OK: P:\Photo\Из Сети\Танюша\127.jpg
✅ CRC OK: P:\Photo\Из Сети\Танюша\127.jpg (d87f2cec)
OK: P:\Photo\Из Сети\Танюша\128.jpg
✅ CRC OK: P:\Photo\Из Сети\Танюша\128.jpg (785584b4)
OK: P:\Photo\Из Сети\Танюша\129.jpg
✅ CRC OK: P:\Photo\Из Сети\Танюша\129.jpg (6aa70d8c)
OK: P:\Photo\Из Сети\Танюша\130.jpg
✅ CRC OK: P:\Photo\Из Сети\Танюша\130.jpg (ac2dffa6)
OK: P:\Photo\Из Сети\Танюша\131.jpg
✅ CRC OK: P:\Photo\Из Сети\Танюша\131.jpg (65a6a47d)
OK: P:\Photo\Из Сети\Танюша\132.jpg
✅ CRC OK: P:\Photo\Из Сети\Танюша\132.jpg (c60e6582)
OK: P:\Photo\Из Сети\Танюша\133.jpg
✅ CRC OK: P:\Photo\Из Сети\Танюша\133.jpg (72dc8fad)
OK: P:\Photo\Из Сети\Танюша\134.jpg
✅ CRC OK: P:\Photo\Из Сети\Танюша\134.jpg (b596505b)
OK: P:\Photo\Из Сети\Танюша\136.jpg
✅ CRC OK: P:\Photo\Из Сети\Танюша\136.jpg (2bb401cc)
OK: P:\Photo\Из Сети\Танюша\137.jpg
✅ CRC OK: P:\Photo\Из Сети\Танюша\137.jpg (aa54f7ee)
OK: P:\Photo\Из Сети\Танюша\138.jpg
✅ CRC OK: P:\Photo\Из Сети\Танюша\138.jpg (ccbd2677)
OK: P:\Photo\Из Сети\Танюша\139.jpg
✅ CRC OK: P:\Photo\Из Сети\Танюша\139.jpg (82650dcd)
OK: P:\Photo\Из Сети\Танюша\14.jpg
✅ CRC OK: P:\Photo\Из Сети\Танюша\14.jpg (b43a09d1)
OK: P:\Photo\Из Сети\Танюша\140.jpg
✅ CRC OK: P:\Photo\Из Сети\Танюша\140.jpg (d096f413)
OK: P:\Photo\Из Сети\Танюша\141.jpg
✅ CRC OK: P:\Photo\Из Сети\Танюша\141.jpg (4d87adb8)
OK: P:\Photo\Из Сети\Танюша\142.jpg
✅ CRC OK: P:\Photo\Из Сети\Танюша\142.jpg (35dd41b3)
OK: P:\Photo\Из Сети\Танюша\143.jpg
✅ CRC OK: P:\Photo\Из Сети\Танюша\143.jpg (392ca730)
OK: P:\Photo\Из Сети\Танюша\144.jpg
✅ CRC OK: P:\Photo\Из Сети\Танюша\144.jpg (d511d446)
OK: P:\Photo\Из Сети\Танюша\145.jpg
✅ CRC OK: P:\Photo\Из Сети\Танюша\145.jpg (4438c6f2)
OK: P:\Photo\Из Сети\Танюша\146.jpg
✅ CRC OK: P:\Photo\Из Сети\Танюша\146.jpg (9bfb966f)
OK: P:\Photo\Из Сети\Танюша\147.jpg
✅ CRC OK: P:\Photo\Из Сети\Танюша\147.jpg (b76fb922)
OK: P:\Photo\Из Сети\Танюша\148.jpg
✅ CRC OK: P:\Photo\Из Сети\Танюша\148.jpg (d14bb460)
OK: P:\Photo\Из Сети\Танюша\149.jpg
✅ CRC OK: P:\Photo\Из Сети\Танюша\149.jpg (c3fc7875)
OK: P:\Photo\Из Сети\Танюша\15.jpg
✅ CRC OK: P:\Photo\Из Сети\Танюша\15.jpg (251f65d4)
OK: P:\Photo\Из Сети\Танюша\150.jpg
✅ CRC OK: P:\Photo\Из Сети\Танюша\150.jpg (950daa3d)
OK: P:\Photo\Из Сети\Танюша\151.jpg
✅ CRC OK: P:\Photo\Из Сети\Танюша\151.jpg (b2ac2f24)
OK: P:\Photo\Из Сети\Танюша\152.jpg
✅ CRC OK: P:\Photo\Из Сети\Танюша\152.jpg (44ced617)
OK: P:\Photo\Из Сети\Танюша\153.jpg
✅ CRC OK: P:\Photo\Из Сети\Танюша\153.jpg (f6ee86a2)
OK: P:\Photo\Из Сети\Танюша\154.jpg
✅ CRC OK: P:\Photo\Из Сети\Танюша\154.jpg (a3847a85)
OK: P:\Photo\Из Сети\Танюша\155.jpg
✅ CRC OK: P:\Photo\Из Сети\Танюша\155.jpg (bd1d5733)
OK: P:\Photo\Из Сети\Танюша\156.jpg
✅ CRC OK: P:\Photo\Из Сети\Танюша\156.jpg (ca6801c8)
OK: P:\Photo\Из Сети\Танюша\157.jpg
✅ CRC OK: P:\Photo\Из Сети\Танюша\157.jpg (e4c357ed)
OK: P:\Photo\Из Сети\Танюша\158.jpg
✅ CRC OK: P:\Photo\Из Сети\Танюша\158.jpg (e381bf50)
OK: P:\Photo\Из Сети\Танюша\159.jpg
✅ CRC OK: P:\Photo\Из Сети\Танюша\159.jpg (b63b1fe9)
OK: P:\Photo\Из Сети\Танюша\16.jpg
✅ CRC OK: P:\Photo\Из Сети\Танюша\16.jpg (a6c8c339)
OK: P:\Photo\Из Сети\Танюша\160.jpg
✅ CRC OK: P:\Photo\Из Сети\Танюша\160.jpg (f7922a23)
OK: P:\Photo\Из Сети\Танюша\161.jpg
✅ CRC OK: P:\Photo\Из Сети\Танюша\161.jpg (983b61a3)
OK: P:\Photo\Из Сети\Танюша\162.jpg
✅ CRC OK: P:\Photo\Из Сети\Танюша\162.jpg (c99309bd)
OK: P:\Photo\Из Сети\Танюша\163.jpg
✅ CRC OK: P:\Photo\Из Сети\Танюша\163.jpg (d648b18e)
OK: P:\Photo\Из Сети\Танюша\164.jpg
✅ CRC OK: P:\Photo\Из Сети\Танюша\164.jpg (6960e00f)
OK: P:\Photo\Из Сети\Танюша\165.jpg
✅ CRC OK: P:\Photo\Из Сети\Танюша\165.jpg (fb4ef627)
OK: P:\Photo\Из Сети\Танюша\166.jpg
✅ CRC OK: P:\Photo\Из Сети\Танюша\166.jpg (7182694b)
OK: P:\Photo\Из Сети\Танюша\167.jpg
✅ CRC OK: P:\Photo\Из Сети\Танюша\167.jpg (0f5ca256)
OK: P:\Photo\Из Сети\Танюша\168.jpg
✅ CRC OK: P:\Photo\Из Сети\Танюша\168.jpg (8c82dc83)
OK: P:\Photo\Из Сети\Танюша\169.jpg
✅ CRC OK: P:\Photo\Из Сети\Танюша\169.jpg (5a85ad4a)
OK: P:\Photo\Из Сети\Танюша\17.jpg
✅ CRC OK: P:\Photo\Из Сети\Танюша\17.jpg (086483d0)
OK: P:\Photo\Из Сети\Танюша\170.jpg
✅ CRC OK: P:\Photo\Из Сети\Танюша\170.jpg (3d84a11d)
OK: P:\Photo\Из Сети\Танюша\171.jpg
✅ CRC OK: P:\Photo\Из Сети\Танюша\171.jpg (e4c9a51f)
OK: P:\Photo\Из Сети\Танюша\172.jpg
✅ CRC OK: P:\Photo\Из Сети\Танюша\172.jpg (037193d1)
OK: P:\Photo\Из Сети\Танюша\173.jpg
✅ CRC OK: P:\Photo\Из Сети\Танюша\173.jpg (f5982a17)
OK: P:\Photo\Из Сети\Танюша\174.jpg
✅ CRC OK: P:\Photo\Из Сети\Танюша\174.jpg (8403c425)
OK: P:\Photo\Из Сети\Танюша\1746686159328.jpeg
✅ CRC OK: P:\Photo\Из Сети\Танюша\1746686159328.jpeg (5bf0e483)
OK: P:\Photo\Из Сети\Танюша\175.jpg
✅ CRC OK: P:\Photo\Из Сети\Танюша\175.jpg (4a238e5a)
OK: P:\Photo\Из Сети\Танюша\176.jpg
✅ CRC OK: P:\Photo\Из Сети\Танюша\176.jpg (d2df33bb)
OK: P:\Photo\Из Сети\Танюша\177.jpg
✅ CRC OK: P:\Photo\Из Сети\Танюша\177.jpg (91961b66)
OK: P:\Photo\Из Сети\Танюша\178.jpg
✅ CRC OK: P:\Photo\Из Сети\Танюша\178.jpg (770426c7)
OK: P:\Photo\Из Сети\Танюша\179.jpg
✅ CRC OK: P:\Photo\Из Сети\Танюша\179.jpg (bca3be27)
OK: P:\Photo\Из Сети\Танюша\180.jpg
✅ CRC OK: P:\Photo\Из Сети\Танюша\180.jpg (83896fa6)
OK: P:\Photo\Из Сети\Танюша\181.jpg
✅ CRC OK: P:\Photo\Из Сети\Танюша\181.jpg (8c616cd7)
OK: P:\Photo\Из Сети\Танюша\182.jpg
✅ CRC OK: P:\Photo\Из Сети\Танюша\182.jpg (e92ac081)
OK: P:\Photo\Из Сети\Танюша\183.jpg
✅ CRC OK: P:\Photo\Из Сети\Танюша\183.jpg (7d70e9ac)
OK: P:\Photo\Из Сети\Танюша\184.jpg
✅ CRC OK: P:\Photo\Из Сети\Танюша\184.jpg (7f6ae5ea)
OK: P:\Photo\Из Сети\Танюша\185.jpg
✅ CRC OK: P:\Photo\Из Сети\Танюша\185.jpg (670a2c1f)
OK: P:\Photo\Из Сети\Танюша\186.jpg
✅ CRC OK: P:\Photo\Из Сети\Танюша\186.jpg (4f708445)
OK: P:\Photo\Из Сети\Танюша\187.jpg
✅ CRC OK: P:\Photo\Из Сети\Танюша\187.jpg (a82a2cef)
OK: P:\Photo\Из Сети\Танюша\188.jpg
✅ CRC OK: P:\Photo\Из Сети\Танюша\188.jpg (7e297a33)
OK: P:\Photo\Из Сети\Танюша\189.jpg
✅ CRC OK: P:\Photo\Из Сети\Танюша\189.jpg (5fe97e65)
OK: P:\Photo\Из Сети\Танюша\19.jpg
✅ CRC OK: P:\Photo\Из Сети\Танюша\19.jpg (44d62efa)
OK: P:\Photo\Из Сети\Танюша\190.jpg
✅ CRC OK: P:\Photo\Из Сети\Танюша\190.jpg (3f9df3d6)
OK: P:\Photo\Из Сети\Танюша\191.jpg
✅ CRC OK: P:\Photo\Из Сети\Танюша\191.jpg (0111e72f)
OK: P:\Photo\Из Сети\Танюша\192.jpg
✅ CRC OK: P:\Photo\Из Сети\Танюша\192.jpg (9afe3500)
OK: P:\Photo\Из Сети\Танюша\193.jpg
✅ CRC OK: P:\Photo\Из Сети\Танюша\193.jpg (5ec23258)
OK: P:\Photo\Из Сети\Танюша\194.jpg
✅ CRC OK: P:\Photo\Из Сети\Танюша\194.jpg (7efb108a)
OK: P:\Photo\Из Сети\Танюша\195.jpg
✅ CRC OK: P:\Photo\Из Сети\Танюша\195.jpg (6f634eaa)
OK: P:\Photo\Из Сети\Танюша\196.jpg
✅ CRC OK: P:\Photo\Из Сети\Танюша\196.jpg (847fc445)
OK: P:\Photo\Из Сети\Танюша\197.jpg
✅ CRC OK: P:\Photo\Из Сети\Танюша\197.jpg (a756f62b)
OK: P:\Photo\Из Сети\Танюша\198.jpg
✅ CRC OK: P:\Photo\Из Сети\Танюша\198.jpg (e8102ae0)
OK: P:\Photo\Из Сети\Танюша\199.jpg
✅ CRC OK: P:\Photo\Из Сети\Танюша\199.jpg (596a5369)
OK: P:\Photo\Из Сети\Танюша\200.jpg
✅ CRC OK: P:\Photo\Из Сети\Танюша\200.jpg (ad98436c)
OK: P:\Photo\Из Сети\Танюша\201.jpg
✅ CRC OK: P:\Photo\Из Сети\Танюша\201.jpg (954d13bb)
OK: P:\Photo\Из Сети\Танюша\202.jpg
✅ CRC OK: P:\Photo\Из Сети\Танюша\202.jpg (e3faa0a6)
OK: P:\Photo\Из Сети\Танюша\203.jpg
✅ CRC OK: P:\Photo\Из Сети\Танюша\203.jpg (e6282894)
OK: P:\Photo\Из Сети\Танюша\204.jpg
✅ CRC OK: P:\Photo\Из Сети\Танюша\204.jpg (2a5b9142)
OK: P:\Photo\Из Сети\Танюша\205.jpg
✅ CRC OK: P:\Photo\Из Сети\Танюша\205.jpg (d9d10e41)
OK: P:\Photo\Из Сети\Танюша\206.jpg
✅ CRC OK: P:\Photo\Из Сети\Танюша\206.jpg (eab0c5ad)
OK: P:\Photo\Из Сети\Танюша\207.jpg
✅ CRC OK: P:\Photo\Из Сети\Танюша\207.jpg (ce280939)
OK: P:\Photo\Из Сети\Танюша\208.jpg
✅ CRC OK: P:\Photo\Из Сети\Танюша\208.jpg (5b3582fe)
OK: P:\Photo\Из Сети\Танюша\209.jpg
✅ CRC OK: P:\Photo\Из Сети\Танюша\209.jpg (88fa5c06)
OK: P:\Photo\Из Сети\Танюша\21.jpg
✅ CRC OK: P:\Photo\Из Сети\Танюша\21.jpg (059f7362)
OK: P:\Photo\Из Сети\Танюша\210.jpg
✅ CRC OK: P:\Photo\Из Сети\Танюша\210.jpg (81d082fc)
OK: P:\Photo\Из Сети\Танюша\211.jpg
✅ CRC OK: P:\Photo\Из Сети\Танюша\211.jpg (9210af02)
OK: P:\Photo\Из Сети\Танюша\212.jpg
✅ CRC OK: P:\Photo\Из Сети\Танюша\212.jpg (260cc353)
OK: P:\Photo\Из Сети\Танюша\213.jpg
✅ CRC OK: P:\Photo\Из Сети\Танюша\213.jpg (2a27c78b)
OK: P:\Photo\Из Сети\Танюша\214.jpg
✅ CRC OK: P:\Photo\Из Сети\Танюша\214.jpg (e3a7f49c)
OK: P:\Photo\Из Сети\Танюша\215.jpg
✅ CRC OK: P:\Photo\Из Сети\Танюша\215.jpg (18b421e4)
OK: P:\Photo\Из Сети\Танюша\216.jpg
✅ CRC OK: P:\Photo\Из Сети\Танюша\216.jpg (65034b24)
OK: P:\Photo\Из Сети\Танюша\217.jpg
✅ CRC OK: P:\Photo\Из Сети\Танюша\217.jpg (7baa2567)
OK: P:\Photo\Из Сети\Танюша\22.jpg
✅ CRC OK: P:\Photo\Из Сети\Танюша\22.jpg (12aefb71)
OK: P:\Photo\Из Сети\Танюша\220.jpg
✅ CRC OK: P:\Photo\Из Сети\Танюша\220.jpg (d149f6b5)
OK: P:\Photo\Из Сети\Танюша\221.jpg
✅ CRC OK: P:\Photo\Из Сети\Танюша\221.jpg (d274d64b)
OK: P:\Photo\Из Сети\Танюша\223.jpg
✅ CRC OK: P:\Photo\Из Сети\Танюша\223.jpg (0d96e5be)
OK: P:\Photo\Из Сети\Танюша\224.jpg
✅ CRC OK: P:\Photo\Из Сети\Танюша\224.jpg (25565a3f)
OK: P:\Photo\Из Сети\Танюша\23.jpg
✅ CRC OK: P:\Photo\Из Сети\Танюша\23.jpg (d6d7cc76)
OK: P:\Photo\Из Сети\Танюша\230.jpg
✅ CRC OK: P:\Photo\Из Сети\Танюша\230.jpg (92fc154d)
OK: P:\Photo\Из Сети\Танюша\231.jpg
✅ CRC OK: P:\Photo\Из Сети\Танюша\231.jpg (a7887f18)
OK: P:\Photo\Из Сети\Танюша\232.jpg
✅ CRC OK: P:\Photo\Из Сети\Танюша\232.jpg (cd168fdb)
OK: P:\Photo\Из Сети\Танюша\236.jpg
✅ CRC OK: P:\Photo\Из Сети\Танюша\236.jpg (15082889)
OK: P:\Photo\Из Сети\Танюша\237.jpg
✅ CRC OK: P:\Photo\Из Сети\Танюша\237.jpg (b6a12251)
OK: P:\Photo\Из Сети\Танюша\238.jpg
✅ CRC OK: P:\Photo\Из Сети\Танюша\238.jpg (0807ce36)
OK: P:\Photo\Из Сети\Танюша\239.jpg
✅ CRC OK: P:\Photo\Из Сети\Танюша\239.jpg (d73ef5f8)
OK: P:\Photo\Из Сети\Танюша\24.jpg
✅ CRC OK: P:\Photo\Из Сети\Танюша\24.jpg (1f1f19fe)
OK: P:\Photo\Из Сети\Танюша\240.jpg
✅ CRC OK: P:\Photo\Из Сети\Танюша\240.jpg (5b0877e6)
OK: P:\Photo\Из Сети\Танюша\241.jpg
✅ CRC OK: P:\Photo\Из Сети\Танюша\241.jpg (e05882f9)
OK: P:\Photo\Из Сети\Танюша\242.jpg
✅ CRC OK: P:\Photo\Из Сети\Танюша\242.jpg (3df949aa)
OK: P:\Photo\Из Сети\Танюша\243.jpg
✅ CRC OK: P:\Photo\Из Сети\Танюша\243.jpg (36863921)
OK: P:\Photo\Из Сети\Танюша\244.jpg
✅ CRC OK: P:\Photo\Из Сети\Танюша\244.jpg (4eea8118)
OK: P:\Photo\Из Сети\Танюша\245.jpg
✅ CRC OK: P:\Photo\Из Сети\Танюша\245.jpg (ee1ba560)
OK: P:\Photo\Из Сети\Танюша\246.jpg
✅ CRC OK: P:\Photo\Из Сети\Танюша\246.jpg (bf365d6e)
OK: P:\Photo\Из Сети\Танюша\247.jpg
✅ CRC OK: P:\Photo\Из Сети\Танюша\247.jpg (f91eb3a0)
OK: P:\Photo\Из Сети\Танюша\248.jpg
✅ CRC OK: P:\Photo\Из Сети\Танюша\248.jpg (f4749276)
OK: P:\Photo\Из Сети\Танюша\249.jpg
✅ CRC OK: P:\Photo\Из Сети\Танюша\249.jpg (e805b13d)
OK: P:\Photo\Из Сети\Танюша\25.jpg
✅ CRC OK: P:\Photo\Из Сети\Танюша\25.jpg (848663b0)
OK: P:\Photo\Из Сети\Танюша\250.jpg
✅ CRC OK: P:\Photo\Из Сети\Танюша\250.jpg (d891411c)
OK: P:\Photo\Из Сети\Танюша\251.jpg
✅ CRC OK: P:\Photo\Из Сети\Танюша\251.jpg (fbf7e892)
OK: P:\Photo\Из Сети\Танюша\252.jpg
✅ CRC OK: P:\Photo\Из Сети\Танюша\252.jpg (fa9ec7df)
OK: P:\Photo\Из Сети\Танюша\253.jpg
✅ CRC OK: P:\Photo\Из Сети\Танюша\253.jpg (c19d0ab5)
OK: P:\Photo\Из Сети\Танюша\254.jpg
✅ CRC OK: P:\Photo\Из Сети\Танюша\254.jpg (dea451e5)
OK: P:\Photo\Из Сети\Танюша\255.jpg
✅ CRC OK: P:\Photo\Из Сети\Танюша\255.jpg (27b13df0)
OK: P:\Photo\Из Сети\Танюша\256.jpg
✅ CRC OK: P:\Photo\Из Сети\Танюша\256.jpg (9459d178)
OK: P:\Photo\Из Сети\Танюша\257.jpg
✅ CRC OK: P:\Photo\Из Сети\Танюша\257.jpg (ed80a77a)
OK: P:\Photo\Из Сети\Танюша\258.jpg
✅ CRC OK: P:\Photo\Из Сети\Танюша\258.jpg (0a399119)
OK: P:\Photo\Из Сети\Танюша\259.jpg
✅ CRC OK: P:\Photo\Из Сети\Танюша\259.jpg (2e532316)
OK: P:\Photo\Из Сети\Танюша\26.jpg
✅ CRC OK: P:\Photo\Из Сети\Танюша\26.jpg (060214a9)
OK: P:\Photo\Из Сети\Танюша\260.jpg
✅ CRC OK: P:\Photo\Из Сети\Танюша\260.jpg (ad99e444)
OK: P:\Photo\Из Сети\Танюша\261.jpg
✅ CRC OK: P:\Photo\Из Сети\Танюша\261.jpg (f37adef4)
OK: P:\Photo\Из Сети\Танюша\262.jpg
✅ CRC OK: P:\Photo\Из Сети\Танюша\262.jpg (8f91f057)
OK: P:\Photo\Из Сети\Танюша\263.jpg
✅ CRC OK: P:\Photo\Из Сети\Танюша\263.jpg (c921ef2d)
OK: P:\Photo\Из Сети\Танюша\264.jpg
✅ CRC OK: P:\Photo\Из Сети\Танюша\264.jpg (addc70f5)
OK: P:\Photo\Из Сети\Танюша\265.jpg
✅ CRC OK: P:\Photo\Из Сети\Танюша\265.jpg (85b4f384)
OK: P:\Photo\Из Сети\Танюша\266.jpg
✅ CRC OK: P:\Photo\Из Сети\Танюша\266.jpg (45bceec8)
OK: P:\Photo\Из Сети\Танюша\267.jpg
✅ CRC OK: P:\Photo\Из Сети\Танюша\267.jpg (f394fc45)
OK: P:\Photo\Из Сети\Танюша\268.jpg
✅ CRC OK: P:\Photo\Из Сети\Танюша\268.jpg (890389da)
OK: P:\Photo\Из Сети\Танюша\269.jpg
✅ CRC OK: P:\Photo\Из Сети\Танюша\269.jpg (749d4d0a)
OK: P:\Photo\Из Сети\Танюша\27.jpg
✅ CRC OK: P:\Photo\Из Сети\Танюша\27.jpg (86c5be69)
OK: P:\Photo\Из Сети\Танюша\270.jpg
✅ CRC OK: P:\Photo\Из Сети\Танюша\270.jpg (750cc108)
OK: P:\Photo\Из Сети\Танюша\271.jpg
✅ CRC OK: P:\Photo\Из Сети\Танюша\271.jpg (3a81eae1)
OK: P:\Photo\Из Сети\Танюша\272.jpg
✅ CRC OK: P:\Photo\Из Сети\Танюша\272.jpg (149e3b51)
OK: P:\Photo\Из Сети\Танюша\273.jpg
✅ CRC OK: P:\Photo\Из Сети\Танюша\273.jpg (9d2b0b08)
OK: P:\Photo\Из Сети\Танюша\274.jpg
✅ CRC OK: P:\Photo\Из Сети\Танюша\274.jpg (3b7a990b)
OK: P:\Photo\Из Сети\Танюша\275.jpg
✅ CRC OK: P:\Photo\Из Сети\Танюша\275.jpg (ee5494f2)
OK: P:\Photo\Из Сети\Танюша\276.jpg
✅ CRC OK: P:\Photo\Из Сети\Танюша\276.jpg (347f8351)
OK: P:\Photo\Из Сети\Танюша\277.jpg
✅ CRC OK: P:\Photo\Из Сети\Танюша\277.jpg (b64693da)
OK: P:\Photo\Из Сети\Танюша\278.jpg
✅ CRC OK: P:\Photo\Из Сети\Танюша\278.jpg (b7d5914b)
OK: P:\Photo\Из Сети\Танюша\279.jpg
✅ CRC OK: P:\Photo\Из Сети\Танюша\279.jpg (4c2cd786)
OK: P:\Photo\Из Сети\Танюша\280.jpg
✅ CRC OK: P:\Photo\Из Сети\Танюша\280.jpg (9da8ddb8)
OK: P:\Photo\Из Сети\Танюша\281.jpg
✅ CRC OK: P:\Photo\Из Сети\Танюша\281.jpg (5a64cfae)
OK: P:\Photo\Из Сети\Танюша\282.jpg
✅ CRC OK: P:\Photo\Из Сети\Танюша\282.jpg (2f1ed02d)
OK: P:\Photo\Из Сети\Танюша\283.jpg
✅ CRC OK: P:\Photo\Из Сети\Танюша\283.jpg (68025c7f)
OK: P:\Photo\Из Сети\Танюша\284.jpg
✅ CRC OK: P:\Photo\Из Сети\Танюша\284.jpg (4827ba2a)
OK: P:\Photo\Из Сети\Танюша\285.jpg
✅ CRC OK: P:\Photo\Из Сети\Танюша\285.jpg (60278b5f)
OK: P:\Photo\Из Сети\Танюша\286.jpg
✅ CRC OK: P:\Photo\Из Сети\Танюша\286.jpg (d258b693)
OK: P:\Photo\Из Сети\Танюша\287.jpg
✅ CRC OK: P:\Photo\Из Сети\Танюша\287.jpg (bcc12efe)
OK: P:\Photo\Из Сети\Танюша\288.jpg
✅ CRC OK: P:\Photo\Из Сети\Танюша\288.jpg (b57f4194)
OK: P:\Photo\Из Сети\Танюша\289.jpg
✅ CRC OK: P:\Photo\Из Сети\Танюша\289.jpg (2bc8f4f2)
OK: P:\Photo\Из Сети\Танюша\290.jpg
✅ CRC OK: P:\Photo\Из Сети\Танюша\290.jpg (ad3244f9)
OK: P:\Photo\Из Сети\Танюша\291.jpg
✅ CRC OK: P:\Photo\Из Сети\Танюша\291.jpg (e08f74d1)
OK: P:\Photo\Из Сети\Танюша\292.jpg
✅ CRC OK: P:\Photo\Из Сети\Танюша\292.jpg (138439c8)
OK: P:\Photo\Из Сети\Танюша\293.jpg
✅ CRC OK: P:\Photo\Из Сети\Танюша\293.jpg (9d37e26b)
OK: P:\Photo\Из Сети\Танюша\294.jpg
✅ CRC OK: P:\Photo\Из Сети\Танюша\294.jpg (afe2ec1e)
OK: P:\Photo\Из Сети\Танюша\295.jpg
✅ CRC OK: P:\Photo\Из Сети\Танюша\295.jpg (8c985b05)
OK: P:\Photo\Из Сети\Танюша\296.jpg
✅ CRC OK: P:\Photo\Из Сети\Танюша\296.jpg (3f0917da)
OK: P:\Photo\Из Сети\Танюша\297.jpg
✅ CRC OK: P:\Photo\Из Сети\Танюша\297.jpg (2790f88d)
OK: P:\Photo\Из Сети\Танюша\298.jpg
✅ CRC OK: P:\Photo\Из Сети\Танюша\298.jpg (0463ac2e)
OK: P:\Photo\Из Сети\Танюша\299.jpg
✅ CRC OK: P:\Photo\Из Сети\Танюша\299.jpg (9af24163)
OK: P:\Photo\Из Сети\Танюша\300.jpg
✅ CRC OK: P:\Photo\Из Сети\Танюша\300.jpg (889dde00)
OK: P:\Photo\Из Сети\Танюша\301.jpg
✅ CRC OK: P:\Photo\Из Сети\Танюша\301.jpg (c0e1fa83)
OK: P:\Photo\Из Сети\Танюша\302.jpg
✅ CRC OK: P:\Photo\Из Сети\Танюша\302.jpg (d0e19d00)
OK: P:\Photo\Из Сети\Танюша\303.jpg
✅ CRC OK: P:\Photo\Из Сети\Танюша\303.jpg (24498e51)
OK: P:\Photo\Из Сети\Танюша\304.jpg
✅ CRC OK: P:\Photo\Из Сети\Танюша\304.jpg (0a65494e)
OK: P:\Photo\Из Сети\Танюша\305.jpg
✅ CRC OK: P:\Photo\Из Сети\Танюша\305.jpg (d99ebacb)
OK: P:\Photo\Из Сети\Танюша\306.jpg
✅ CRC OK: P:\Photo\Из Сети\Танюша\306.jpg (873704f5)
OK: P:\Photo\Из Сети\Танюша\307.jpg
✅ CRC OK: P:\Photo\Из Сети\Танюша\307.jpg (bdd86394)
OK: P:\Photo\Из Сети\Танюша\308.jpg
✅ CRC OK: P:\Photo\Из Сети\Танюша\308.jpg (773316b6)
OK: P:\Photo\Из Сети\Танюша\309.jpg
✅ CRC OK: P:\Photo\Из Сети\Танюша\309.jpg (ef66c5c9)
OK: P:\Photo\Из Сети\Танюша\31.jpg
✅ CRC OK: P:\Photo\Из Сети\Танюша\31.jpg (5b2ba368)
OK: P:\Photo\Из Сети\Танюша\310.jpg
✅ CRC OK: P:\Photo\Из Сети\Танюша\310.jpg (0ed91429)
OK: P:\Photo\Из Сети\Танюша\311.jpg
✅ CRC OK: P:\Photo\Из Сети\Танюша\311.jpg (b107f795)
OK: P:\Photo\Из Сети\Танюша\312.jpg
✅ CRC OK: P:\Photo\Из Сети\Танюша\312.jpg (c712c7cc)
OK: P:\Photo\Из Сети\Танюша\313.jpg
✅ CRC OK: P:\Photo\Из Сети\Танюша\313.jpg (d7a23e64)
OK: P:\Photo\Из Сети\Танюша\314.jpg
✅ CRC OK: P:\Photo\Из Сети\Танюша\314.jpg (6bfb236b)
OK: P:\Photo\Из Сети\Танюша\315.jpg
✅ CRC OK: P:\Photo\Из Сети\Танюша\315.jpg (7e576dee)
OK: P:\Photo\Из Сети\Танюша\316.jpg
✅ CRC OK: P:\Photo\Из Сети\Танюша\316.jpg (27efb7b0)
OK: P:\Photo\Из Сети\Танюша\317.jpg
✅ CRC OK: P:\Photo\Из Сети\Танюша\317.jpg (724de9fe)
OK: P:\Photo\Из Сети\Танюша\318.jpg
✅ CRC OK: P:\Photo\Из Сети\Танюша\318.jpg (5fd814b7)
OK: P:\Photo\Из Сети\Танюша\319.jpg
✅ CRC OK: P:\Photo\Из Сети\Танюша\319.jpg (d28275a7)
OK: P:\Photo\Из Сети\Танюша\32.jpg
✅ CRC OK: P:\Photo\Из Сети\Танюша\32.jpg (6666068f)
OK: P:\Photo\Из Сети\Танюша\320.jpg
✅ CRC OK: P:\Photo\Из Сети\Танюша\320.jpg (133ed6f3)
OK: P:\Photo\Из Сети\Танюша\321.jpg
✅ CRC OK: P:\Photo\Из Сети\Танюша\321.jpg (555c509d)
OK: P:\Photo\Из Сети\Танюша\322.jpg
✅ CRC OK: P:\Photo\Из Сети\Танюша\322.jpg (3a33c7ba)
OK: P:\Photo\Из Сети\Танюша\323.jpg
✅ CRC OK: P:\Photo\Из Сети\Танюша\323.jpg (7bf66b51)
OK: P:\Photo\Из Сети\Танюша\324.jpg
✅ CRC OK: P:\Photo\Из Сети\Танюша\324.jpg (5c596dde)
OK: P:\Photo\Из Сети\Танюша\325.jpg
✅ CRC OK: P:\Photo\Из Сети\Танюша\325.jpg (79c99889)
OK: P:\Photo\Из Сети\Танюша\326.jpg
✅ CRC OK: P:\Photo\Из Сети\Танюша\326.jpg (96640fb1)
OK: P:\Photo\Из Сети\Танюша\327.jpg
✅ CRC OK: P:\Photo\Из Сети\Танюша\327.jpg (729d3346)
OK: P:\Photo\Из Сети\Танюша\328.jpg
✅ CRC OK: P:\Photo\Из Сети\Танюша\328.jpg (c63b6f18)
OK: P:\Photo\Из Сети\Танюша\329.jpg
✅ CRC OK: P:\Photo\Из Сети\Танюша\329.jpg (94f299b6)
OK: P:\Photo\Из Сети\Танюша\33.jpg
✅ CRC OK: P:\Photo\Из Сети\Танюша\33.jpg (18fd9d16)
OK: P:\Photo\Из Сети\Танюша\330.jpg
✅ CRC OK: P:\Photo\Из Сети\Танюша\330.jpg (e3b6556d)
OK: P:\Photo\Из Сети\Танюша\331.jpg
✅ CRC OK: P:\Photo\Из Сети\Танюша\331.jpg (645caa1b)
OK: P:\Photo\Из Сети\Танюша\332.jpg
✅ CRC OK: P:\Photo\Из Сети\Танюша\332.jpg (47e1b5bc)
OK: P:\Photo\Из Сети\Танюша\333.jpg
✅ CRC OK: P:\Photo\Из Сети\Танюша\333.jpg (ff99902a)
OK: P:\Photo\Из Сети\Танюша\334.jpg
✅ CRC OK: P:\Photo\Из Сети\Танюша\334.jpg (dcd59893)
OK: P:\Photo\Из Сети\Танюша\335.jpg
✅ CRC OK: P:\Photo\Из Сети\Танюша\335.jpg (44d9f6a3)
OK: P:\Photo\Из Сети\Танюша\336.jpg
✅ CRC OK: P:\Photo\Из Сети\Танюша\336.jpg (1d11b927)
OK: P:\Photo\Из Сети\Танюша\337.jpg
✅ CRC OK: P:\Photo\Из Сети\Танюша\337.jpg (2afeb19d)
OK: P:\Photo\Из Сети\Танюша\338.jpg
✅ CRC OK: P:\Photo\Из Сети\Танюша\338.jpg (ce2f026c)
OK: P:\Photo\Из Сети\Танюша\339.jpg
✅ CRC OK: P:\Photo\Из Сети\Танюша\339.jpg (2f9fb608)
OK: P:\Photo\Из Сети\Танюша\34.jpg
✅ CRC OK: P:\Photo\Из Сети\Танюша\34.jpg (14ca9466)
OK: P:\Photo\Из Сети\Танюша\340.jpg
✅ CRC OK: P:\Photo\Из Сети\Танюша\340.jpg (9929a7fd)
OK: P:\Photo\Из Сети\Танюша\341.jpg
✅ CRC OK: P:\Photo\Из Сети\Танюша\341.jpg (8dde377f)
OK: P:\Photo\Из Сети\Танюша\342.jpg
✅ CRC OK: P:\Photo\Из Сети\Танюша\342.jpg (54f95065)
OK: P:\Photo\Из Сети\Танюша\343.jpg
✅ CRC OK: P:\Photo\Из Сети\Танюша\343.jpg (a0e46828)
OK: P:\Photo\Из Сети\Танюша\35.jpg
✅ CRC OK: P:\Photo\Из Сети\Танюша\35.jpg (df9cf420)
OK: P:\Photo\Из Сети\Танюша\36.jpg
✅ CRC OK: P:\Photo\Из Сети\Танюша\36.jpg (e0816107)
OK: P:\Photo\Из Сети\Танюша\37.jpg
✅ CRC OK: P:\Photo\Из Сети\Танюша\37.jpg (0837f7bd)
OK: P:\Photo\Из Сети\Танюша\38.jpg
✅ CRC OK: P:\Photo\Из Сети\Танюша\38.jpg (6240581a)
OK: P:\Photo\Из Сети\Танюша\39.jpg
✅ CRC OK: P:\Photo\Из Сети\Танюша\39.jpg (5f31502f)
OK: P:\Photo\Из Сети\Танюша\40.jpg
✅ CRC OK: P:\Photo\Из Сети\Танюша\40.jpg (24779e65)
OK: P:\Photo\Из Сети\Танюша\42.jpg
✅ CRC OK: P:\Photo\Из Сети\Танюша\42.jpg (a1326894)
OK: P:\Photo\Из Сети\Танюша\43.jpg
✅ CRC OK: P:\Photo\Из Сети\Танюша\43.jpg (febb07f7)
OK: P:\Photo\Из Сети\Танюша\44.jpg
✅ CRC OK: P:\Photo\Из Сети\Танюша\44.jpg (ced138e3)
OK: P:\Photo\Из Сети\Танюша\46.jpg
✅ CRC OK: P:\Photo\Из Сети\Танюша\46.jpg (c2e4631f)
OK: P:\Photo\Из Сети\Танюша\47.jpg
✅ CRC OK: P:\Photo\Из Сети\Танюша\47.jpg (5bb5aa83)
OK: P:\Photo\Из Сети\Танюша\48.jpg
✅ CRC OK: P:\Photo\Из Сети\Танюша\48.jpg (26fea4ff)
OK: P:\Photo\Из Сети\Танюша\50.jpg
✅ CRC OK: P:\Photo\Из Сети\Танюша\50.jpg (37529a80)
OK: P:\Photo\Из Сети\Танюша\51.jpg
✅ CRC OK: P:\Photo\Из Сети\Танюша\51.jpg (1f44da19)
OK: P:\Photo\Из Сети\Танюша\52.jpg
✅ CRC OK: P:\Photo\Из Сети\Танюша\52.jpg (14266793)
OK: P:\Photo\Из Сети\Танюша\53.jpg
✅ CRC OK: P:\Photo\Из Сети\Танюша\53.jpg (da8a2e09)
OK: P:\Photo\Из Сети\Танюша\54.jpg
✅ CRC OK: P:\Photo\Из Сети\Танюша\54.jpg (03ce339c)
OK: P:\Photo\Из Сети\Танюша\56.jpg
✅ CRC OK: P:\Photo\Из Сети\Танюша\56.jpg (7bfaf47c)
OK: P:\Photo\Из Сети\Танюша\57.jpg
✅ CRC OK: P:\Photo\Из Сети\Танюша\57.jpg (44f85a03)
OK: P:\Photo\Из Сети\Танюша\58.jpg
✅ CRC OK: P:\Photo\Из Сети\Танюша\58.jpg (c739388b)
OK: P:\Photo\Из Сети\Танюша\59.jpg
✅ CRC OK: P:\Photo\Из Сети\Танюша\59.jpg (1ac435e4)
OK: P:\Photo\Из Сети\Танюша\60.jpg
✅ CRC OK: P:\Photo\Из Сети\Танюша\60.jpg (3804e287)
OK: P:\Photo\Из Сети\Танюша\62.jpg
✅ CRC OK: P:\Photo\Из Сети\Танюша\62.jpg (e6a4f9ea)
OK: P:\Photo\Из Сети\Танюша\63.jpg
✅ CRC OK: P:\Photo\Из Сети\Танюша\63.jpg (716360d2)
OK: P:\Photo\Из Сети\Танюша\64.jpg
✅ CRC OK: P:\Photo\Из Сети\Танюша\64.jpg (27a68219)
OK: P:\Photo\Из Сети\Танюша\65.jpg
✅ CRC OK: P:\Photo\Из Сети\Танюша\65.jpg (45d375e4)
OK: P:\Photo\Из Сети\Танюша\66.jpg
✅ CRC OK: P:\Photo\Из Сети\Танюша\66.jpg (d18995ec)
OK: P:\Photo\Из Сети\Танюша\67.jpg
✅ CRC OK: P:\Photo\Из Сети\Танюша\67.jpg (6b431691)
OK: P:\Photo\Из Сети\Танюша\68.jpg
✅ CRC OK: P:\Photo\Из Сети\Танюша\68.jpg (813b34fd)
OK: P:\Photo\Из Сети\Танюша\69.jpg
✅ CRC OK: P:\Photo\Из Сети\Танюша\69.jpg (33dfbfbd)
OK: P:\Photo\Из Сети\Танюша\70.jpg
✅ CRC OK: P:\Photo\Из Сети\Танюша\70.jpg (f17cf01d)
OK: P:\Photo\Из Сети\Танюша\71.jpg
✅ CRC OK: P:\Photo\Из Сети\Танюша\71.jpg (2928f2f1)
OK: P:\Photo\Из Сети\Танюша\72.jpg
✅ CRC OK: P:\Photo\Из Сети\Танюша\72.jpg (6fd00d4f)
OK: P:\Photo\Из Сети\Танюша\73.jpg
✅ CRC OK: P:\Photo\Из Сети\Танюша\73.jpg (9d8335ec)
OK: P:\Photo\Из Сети\Танюша\75.jpg
✅ CRC OK: P:\Photo\Из Сети\Танюша\75.jpg (c15459f7)
OK: P:\Photo\Из Сети\Танюша\76.jpg
✅ CRC OK: P:\Photo\Из Сети\Танюша\76.jpg (854df543)
OK: P:\Photo\Из Сети\Танюша\77.jpg
✅ CRC OK: P:\Photo\Из Сети\Танюша\77.jpg (8410d83c)
OK: P:\Photo\Из Сети\Танюша\78.jpg
✅ CRC OK: P:\Photo\Из Сети\Танюша\78.jpg (da8aa8e7)
OK: P:\Photo\Из Сети\Танюша\79.jpg
✅ CRC OK: P:\Photo\Из Сети\Танюша\79.jpg (be07fa83)
OK: P:\Photo\Из Сети\Танюша\80.jpg
✅ CRC OK: P:\Photo\Из Сети\Танюша\80.jpg (1549a26f)
OK: P:\Photo\Из Сети\Танюша\81.jpg
✅ CRC OK: P:\Photo\Из Сети\Танюша\81.jpg (f3ffc17a)
OK: P:\Photo\Из Сети\Танюша\82.jpg
✅ CRC OK: P:\Photo\Из Сети\Танюша\82.jpg (0ca1f19b)
OK: P:\Photo\Из Сети\Танюша\83.jpg
✅ CRC OK: P:\Photo\Из Сети\Танюша\83.jpg (e6a06cab)
OK: P:\Photo\Из Сети\Танюша\84.jpg
✅ CRC OK: P:\Photo\Из Сети\Танюша\84.jpg (a74ebf5b)
OK: P:\Photo\Из Сети\Танюша\85.jpg
✅ CRC OK: P:\Photo\Из Сети\Танюша\85.jpg (d0df217f)
OK: P:\Photo\Из Сети\Танюша\86.jpg
✅ CRC OK: P:\Photo\Из Сети\Танюша\86.jpg (f08cdb2d)
OK: P:\Photo\Из Сети\Танюша\87.jpg
✅ CRC OK: P:\Photo\Из Сети\Танюша\87.jpg (3c13cfc5)
OK: P:\Photo\Из Сети\Танюша\88.jpg
✅ CRC OK: P:\Photo\Из Сети\Танюша\88.jpg (d1ad0018)
OK: P:\Photo\Из Сети\Танюша\89.jpg
✅ CRC OK: P:\Photo\Из Сети\Танюша\89.jpg (7912280e)
OK: P:\Photo\Из Сети\Танюша\90.jpg
✅ CRC OK: P:\Photo\Из Сети\Танюша\90.jpg (e16e7f16)
OK: P:\Photo\Из Сети\Танюша\91.jpg
✅ CRC OK: P:\Photo\Из Сети\Танюша\91.jpg (0e59109f)
OK: P:\Photo\Из Сети\Танюша\93.jpg
✅ CRC OK: P:\Photo\Из Сети\Танюша\93.jpg (4b08d62a)
OK: P:\Photo\Из Сети\Танюша\94.jpg
✅ CRC OK: P:\Photo\Из Сети\Танюша\94.jpg (3fd5444b)
OK: P:\Photo\Из Сети\Танюша\95.jpg
✅ CRC OK: P:\Photo\Из Сети\Танюша\95.jpg (cbd660c7)
OK: P:\Photo\Из Сети\Танюша\96.jpg
✅ CRC OK: P:\Photo\Из Сети\Танюша\96.jpg (f5a2b336)
OK: P:\Photo\Из Сети\Танюша\97.jpg
✅ CRC OK: P:\Photo\Из Сети\Танюша\97.jpg (4bd2aa72)
OK: P:\Photo\Из Сети\Танюша\98.jpg
✅ CRC OK: P:\Photo\Из Сети\Танюша\98.jpg (d0e20a27)
OK: P:\Photo\Из Сети\Танюша\99.jpg
✅ CRC OK: P:\Photo\Из Сети\Танюша\99.jpg (edf2e60f)
OK: P:\Photo\Из Сети\Танюша\bond.orenko-138756860_312767063502357_4648882120581825517_n.jpg
✅ CRC OK: P:\Photo\Из Сети\Танюша\bond.orenko-138756860_312767063502357_4648882120581825517_n.jpg (dc077809)
OK: P:\Photo\Из Сети\Танюша\bond.orenko-138994225_1495738677303182_7156579989191316345_n.jpg
✅ CRC OK: P:\Photo\Из Сети\Танюша\bond.orenko-138994225_1495738677303182_7156579989191316345_n.jpg (cfd9366e)
OK: P:\Photo\Из Сети\Танюша\bond.orenko-189410577_329163038738515_2680769459475471422_n.jpg
✅ CRC OK: P:\Photo\Из Сети\Танюша\bond.orenko-189410577_329163038738515_2680769459475471422_n.jpg (c24a048b)
OK: P:\Photo\Из Сети\Танюша\bond.orenko-189511782_1393260687734791_2049669244593844545_n.jpg
✅ CRC OK: P:\Photo\Из Сети\Танюша\bond.orenko-189511782_1393260687734791_2049669244593844545_n.jpg (91dac6a9)
OK: P:\Photo\Из Сети\Танюша\bond.orenko-189580003_767042104011240_5923480855960226946_n.jpg
✅ CRC OK: P:\Photo\Из Сети\Танюша\bond.orenko-189580003_767042104011240_5923480855960226946_n.jpg (e6896f5f)
OK: P:\Photo\Из Сети\Танюша\bond.orenko-189652355_551231642911593_581944620760571896_n.jpg
✅ CRC OK: P:\Photo\Из Сети\Танюша\bond.orenko-189652355_551231642911593_581944620760571896_n.jpg (fb7a2338)
OK: P:\Photo\Из Сети\Танюша\bond.orenko-189750581_319287559600745_6808229248821394623_n.jpg
✅ CRC OK: P:\Photo\Из Сети\Танюша\bond.orenko-189750581_319287559600745_6808229248821394623_n.jpg (468613ac)
OK: P:\Photo\Из Сети\Танюша\bond.orenko-189818121_767574393907643_6950305725118092821_n.jpg
✅ CRC OK: P:\Photo\Из Сети\Танюша\bond.orenko-189818121_767574393907643_6950305725118092821_n.jpg (e5423a62)
OK: P:\Photo\Из Сети\Танюша\bond.orenko-189858711_463606771394249_2822880296777068024_n.jpg
✅ CRC OK: P:\Photo\Из Сети\Танюша\bond.orenko-189858711_463606771394249_2822880296777068024_n.jpg (617cec3d)
OK: P:\Photo\Из Сети\Танюша\bond.orenko-190230097_886877495202842_4117771011094258690_n.jpg
✅ CRC OK: P:\Photo\Из Сети\Танюша\bond.orenko-190230097_886877495202842_4117771011094258690_n.jpg (cfba1734)
OK: P:\Photo\Из Сети\Танюша\bond.orenko-190287510_338752007677886_7072979193314000135_n.jpg
✅ CRC OK: P:\Photo\Из Сети\Танюша\bond.orenko-190287510_338752007677886_7072979193314000135_n.jpg (2389d614)
OK: P:\Photo\Из Сети\Танюша\bond.orenko-190456559_1142604142891140_1718921283527543809_n.jpg
✅ CRC OK: P:\Photo\Из Сети\Танюша\bond.orenko-190456559_1142604142891140_1718921283527543809_n.jpg (007984bf)
OK: P:\Photo\Из Сети\Танюша\bond.orenko-190487531_127365329387735_6950085045501010783_n.jpg
✅ CRC OK: P:\Photo\Из Сети\Танюша\bond.orenko-190487531_127365329387735_6950085045501010783_n.jpg (19a2a93d)
OK: P:\Photo\Из Сети\Танюша\bond.orenko-190547037_2294322750700004_3609844892309915804_n.jpg
✅ CRC OK: P:\Photo\Из Сети\Танюша\bond.orenko-190547037_2294322750700004_3609844892309915804_n.jpg (17ee0c82)
OK: P:\Photo\Из Сети\Танюша\bond.orenko-190725717_853976912138071_7165561710475047612_n.jpg
✅ CRC OK: P:\Photo\Из Сети\Танюша\bond.orenko-190725717_853976912138071_7165561710475047612_n.jpg (5f9fade3)
OK: P:\Photo\Из Сети\Танюша\bond.orenko-190794535_1158232214653732_863057223127597819_n.jpg
✅ CRC OK: P:\Photo\Из Сети\Танюша\bond.orenko-190794535_1158232214653732_863057223127597819_n.jpg (445873bf)
OK: P:\Photo\Из Сети\Танюша\bond.orenko-191199862_400109281034249_8578775551385741166_n.jpg
✅ CRC OK: P:\Photo\Из Сети\Танюша\bond.orenko-191199862_400109281034249_8578775551385741166_n.jpg (2134e2b1)
OK: P:\Photo\Из Сети\Танюша\bond.orenko-191224512_596586537983461_436729418429708721_n.jpg
✅ CRC OK: P:\Photo\Из Сети\Танюша\bond.orenko-191224512_596586537983461_436729418429708721_n.jpg (dcb4cd32)
OK: P:\Photo\Из Сети\Танюша\bond.orenko-191313734_146093914205474_3491567076637537176_n.jpg
✅ CRC OK: P:\Photo\Из Сети\Танюша\bond.orenko-191313734_146093914205474_3491567076637537176_n.jpg (a49c9885)
OK: P:\Photo\Из Сети\Танюша\bond.orenko-191624506_290998959369327_2932637767337451503_n.jpg
✅ CRC OK: P:\Photo\Из Сети\Танюша\bond.orenko-191624506_290998959369327_2932637767337451503_n.jpg (b4cbfa09)
OK: P:\Photo\Из Сети\Танюша\bond.orenko-191662290_985705388838499_3349493173836452033_n.jpg
✅ CRC OK: P:\Photo\Из Сети\Танюша\bond.orenko-191662290_985705388838499_3349493173836452033_n.jpg (2705af49)
OK: P:\Photo\Из Сети\Танюша\bond.orenko-191687675_2259331247536691_5346868440263761648_n.jpg
✅ CRC OK: P:\Photo\Из Сети\Танюша\bond.orenko-191687675_2259331247536691_5346868440263761648_n.jpg (b25011c3)
OK: P:\Photo\Из Сети\Танюша\bond.orenko-193292570_332534061608869_8745887345234708756_n.jpg
✅ CRC OK: P:\Photo\Из Сети\Танюша\bond.orenko-193292570_332534061608869_8745887345234708756_n.jpg (612a71e6)
OK: P:\Photo\Из Сети\Танюша\bond.orenko-193470121_349683676513595_7666554266746447064_n.jpg
✅ CRC OK: P:\Photo\Из Сети\Танюша\bond.orenko-193470121_349683676513595_7666554266746447064_n.jpg (d1aa2a7c)
OK: P:\Photo\Из Сети\Танюша\bond.orenko-194405032_797308784324019_8974539708774636257_n.jpg
✅ CRC OK: P:\Photo\Из Сети\Танюша\bond.orenko-194405032_797308784324019_8974539708774636257_n.jpg (95740001)
OK: P:\Photo\Из Сети\Танюша\bond.orenko-194458658_535443487464764_976684651805847025_n.jpg
✅ CRC OK: P:\Photo\Из Сети\Танюша\bond.orenko-194458658_535443487464764_976684651805847025_n.jpg (b5bbd95f)
OK: P:\Photo\Из Сети\Танюша\bond.orenko-194911488_250188850211947_8637722573886826045_n.jpg
✅ CRC OK: P:\Photo\Из Сети\Танюша\bond.orenko-194911488_250188850211947_8637722573886826045_n.jpg (0aceb36c)
OK: P:\Photo\Из Сети\Танюша\bond.orenko-195422347_119801630280438_8649037342086992540_n.jpg
✅ CRC OK: P:\Photo\Из Сети\Танюша\bond.orenko-195422347_119801630280438_8649037342086992540_n.jpg (146f67d5)
OK: P:\Photo\Из Сети\Танюша\bond.orenko-196687836_241247617801318_7856601085217204793_n.jpg
✅ CRC OK: P:\Photo\Из Сети\Танюша\bond.orenko-196687836_241247617801318_7856601085217204793_n.jpg (5873f44a)
OK: P:\Photo\Из Сети\Танюша\bond.orenko-196866317_802048737110820_7805191797532028930_n.jpg
✅ CRC OK: P:\Photo\Из Сети\Танюша\bond.orenko-196866317_802048737110820_7805191797532028930_n.jpg (f5ef4e66)
OK: P:\Photo\Из Сети\Танюша\bond.orenko-196873478_594674714829951_5003379640718374512_n.jpg
✅ CRC OK: P:\Photo\Из Сети\Танюша\bond.orenko-196873478_594674714829951_5003379640718374512_n.jpg (b01a01d2)
OK: P:\Photo\Из Сети\Танюша\bond.orenko-197121434_490100289081216_5295381985477036548_n.jpg
✅ CRC OK: P:\Photo\Из Сети\Танюша\bond.orenko-197121434_490100289081216_5295381985477036548_n.jpg (11df5c9a)
OK: P:\Photo\Из Сети\Танюша\bond.orenko-197232473_178669880753471_2367480206506455_n.jpg
✅ CRC OK: P:\Photo\Из Сети\Танюша\bond.orenko-197232473_178669880753471_2367480206506455_n.jpg (35e786b2)
OK: P:\Photo\Из Сети\Танюша\bond.orenko-197246638_1385251488522232_2610961947585290144_n.jpg
✅ CRC OK: P:\Photo\Из Сети\Танюша\bond.orenko-197246638_1385251488522232_2610961947585290144_n.jpg (72bfa24b)
OK: P:\Photo\Из Сети\Танюша\bond.orenko-197274638_467795910982524_4240141253252582131_n.jpg
✅ CRC OK: P:\Photo\Из Сети\Танюша\bond.orenko-197274638_467795910982524_4240141253252582131_n.jpg (c5b02368)
OK: P:\Photo\Из Сети\Танюша\bond.orenko-197349867_543490796662689_3317867628064444507_n.jpg
✅ CRC OK: P:\Photo\Из Сети\Танюша\bond.orenko-197349867_543490796662689_3317867628064444507_n.jpg (012a2b7c)
OK: P:\Photo\Из Сети\Танюша\bond.orenko-197421670_1126197754552714_6761567047799119261_n.jpg
✅ CRC OK: P:\Photo\Из Сети\Танюша\bond.orenko-197421670_1126197754552714_6761567047799119261_n.jpg (2a3005b2)
OK: P:\Photo\Из Сети\Танюша\bond.orenko-197426432_120456236835188_4138440541769416263_n.jpg
✅ CRC OK: P:\Photo\Из Сети\Танюша\bond.orenko-197426432_120456236835188_4138440541769416263_n.jpg (f96b74a6)
OK: P:\Photo\Из Сети\Танюша\bond.orenko-197562766_525127632178327_8235426841029959971_n.jpg
✅ CRC OK: P:\Photo\Из Сети\Танюша\bond.orenko-197562766_525127632178327_8235426841029959971_n.jpg (94d2de98)
OK: P:\Photo\Из Сети\Танюша\bond.orenko-197599331_1432321540475281_7150293196124772892_n.jpg
✅ CRC OK: P:\Photo\Из Сети\Танюша\bond.orenko-197599331_1432321540475281_7150293196124772892_n.jpg (bd78c8ef)
OK: P:\Photo\Из Сети\Танюша\bond.orenko-197770086_534087230957483_8395372080375720141_n.jpg
✅ CRC OK: P:\Photo\Из Сети\Танюша\bond.orenko-197770086_534087230957483_8395372080375720141_n.jpg (456360cc)
OK: P:\Photo\Из Сети\Танюша\bond.orenko-197877207_504643640738391_4297975997194272891_n.jpg
✅ CRC OK: P:\Photo\Из Сети\Танюша\bond.orenko-197877207_504643640738391_4297975997194272891_n.jpg (940d7a0a)
OK: P:\Photo\Из Сети\Танюша\bond.orenko-198028761_161782289260957_8064449258051730459_n.jpg
✅ CRC OK: P:\Photo\Из Сети\Танюша\bond.orenko-198028761_161782289260957_8064449258051730459_n.jpg (681a4690)
OK: P:\Photo\Из Сети\Танюша\bond.orenko-198348964_1216536558766110_8760654356409462733_n.jpg
✅ CRC OK: P:\Photo\Из Сети\Танюша\bond.orenko-198348964_1216536558766110_8760654356409462733_n.jpg (14c9c5d2)
OK: P:\Photo\Из Сети\Танюша\bond.orenko-198362084_2953048984940303_7188316135975874252_n.jpg
✅ CRC OK: P:\Photo\Из Сети\Танюша\bond.orenko-198362084_2953048984940303_7188316135975874252_n.jpg (8276e424)
OK: P:\Photo\Из Сети\Танюша\bond.orenko-198600436_932285294262243_4720620047599895785_n.jpg
✅ CRC OK: P:\Photo\Из Сети\Танюша\bond.orenko-198600436_932285294262243_4720620047599895785_n.jpg (78b21a22)
OK: P:\Photo\Из Сети\Танюша\bond.orenko-198723880_176490437750757_1662836057744896730_n.jpg
✅ CRC OK: P:\Photo\Из Сети\Танюша\bond.orenko-198723880_176490437750757_1662836057744896730_n.jpg (ebe4d746)
OK: P:\Photo\Из Сети\Танюша\bond.orenko-198946811_120933830174299_5644204110310841868_n.jpg
✅ CRC OK: P:\Photo\Из Сети\Танюша\bond.orenko-198946811_120933830174299_5644204110310841868_n.jpg (cf77217e)
OK: P:\Photo\Из Сети\Танюша\bond.orenko-208751357_1920157231477156_8264626567372077290_n.jpg
✅ CRC OK: P:\Photo\Из Сети\Танюша\bond.orenko-208751357_1920157231477156_8264626567372077290_n.jpg (b7168806)
OK: P:\Photo\Из Сети\Танюша\bond.orenko-208880708_333689085092772_1913434066309571663_n.jpg
✅ CRC OK: P:\Photo\Из Сети\Танюша\bond.orenko-208880708_333689085092772_1913434066309571663_n.jpg (252c9f80)
OK: P:\Photo\Из Сети\Танюша\bond.orenko-209006769_2831606243758360_6199212303437560404_n.jpg
✅ CRC OK: P:\Photo\Из Сети\Танюша\bond.orenko-209006769_2831606243758360_6199212303437560404_n.jpg (d3af9a92)
OK: P:\Photo\Из Сети\Танюша\bond.orenko-209008401_542491076787114_5132557873932118662_n.jpg
✅ CRC OK: P:\Photo\Из Сети\Танюша\bond.orenko-209008401_542491076787114_5132557873932118662_n.jpg (e25fa350)
OK: P:\Photo\Из Сети\Танюша\bond.orenko-210011269_1483523848654824_6717969749323843342_n.jpg
✅ CRC OK: P:\Photo\Из Сети\Танюша\bond.orenko-210011269_1483523848654824_6717969749323843342_n.jpg (1b38dd37)
OK: P:\Photo\Из Сети\Танюша\bond.orenko-210143420_2911514835763246_8694747132758165366_n.jpg
✅ CRC OK: P:\Photo\Из Сети\Танюша\bond.orenko-210143420_2911514835763246_8694747132758165366_n.jpg (a7f47531)
OK: P:\Photo\Из Сети\Танюша\bond.orenko-210188423_311878450633960_1048945867566196595_n.jpg
✅ CRC OK: P:\Photo\Из Сети\Танюша\bond.orenko-210188423_311878450633960_1048945867566196595_n.jpg (4965338e)
OK: P:\Photo\Из Сети\Танюша\bond.orenko-210426540_365345745011355_4459062490388023796_n.jpg
✅ CRC OK: P:\Photo\Из Сети\Танюша\bond.orenko-210426540_365345745011355_4459062490388023796_n.jpg (f8c18e25)
OK: P:\Photo\Из Сети\Танюша\bond.orenko-210436338_999246744180261_8833791012788328961_n.jpg
✅ CRC OK: P:\Photo\Из Сети\Танюша\bond.orenko-210436338_999246744180261_8833791012788328961_n.jpg (9e23eb63)
OK: P:\Photo\Из Сети\Танюша\bond.orenko-210465359_534507931077388_6318794658965372067_n.jpg
✅ CRC OK: P:\Photo\Из Сети\Танюша\bond.orenko-210465359_534507931077388_6318794658965372067_n.jpg (6bf242a6)
OK: P:\Photo\Из Сети\Танюша\bond.orenko-210499897_989565605155414_8179038893039670650_n.jpg
✅ CRC OK: P:\Photo\Из Сети\Танюша\bond.orenko-210499897_989565605155414_8179038893039670650_n.jpg (6bb91026)
OK: P:\Photo\Из Сети\Танюша\bond.orenko-210548712_213385537319153_4275508557790763751_n.jpg
✅ CRC OK: P:\Photo\Из Сети\Танюша\bond.orenko-210548712_213385537319153_4275508557790763751_n.jpg (03955233)
OK: P:\Photo\Из Сети\Танюша\bond.orenko-210578185_501987171132573_6394182720218869634_n.jpg
✅ CRC OK: P:\Photo\Из Сети\Танюша\bond.orenko-210578185_501987171132573_6394182720218869634_n.jpg (0bb761a9)
OK: P:\Photo\Из Сети\Танюша\bond.orenko-210791668_763447234323522_5820212205710349028_n.jpg
✅ CRC OK: P:\Photo\Из Сети\Танюша\bond.orenko-210791668_763447234323522_5820212205710349028_n.jpg (19d50e65)
OK: P:\Photo\Из Сети\Танюша\bond.orenko-210865543_2659659967665101_3503185587432148992_n.jpg
✅ CRC OK: P:\Photo\Из Сети\Танюша\bond.orenko-210865543_2659659967665101_3503185587432148992_n.jpg (69e8808b)
OK: P:\Photo\Из Сети\Танюша\bond.orenko-210893455_1541580819558936_5277440932745848506_n.jpg
✅ CRC OK: P:\Photo\Из Сети\Танюша\bond.orenko-210893455_1541580819558936_5277440932745848506_n.jpg (e0e380c4)
OK: P:\Photo\Из Сети\Танюша\bond.orenko-210893631_2955472541364136_1698072652652855634_n.jpg
✅ CRC OK: P:\Photo\Из Сети\Танюша\bond.orenko-210893631_2955472541364136_1698072652652855634_n.jpg (1b18a1aa)
OK: P:\Photo\Из Сети\Танюша\bond.orenko-219872086_248639283447575_8773370562668988113_n.jpg
✅ CRC OK: P:\Photo\Из Сети\Танюша\bond.orenko-219872086_248639283447575_8773370562668988113_n.jpg (2b0dc43b)
OK: P:\Photo\Из Сети\Танюша\bond.orenko-233687160_850557962253942_442580632083975923_n.jpg
✅ CRC OK: P:\Photo\Из Сети\Танюша\bond.orenko-233687160_850557962253942_442580632083975923_n.jpg (058910d6)
OK: P:\Photo\Из Сети\Танюша\bond.orenko-233692169_207214104704621_4567193286401850590_n.jpg
✅ CRC OK: P:\Photo\Из Сети\Танюша\bond.orenko-233692169_207214104704621_4567193286401850590_n.jpg (df374492)
OK: P:\Photo\Из Сети\Танюша\bond.orenko-233787316_185412620248000_2760235263406170316_n.jpg
✅ CRC OK: P:\Photo\Из Сети\Танюша\bond.orenko-233787316_185412620248000_2760235263406170316_n.jpg (174e8845)
OK: P:\Photo\Из Сети\Танюша\bond.orenko-233804002_682475659375951_4698500047304081646_n.jpg
✅ CRC OK: P:\Photo\Из Сети\Танюша\bond.orenko-233804002_682475659375951_4698500047304081646_n.jpg (fc5c4c46)
OK: P:\Photo\Из Сети\Танюша\bond.orenko-233826345_4464580143604739_3750848268907280028_n.jpg
✅ CRC OK: P:\Photo\Из Сети\Танюша\bond.orenko-233826345_4464580143604739_3750848268907280028_n.jpg (b876412b)
OK: P:\Photo\Из Сети\Танюша\bond.orenko-234025171_128076229522143_6353080143992245778_n.jpg
✅ CRC OK: P:\Photo\Из Сети\Танюша\bond.orenko-234025171_128076229522143_6353080143992245778_n.jpg (1e522c83)
OK: P:\Photo\Из Сети\Танюша\bond.orenko-234063145_1932299456937966_928828358939715446_n.jpg
✅ CRC OK: P:\Photo\Из Сети\Танюша\bond.orenko-234063145_1932299456937966_928828358939715446_n.jpg (915c5110)
OK: P:\Photo\Из Сети\Танюша\bond.orenko-234180926_514103006325736_3474817293215442740_n.jpg
✅ CRC OK: P:\Photo\Из Сети\Танюша\bond.orenko-234180926_514103006325736_3474817293215442740_n.jpg (031aa8bf)
OK: P:\Photo\Из Сети\Танюша\bond.orenko-234281537_4251825371581158_4781340604434084060_n.jpg
✅ CRC OK: P:\Photo\Из Сети\Танюша\bond.orenko-234281537_4251825371581158_4781340604434084060_n.jpg (d752dfa8)
OK: P:\Photo\Из Сети\Танюша\bond.orenko-234296389_2102585449893284_4273721759197901931_n.jpg
✅ CRC OK: P:\Photo\Из Сети\Танюша\bond.orenko-234296389_2102585449893284_4273721759197901931_n.jpg (2c6a2b43)
OK: P:\Photo\Из Сети\Танюша\bond.orenko-234442898_336467424851814_7951940355613148406_n.jpg
✅ CRC OK: P:\Photo\Из Сети\Танюша\bond.orenko-234442898_336467424851814_7951940355613148406_n.jpg (36cae244)
OK: P:\Photo\Из Сети\Танюша\bond.orenko-234509302_268226568036696_7116146679812361119_n.jpg
✅ CRC OK: P:\Photo\Из Сети\Танюша\bond.orenko-234509302_268226568036696_7116146679812361119_n.jpg (968139f9)
OK: P:\Photo\Из Сети\Танюша\bond.orenko-234530087_2209655155858755_465360782719742439_n.jpg
✅ CRC OK: P:\Photo\Из Сети\Танюша\bond.orenko-234530087_2209655155858755_465360782719742439_n.jpg (46749776)
OK: P:\Photo\Из Сети\Танюша\bond.orenko-234587896_208575387888580_8340249626942003541_n.jpg
✅ CRC OK: P:\Photo\Из Сети\Танюша\bond.orenko-234587896_208575387888580_8340249626942003541_n.jpg (595ce0d9)
OK: P:\Photo\Из Сети\Танюша\bond.orenko-234587896_996456571194680_8571734029224332988_n.jpg
✅ CRC OK: P:\Photo\Из Сети\Танюша\bond.orenko-234587896_996456571194680_8571734029224332988_n.jpg (85b77470)
OK: P:\Photo\Из Сети\Танюша\bond.orenko-234639101_667243921338212_2896683310700745821_n.jpg
✅ CRC OK: P:\Photo\Из Сети\Танюша\bond.orenko-234639101_667243921338212_2896683310700745821_n.jpg (53dffa5c)
OK: P:\Photo\Из Сети\Танюша\bond.orenko-234692743_198046328964946_8836879025210151026_n.jpg
✅ CRC OK: P:\Photo\Из Сети\Танюша\bond.orenko-234692743_198046328964946_8836879025210151026_n.jpg (46aa34be)
OK: P:\Photo\Из Сети\Танюша\bond.orenko-234907387_520227645733062_4234648264079725045_n.jpg
✅ CRC OK: P:\Photo\Из Сети\Танюша\bond.orenko-234907387_520227645733062_4234648264079725045_n.jpg (66b86c15)
OK: P:\Photo\Из Сети\Танюша\bond.orenko-235193909_130782572565175_8629601327045741029_n.jpg
✅ CRC OK: P:\Photo\Из Сети\Танюша\bond.orenko-235193909_130782572565175_8629601327045741029_n.jpg (22a9eda6)
OK: P:\Photo\Из Сети\Танюша\taniabondarenko30-252524050_2988280451443625_2827503875681849773_n.jpg
✅ CRC OK: P:\Photo\Из Сети\Танюша\taniabondarenko30-252524050_2988280451443625_2827503875681849773_n.jpg (69573686)
OK: P:\Photo\Из Сети\Танюша\taniabondarenko30-253012531_2160585724089951_4568429006383266680_n.jpg
✅ CRC OK: P:\Photo\Из Сети\Танюша\taniabondarenko30-253012531_2160585724089951_4568429006383266680_n.jpg (94c87c25)
OK: P:\Photo\Из Сети\Танюша\taniabondarenko30-253600040_668035744355006_5476011438359631503_n.jpg
✅ CRC OK: P:\Photo\Из Сети\Танюша\taniabondarenko30-253600040_668035744355006_5476011438359631503_n.jpg (9eb2fc5c)
OK: P:\Photo\Из Сети\Танюша\taniabondarenko30-253681312_411992363836164_4137379578232557356_n.jpg
✅ CRC OK: P:\Photo\Из Сети\Танюша\taniabondarenko30-253681312_411992363836164_4137379578232557356_n.jpg (a2850928)
OK: P:\Photo\Из Сети\Танюша\taniabondarenko30-261542600_279315564143126_7239491884074231750_n.jpg
✅ CRC OK: P:\Photo\Из Сети\Танюша\taniabondarenko30-261542600_279315564143126_7239491884074231750_n.jpg (1e822092)
OK: P:\Photo\Из Сети\Танюша\taniabondarenko30_261542600_279315564143126_7239491884074231750_n.jpg
✅ CRC OK: P:\Photo\Из Сети\Танюша\taniabondarenko30_261542600_279315564143126_7239491884074231750_n.jpg (1e822092)
OK: P:\Photo\Из Сети\Танюша\taniabondarenko30_274118557_1093032724808726_2927431473912292400_n.jpg
✅ CRC OK: P:\Photo\Из Сети\Танюша\taniabondarenko30_274118557_1093032724808726_2927431473912292400_n.jpg (9dcdd522)
OK: P:\Photo\Из Сети\Танюша\taniabondarenko30_278440541_531659824978294_2280412476368832356_n.jpg
✅ CRC OK: P:\Photo\Из Сети\Танюша\taniabondarenko30_278440541_531659824978294_2280412476368832356_n.jpg (ed1687fa)
OK: P:\Photo\Из Сети\Танюша\taniabondarenko30_278461175_3221970701348667_4539584205859704330_n.jpg
✅ CRC OK: P:\Photo\Из Сети\Танюша\taniabondarenko30_278461175_3221970701348667_4539584205859704330_n.jpg (2f47eb64)
OK: P:\Photo\Из Сети\Танюша\taniabondarenko30_278513817_709720940373548_2996680350405279249_n.jpg
✅ CRC OK: P:\Photo\Из Сети\Танюша\taniabondarenko30_278513817_709720940373548_2996680350405279249_n.jpg (9671f95b)
OK: P:\Photo\Из Сети\Танюша\taniabondarenko30_278560436_650629092699942_5214968347642248355_n.jpg
✅ CRC OK: P:\Photo\Из Сети\Танюша\taniabondarenko30_278560436_650629092699942_5214968347642248355_n.jpg (d4a14c8e)
OK: P:\Photo\Из Сети\Танюша\taniabondarenko30_280931034_164296212675876_8152266102717213840_n.jpg
✅ CRC OK: P:\Photo\Из Сети\Танюша\taniabondarenko30_280931034_164296212675876_8152266102717213840_n.jpg (8a989a26)
OK: P:\Photo\Из Сети\Танюша\taniabondarenko30_283470993_714856649721033_8566666674378786072_n.jpg
✅ CRC OK: P:\Photo\Из Сети\Танюша\taniabondarenko30_283470993_714856649721033_8566666674378786072_n.jpg (a9643f71)
OK: P:\Photo\Из Сети\Танюша\taniabondarenko30_283699004_5047725615320032_3921164501626252942_n.jpg
✅ CRC OK: P:\Photo\Из Сети\Танюша\taniabondarenko30_283699004_5047725615320032_3921164501626252942_n.jpg (19ea2f01)
OK: P:\Photo\Из Сети\Танюша\taniabondarenko30_283746098_710571776730884_1777786743216962446_n.jpg
✅ CRC OK: P:\Photo\Из Сети\Танюша\taniabondarenko30_283746098_710571776730884_1777786743216962446_n.jpg (ebe20968)
OK: P:\Photo\Из Сети\Фото1008.jpg
✅ CRC OK: P:\Photo\Из Сети\Фото1008.jpg (e2d46af1)
OK: P:\Photo\Из Сети\Фото1009.jpg
✅ CRC OK: P:\Photo\Из Сети\Фото1009.jpg (8aa7e916)
OK: P:\Photo\Из Сети\Фурманова
OK: P:\Photo\Из Сети\Фурманова\x_156b7091.jpg
✅ CRC OK: P:\Photo\Из Сети\Фурманова\x_156b7091.jpg (4b939060)
OK: P:\Photo\Из Сети\Фурманова\x_22d59c95.jpg
✅ CRC OK: P:\Photo\Из Сети\Фурманова\x_22d59c95.jpg (59d49407)
OK: P:\Photo\Из Сети\Фурманова\x_232e4435.jpg
✅ CRC OK: P:\Photo\Из Сети\Фурманова\x_232e4435.jpg (fb75e2c9)
OK: P:\Photo\Из Сети\Фурманова\x_3f4cee86.jpg
✅ CRC OK: P:\Photo\Из Сети\Фурманова\x_3f4cee86.jpg (0f8d11e5)
OK: P:\Photo\Из Сети\Фурманова\x_4889f124.jpg
✅ CRC OK: P:\Photo\Из Сети\Фурманова\x_4889f124.jpg (9bf93862)
OK: P:\Photo\Из Сети\Фурманова\x_49f4b5bd.jpg
✅ CRC OK: P:\Photo\Из Сети\Фурманова\x_49f4b5bd.jpg (0703b8ba)
OK: P:\Photo\Из Сети\Фурманова\x_59b36003.jpg
✅ CRC OK: P:\Photo\Из Сети\Фурманова\x_59b36003.jpg (45fa34fe)
OK: P:\Photo\Из Сети\Фурманова\x_6d0140ee.jpg
✅ CRC OK: P:\Photo\Из Сети\Фурманова\x_6d0140ee.jpg (e8eb3507)
OK: P:\Photo\Из Сети\Фурманова\x_b3367902.jpg
✅ CRC OK: P:\Photo\Из Сети\Фурманова\x_b3367902.jpg (6ecc203c)
OK: P:\Photo\Из Сети\Фурманова\x_c7288b25.jpg
✅ CRC OK: P:\Photo\Из Сети\Фурманова\x_c7288b25.jpg (52d17e3c)
OK: P:\Photo\Из Сети\Фурманова\x_c819dffe.jpg
✅ CRC OK: P:\Photo\Из Сети\Фурманова\x_c819dffe.jpg (9ccbc6ca)
OK: P:\Photo\Из Сети\Фурманова\x_f6cf7f8f.jpg
✅ CRC OK: P:\Photo\Из Сети\Фурманова\x_f6cf7f8f.jpg (dccae89a)
OK: P:\Photo\Из Сети\Цветная
OK: P:\Photo\Из Сети\Цветная\1x_112f8d03.jpg
✅ CRC OK: P:\Photo\Из Сети\Цветная\1x_112f8d03.jpg (24e58810)
OK: P:\Photo\Из Сети\Цветная\3x_a174072d.jpg
✅ CRC OK: P:\Photo\Из Сети\Цветная\3x_a174072d.jpg (b997d1f7)
OK: P:\Photo\Из Сети\Цветная\4x_b73430c7.jpg
✅ CRC OK: P:\Photo\Из Сети\Цветная\4x_b73430c7.jpg (618fdefa)
OK: P:\Photo\Из Сети\Цветная\5x_c4779018.jpg
✅ CRC OK: P:\Photo\Из Сети\Цветная\5x_c4779018.jpg (cf82df42)
OK: P:\Photo\Из Сети\Цветная\6x_ecc78ab9.jpg
✅ CRC OK: P:\Photo\Из Сети\Цветная\6x_ecc78ab9.jpg (6f68c943)
OK: P:\Photo\Из Сети\Цветная\AI
OK: P:\Photo\Из Сети\Цветная\AI\1.png
✅ CRC OK: P:\Photo\Из Сети\Цветная\AI\1.png (470392b8)
OK: P:\Photo\Из Сети\Цветная\AI\2.png
✅ CRC OK: P:\Photo\Из Сети\Цветная\AI\2.png (9cfd970f)
OK: P:\Photo\Из Сети\Цветная\AI\4.png
✅ CRC OK: P:\Photo\Из Сети\Цветная\AI\4.png (1e6f82f3)
OK: P:\Photo\Из Сети\Цветная\AI\6.png
✅ CRC OK: P:\Photo\Из Сети\Цветная\AI\6.png (d261db3c)
OK: P:\Photo\Из Сети\Цветная\AI\7.png
✅ CRC OK: P:\Photo\Из Сети\Цветная\AI\7.png (59a586b6)
OK: P:\Photo\Из Сети\Цветная\AI\8.png
✅ CRC OK: P:\Photo\Из Сети\Цветная\AI\8.png (8e87e07e)
OK: P:\Photo\Из Сети\Цветная\AI\9.png
✅ CRC OK: P:\Photo\Из Сети\Цветная\AI\9.png (5d425b1e)
OK: P:\Photo\Из Сети\Цветная\AI\Generated Image September 09, 2025 - 1_07PM.png
✅ CRC OK: P:\Photo\Из Сети\Цветная\AI\Generated Image September 09, 2025 - 1_07PM.png (e049f7c8)
OK: P:\Photo\Из Сети\Цветная\Foto with [id]14408761
OK: P:\Photo\Из Сети\Цветная\Foto with [id]14408761\2.jpg
✅ CRC OK: P:\Photo\Из Сети\Цветная\Foto with [id]14408761\2.jpg (c1cc7368)
OK: P:\Photo\Из Сети\Цветная\Foto with [id]14408761\4.jpg
✅ CRC OK: P:\Photo\Из Сети\Цветная\Foto with [id]14408761\4.jpg (e23ca945)
OK: P:\Photo\Из Сети\Цветная\[vk] foto
OK: P:\Photo\Из Сети\Цветная\[vk] foto\117598195_1.jpg
✅ CRC OK: P:\Photo\Из Сети\Цветная\[vk] foto\117598195_1.jpg (3eee2af1)
OK: P:\Photo\Из Сети\Цветная\[vk] foto\31431912_10.jpg
✅ CRC OK: P:\Photo\Из Сети\Цветная\[vk] foto\31431912_10.jpg (e1ee8144)
OK: P:\Photo\Из Сети\Цветная\[vk] foto\31431912_12.jpg
✅ CRC OK: P:\Photo\Из Сети\Цветная\[vk] foto\31431912_12.jpg (6dafcae1)
OK: P:\Photo\Из Сети\Цветная\[vk] foto\31431912_21.jpg
✅ CRC OK: P:\Photo\Из Сети\Цветная\[vk] foto\31431912_21.jpg (b56f9aab)
OK: P:\Photo\Из Сети\Цветная\[vk] foto\31431912_24.jpg
✅ CRC OK: P:\Photo\Из Сети\Цветная\[vk] foto\31431912_24.jpg (81ef0fc2)
OK: P:\Photo\Из Сети\Цветная\[vk] foto\31431912_3.jpg
✅ CRC OK: P:\Photo\Из Сети\Цветная\[vk] foto\31431912_3.jpg (a0268f4b)
OK: P:\Photo\Из Сети\Цветная\[vk] foto\31431912_39.jpg
✅ CRC OK: P:\Photo\Из Сети\Цветная\[vk] foto\31431912_39.jpg (3e1e36bf)
OK: P:\Photo\Из Сети\Цветная\[vk] foto\31431912_4.jpg
✅ CRC OK: P:\Photo\Из Сети\Цветная\[vk] foto\31431912_4.jpg (ae5c2689)
OK: P:\Photo\Из Сети\Цветная\[vk] foto\31431912_61.jpg
✅ CRC OK: P:\Photo\Из Сети\Цветная\[vk] foto\31431912_61.jpg (3b3da1ce)
OK: P:\Photo\Из Сети\Цветная\[vk] foto\31431912_63.jpg
✅ CRC OK: P:\Photo\Из Сети\Цветная\[vk] foto\31431912_63.jpg (a289a4fd)
OK: P:\Photo\Из Сети\Цветная\[vk] foto\4AhhpfLBsek.jpg
✅ CRC OK: P:\Photo\Из Сети\Цветная\[vk] foto\4AhhpfLBsek.jpg (36ce3f5c)
OK: P:\Photo\Из Сети\Цветная\[vk] foto\LJde3d_pq7k.jpg
✅ CRC OK: P:\Photo\Из Сети\Цветная\[vk] foto\LJde3d_pq7k.jpg (c6e8323d)
OK: P:\Photo\Из Сети\Цветная\[vk] foto\RohP9DUO3AQ.jpg
✅ CRC OK: P:\Photo\Из Сети\Цветная\[vk] foto\RohP9DUO3AQ.jpg (3cc24e4b)
OK: P:\Photo\Из Сети\Цветная\[vk] foto\VSHUep9UIPw.jpg
✅ CRC OK: P:\Photo\Из Сети\Цветная\[vk] foto\VSHUep9UIPw.jpg (221480e8)
OK: P:\Photo\Из Сети\Цветная\[vk] foto\fxDqyX0b8tY.jpg
✅ CRC OK: P:\Photo\Из Сети\Цветная\[vk] foto\fxDqyX0b8tY.jpg (a3c1a4e1)
OK: P:\Photo\Из Сети\Цветная\[vk] foto\y_71e2b4f6.jpg
✅ CRC OK: P:\Photo\Из Сети\Цветная\[vk] foto\y_71e2b4f6.jpg (79cd449c)
OK: P:\Photo\Из Сети\Цветная\[vk] прогулки
OK: P:\Photo\Из Сети\Цветная\[vk] прогулки\60217395_13.jpg
✅ CRC OK: P:\Photo\Из Сети\Цветная\[vk] прогулки\60217395_13.jpg (df802ddf)
OK: P:\Photo\Из Сети\Цветная\[vk] прогулки\60217395_16.jpg
✅ CRC OK: P:\Photo\Из Сети\Цветная\[vk] прогулки\60217395_16.jpg (a01e7233)
OK: P:\Photo\Из Сети\Цветная\[vk] прогулки\60217395_17.jpg
✅ CRC OK: P:\Photo\Из Сети\Цветная\[vk] прогулки\60217395_17.jpg (ab0e60bf)
OK: P:\Photo\Из Сети\Цветная\[vk] прогулки\60217395_23.jpg
✅ CRC OK: P:\Photo\Из Сети\Цветная\[vk] прогулки\60217395_23.jpg (a9e02c71)
OK: P:\Photo\Из Сети\Цветная\a_c7cd0ad3.jpg
✅ CRC OK: P:\Photo\Из Сети\Цветная\a_c7cd0ad3.jpg (a03a99fa)
OK: P:\Photo\Из Сети\Цветная\qerwergwerg.jpg
✅ CRC OK: P:\Photo\Из Сети\Цветная\qerwergwerg.jpg (4795cfeb)
OK: P:\Photo\Из Сети\Цветная\x_141cf946.jpg
✅ CRC OK: P:\Photo\Из Сети\Цветная\x_141cf946.jpg (1730be0a)
OK: P:\Photo\Из Сети\Цветная\x_1cdedbd5.jpg
✅ CRC OK: P:\Photo\Из Сети\Цветная\x_1cdedbd5.jpg (63b96bfa)
OK: P:\Photo\Из Сети\Цветная\x_1d55d4eb.jpg
✅ CRC OK: P:\Photo\Из Сети\Цветная\x_1d55d4eb.jpg (083d97f3)
OK: P:\Photo\Из Сети\Цветная\x_58f826d6.jpg
✅ CRC OK: P:\Photo\Из Сети\Цветная\x_58f826d6.jpg (1d8334c7)
OK: P:\Photo\Из Сети\Цветная\x_dd08b170.jpg
✅ CRC OK: P:\Photo\Из Сети\Цветная\x_dd08b170.jpg (3f502671)
OK: P:\Photo\Из Сети\Цветная\x_f8ff6d13.jpg
✅ CRC OK: P:\Photo\Из Сети\Цветная\x_f8ff6d13.jpg (1b8daf1d)
OK: P:\Photo\Из Сети\Цветная\x_ff958a7f.jpg
✅ CRC OK: P:\Photo\Из Сети\Цветная\x_ff958a7f.jpg (a4196b19)
OK: P:\Photo\Из Сети\Цветная\Цветмет
OK: P:\Photo\Из Сети\Цветная\Цветмет\09062009(002).jpg
✅ CRC OK: P:\Photo\Из Сети\Цветная\Цветмет\09062009(002).jpg (d6f1508c)
OK: P:\Photo\Из Сети\Цветная\Цветмет\09062009(003).jpg
✅ CRC OK: P:\Photo\Из Сети\Цветная\Цветмет\09062009(003).jpg (6c52a600)
OK: P:\Photo\Из Сети\Цветная\Цветмет\09062009(004).jpg
✅ CRC OK: P:\Photo\Из Сети\Цветная\Цветмет\09062009(004).jpg (7e56b547)
OK: P:\Photo\Из Сети\Цветная\Цветмет\09062009(005).jpg
✅ CRC OK: P:\Photo\Из Сети\Цветная\Цветмет\09062009(005).jpg (0309a38b)
OK: P:\Photo\Из Сети\Цветная\Цветмет\09062009(006).jpg
✅ CRC OK: P:\Photo\Из Сети\Цветная\Цветмет\09062009(006).jpg (42aa5dfe)
OK: P:\Photo\Из Сети\Цветная\Цветмет\09062009(007).jpg
✅ CRC OK: P:\Photo\Из Сети\Цветная\Цветмет\09062009(007).jpg (7d8e0df1)
OK: P:\Photo\Из Сети\Цветная\Цветмет\09062009(008).jpg
✅ CRC OK: P:\Photo\Из Сети\Цветная\Цветмет\09062009(008).jpg (1bfee3c7)
OK: P:\Photo\Из Сети\Цветная\Цветмет\09062009(009).jpg
✅ CRC OK: P:\Photo\Из Сети\Цветная\Цветмет\09062009(009).jpg (e290378d)
OK: P:\Photo\Из Сети\Цветная\Цветмет\09062009(010).jpg
✅ CRC OK: P:\Photo\Из Сети\Цветная\Цветмет\09062009(010).jpg (043a16e9)
OK: P:\Photo\Из Сети\Цветная\Цветмет\09062009(011).jpg
✅ CRC OK: P:\Photo\Из Сети\Цветная\Цветмет\09062009(011).jpg (10e0b07e)
OK: P:\Photo\Из Сети\Цветная\Цветмет\09062009(012).jpg
✅ CRC OK: P:\Photo\Из Сети\Цветная\Цветмет\09062009(012).jpg (c8ef5d39)
OK: P:\Photo\Из Сети\Цветная\Цветмет\09062009(013).jpg
✅ CRC OK: P:\Photo\Из Сети\Цветная\Цветмет\09062009(013).jpg (780eb285)
OK: P:\Photo\Из Сети\Цветная\Цветмет\09062009(014).jpg
✅ CRC OK: P:\Photo\Из Сети\Цветная\Цветмет\09062009(014).jpg (4eaa92a7)
OK: P:\Photo\Из Сети\Цветная\Цветмет\09062009(015).jpg
✅ CRC OK: P:\Photo\Из Сети\Цветная\Цветмет\09062009(015).jpg (5fbebed8)
OK: P:\Photo\Из Сети\Цветная\Цветмет\09062009(016).jpg
✅ CRC OK: P:\Photo\Из Сети\Цветная\Цветмет\09062009(016).jpg (67dfc3f3)
OK: P:\Photo\Из Сети\Цветная\Цветмет\09062009(017).jpg
✅ CRC OK: P:\Photo\Из Сети\Цветная\Цветмет\09062009(017).jpg (4f153980)
OK: P:\Photo\Из Сети\Цветная\Цветмет\DCAM0029.JPG
✅ CRC OK: P:\Photo\Из Сети\Цветная\Цветмет\DCAM0029.JPG (54570699)
OK: P:\Photo\Из Сети\Цветная\Цветмет\DCAM0030.JPG
✅ CRC OK: P:\Photo\Из Сети\Цветная\Цветмет\DCAM0030.JPG (9640df2a)
OK: P:\Photo\Из Сети\Цветная\Цветмет\DCAM0031.JPG
✅ CRC OK: P:\Photo\Из Сети\Цветная\Цветмет\DCAM0031.JPG (42e6a370)
OK: P:\Photo\Из Сети\Цветная\Цветмет\DCAM0032.JPG
✅ CRC OK: P:\Photo\Из Сети\Цветная\Цветмет\DCAM0032.JPG (cd7ca0f5)
OK: P:\Photo\Из Сети\Цветная\Цветмет\DCAM0094.JPG
✅ CRC OK: P:\Photo\Из Сети\Цветная\Цветмет\DCAM0094.JPG (46a513ba)
OK: P:\Photo\Из Сети\Цветная\Цветмет\P1000747.JPG
✅ CRC OK: P:\Photo\Из Сети\Цветная\Цветмет\P1000747.JPG (97e40d95)
OK: P:\Photo\Из Сети\Цветная\Цветмет\P1000845.JPG
✅ CRC OK: P:\Photo\Из Сети\Цветная\Цветмет\P1000845.JPG (46cff45c)
OK: P:\Photo\Из Сети\Цветная\Цветмет\P1000846.JPG
✅ CRC OK: P:\Photo\Из Сети\Цветная\Цветмет\P1000846.JPG (6e4d8f41)
OK: P:\Photo\Из Сети\Цветная\Цветмет\P1000847.JPG
✅ CRC OK: P:\Photo\Из Сети\Цветная\Цветмет\P1000847.JPG (84dec41a)
OK: P:\Photo\Из Сети\Цветная\Цветмет\P1000891.JPG
✅ CRC OK: P:\Photo\Из Сети\Цветная\Цветмет\P1000891.JPG (250aaac7)
OK: P:\Photo\Из Сети\Цветная\Цветмет\P1010512.JPG
✅ CRC OK: P:\Photo\Из Сети\Цветная\Цветмет\P1010512.JPG (053fc52c)
OK: P:\Photo\Из Сети\Цветная\Цветмет\P1010824.JPG
✅ CRC OK: P:\Photo\Из Сети\Цветная\Цветмет\P1010824.JPG (7bf9c472)
OK: P:\Photo\Из Сети\Цветная\Цветмет\P1010835.JPG
✅ CRC OK: P:\Photo\Из Сети\Цветная\Цветмет\P1010835.JPG (2cb0c3fd)
OK: P:\Photo\Из Сети\Цветная\Цветмет\P1010848.JPG
✅ CRC OK: P:\Photo\Из Сети\Цветная\Цветмет\P1010848.JPG (2da0c55d)
OK: P:\Photo\Из Сети\Цветная\Цветмет\P1010873.JPG
✅ CRC OK: P:\Photo\Из Сети\Цветная\Цветмет\P1010873.JPG (617d8c05)
OK: P:\Photo\Из Сети\Цветная\Цветмет\P1010886.JPG
✅ CRC OK: P:\Photo\Из Сети\Цветная\Цветмет\P1010886.JPG (fb3826b8)
OK: P:\Photo\Из Сети\Цветная\Цветмет\P1010888.JPG
✅ CRC OK: P:\Photo\Из Сети\Цветная\Цветмет\P1010888.JPG (7debb38f)
OK: P:\Photo\Из Сети\Цветная\Цветмет\P1010950.JPG
✅ CRC OK: P:\Photo\Из Сети\Цветная\Цветмет\P1010950.JPG (e6e501ba)
OK: P:\Photo\Из Сети\Цветная\Цветмет\P1030171.JPG
✅ CRC OK: P:\Photo\Из Сети\Цветная\Цветмет\P1030171.JPG (c265729f)
OK: P:\Photo\Из Сети\Цветная\Цветмет\P1030183.JPG
✅ CRC OK: P:\Photo\Из Сети\Цветная\Цветмет\P1030183.JPG (517ef540)
OK: P:\Photo\Из Сети\Цветная\Цветмет\P1030188.JPG
✅ CRC OK: P:\Photo\Из Сети\Цветная\Цветмет\P1030188.JPG (e52d0081)
OK: P:\Photo\Из Сети\Цветная\Цветмет\P1030199.JPG
✅ CRC OK: P:\Photo\Из Сети\Цветная\Цветмет\P1030199.JPG (f803df04)
OK: P:\Photo\Из Сети\Цветная\Цветмет\P1030202.JPG
✅ CRC OK: P:\Photo\Из Сети\Цветная\Цветмет\P1030202.JPG (88db22bb)
OK: P:\Photo\Из Сети\Цветная\Цветмет\P1030227.JPG
✅ CRC OK: P:\Photo\Из Сети\Цветная\Цветмет\P1030227.JPG (8b6af765)
OK: P:\Photo\Из Сети\Цветная\Цветмет\P1030237.JPG
✅ CRC OK: P:\Photo\Из Сети\Цветная\Цветмет\P1030237.JPG (21d7b76b)
OK: P:\Photo\Из Сети\Цветная\Цветмет\P1030244.JPG
✅ CRC OK: P:\Photo\Из Сети\Цветная\Цветмет\P1030244.JPG (c4a29d25)
OK: P:\Photo\Из Сети\Цветная\Цветмет\P1030292.JPG
✅ CRC OK: P:\Photo\Из Сети\Цветная\Цветмет\P1030292.JPG (7db0557a)
OK: P:\Photo\Из Сети\Цветная\Цветмет\P1030305.JPG
✅ CRC OK: P:\Photo\Из Сети\Цветная\Цветмет\P1030305.JPG (4da3c230)
OK: P:\Photo\Из Сети\Цветная\Цветмет\P1030307.JPG
✅ CRC OK: P:\Photo\Из Сети\Цветная\Цветмет\P1030307.JPG (5d1247a2)
OK: P:\Photo\Из Сети\Цветная\Цветмет\P1030309.JPG
✅ CRC OK: P:\Photo\Из Сети\Цветная\Цветмет\P1030309.JPG (97ecb650)
OK: P:\Photo\Из Сети\Цветная\Цветмет\P1030315.JPG
✅ CRC OK: P:\Photo\Из Сети\Цветная\Цветмет\P1030315.JPG (a5b100a2)
OK: P:\Photo\Из Сети\Цветная\Цветмет\P1030316.JPG
✅ CRC OK: P:\Photo\Из Сети\Цветная\Цветмет\P1030316.JPG (eeff9edc)
OK: P:\Photo\Из Сети\Цветная\Цветмет\P1030318.JPG
✅ CRC OK: P:\Photo\Из Сети\Цветная\Цветмет\P1030318.JPG (78430144)
OK: P:\Photo\Из Сети\Цветная\Цветмет\P1030378.JPG
✅ CRC OK: P:\Photo\Из Сети\Цветная\Цветмет\P1030378.JPG (79264b67)
OK: P:\Photo\Из Сети\Цветная\Цветмет\P1030387.JPG
✅ CRC OK: P:\Photo\Из Сети\Цветная\Цветмет\P1030387.JPG (3d3b1b84)
OK: P:\Photo\Из Сети\Цветная\Цветмет\P1030389.JPG
✅ CRC OK: P:\Photo\Из Сети\Цветная\Цветмет\P1030389.JPG (a8a01585)
OK: P:\Photo\Из Сети\Цветная\Цветмет\P1030391.JPG
✅ CRC OK: P:\Photo\Из Сети\Цветная\Цветмет\P1030391.JPG (331bf95b)
OK: P:\Photo\Из Сети\Цветная\Цветмет\PIC_0049.JPG
✅ CRC OK: P:\Photo\Из Сети\Цветная\Цветмет\PIC_0049.JPG (e3ed625e)
OK: P:\Photo\Из Сети\Цветная\Цветмет\PIC_0050.JPG
✅ CRC OK: P:\Photo\Из Сети\Цветная\Цветмет\PIC_0050.JPG (6062f963)
OK: P:\Photo\Из Сети\Цветная\Цветмет\PIC_0051.JPG
✅ CRC OK: P:\Photo\Из Сети\Цветная\Цветмет\PIC_0051.JPG (33e8b96f)
OK: P:\Photo\Из Сети\Цветная\Цветмет\PIC_0053.JPG
✅ CRC OK: P:\Photo\Из Сети\Цветная\Цветмет\PIC_0053.JPG (191f8980)
OK: P:\Photo\Из Сети\Цветная\Цветмет\PIC_0062.JPG
✅ CRC OK: P:\Photo\Из Сети\Цветная\Цветмет\PIC_0062.JPG (4afedb1c)
OK: P:\Photo\Из Сети\Цветная\Цветмет\PIC_0063.JPG
✅ CRC OK: P:\Photo\Из Сети\Цветная\Цветмет\PIC_0063.JPG (6b738258)
OK: P:\Photo\Из Сети\Цветная\Цветмет\PIC_0077.JPG
✅ CRC OK: P:\Photo\Из Сети\Цветная\Цветмет\PIC_0077.JPG (dc2319f3)
OK: P:\Photo\Из Сети\Цветная\Цветмет\PIC_0083.JPG
✅ CRC OK: P:\Photo\Из Сети\Цветная\Цветмет\PIC_0083.JPG (9c14125a)
OK: P:\Photo\Из Сети\Цветная\Цветмет\PIC_0090.JPG
✅ CRC OK: P:\Photo\Из Сети\Цветная\Цветмет\PIC_0090.JPG (c22bc578)
OK: P:\Photo\Из Сети\Цветная\Цветмет\PIC_0091.JPG
✅ CRC OK: P:\Photo\Из Сети\Цветная\Цветмет\PIC_0091.JPG (6f480579)
OK: P:\Photo\Из Сети\Цветная\Цветмет\PIC_0293.JPG
✅ CRC OK: P:\Photo\Из Сети\Цветная\Цветмет\PIC_0293.JPG (68585fa6)
OK: P:\Photo\Из Сети\Цветная\Цветмет\PIC_0294.JPG
✅ CRC OK: P:\Photo\Из Сети\Цветная\Цветмет\PIC_0294.JPG (8e6f33ca)
OK: P:\Photo\Из Сети\Цветная\Цветмет\PIC_0295.JPG
✅ CRC OK: P:\Photo\Из Сети\Цветная\Цветмет\PIC_0295.JPG (e45143ed)
OK: P:\Photo\Из Сети\Цветная\Цветмет\PIC_0438.JPG
✅ CRC OK: P:\Photo\Из Сети\Цветная\Цветмет\PIC_0438.JPG (62bf1d04)
OK: P:\Photo\Из Сети\Цветная\Цветмет\PIC_0592.JPG
✅ CRC OK: P:\Photo\Из Сети\Цветная\Цветмет\PIC_0592.JPG (020e2c53)
OK: P:\Photo\Из Сети\Цветная\Цветмет\PIC_0596.JPG
✅ CRC OK: P:\Photo\Из Сети\Цветная\Цветмет\PIC_0596.JPG (48ca9ab6)
OK: P:\Photo\Из Сети\Цветная\Цветмет\PIC_0598.JPG
✅ CRC OK: P:\Photo\Из Сети\Цветная\Цветмет\PIC_0598.JPG (01b449e1)
OK: P:\Photo\Из Сети\Цветная\Цветмет\PIC_0600.JPG
✅ CRC OK: P:\Photo\Из Сети\Цветная\Цветмет\PIC_0600.JPG (f78ae1fe)
OK: P:\Photo\Из Сети\Цветная\Цветмет\PIC_0674.JPG
✅ CRC OK: P:\Photo\Из Сети\Цветная\Цветмет\PIC_0674.JPG (b823fb28)
OK: P:\Photo\Из Сети\Цветная\Цветмет\PIC_0675.JPG
✅ CRC OK: P:\Photo\Из Сети\Цветная\Цветмет\PIC_0675.JPG (316ba03a)
OK: P:\Photo\Из Сети\Цветная\Цветмет\PIC_0681.JPG
✅ CRC OK: P:\Photo\Из Сети\Цветная\Цветмет\PIC_0681.JPG (488cacbf)
OK: P:\Photo\Из Сети\Цветная\Цветмет\PIC_0688.JPG
✅ CRC OK: P:\Photo\Из Сети\Цветная\Цветмет\PIC_0688.JPG (db2188c5)
OK: P:\Photo\Из Сети\Цветная\Цветмет\PIC_0689.JPG
✅ CRC OK: P:\Photo\Из Сети\Цветная\Цветмет\PIC_0689.JPG (69fc5ba6)
OK: P:\Photo\Из Сети\Цветная\Цветмет\PIC_0690.JPG
✅ CRC OK: P:\Photo\Из Сети\Цветная\Цветмет\PIC_0690.JPG (7ce08ed3)
OK: P:\Photo\Из Сети\Цветная\Цветмет\PIC_0691.JPG
✅ CRC OK: P:\Photo\Из Сети\Цветная\Цветмет\PIC_0691.JPG (008b1269)
OK: P:\Photo\Из Сети\Цветная\Цветмет\PIC_1053.JPG
✅ CRC OK: P:\Photo\Из Сети\Цветная\Цветмет\PIC_1053.JPG (da96d89d)
OK: P:\Photo\Из Сети\Цветная\Цветмет\Фото003.jpg
✅ CRC OK: P:\Photo\Из Сети\Цветная\Цветмет\Фото003.jpg (e9665339)
OK: P:\Photo\Из Сети\Цветная\Цветмет\Фото004.jpg
✅ CRC OK: P:\Photo\Из Сети\Цветная\Цветмет\Фото004.jpg (51185cb0)
OK: P:\Photo\Из Сети\Цветная\Цветмет\Фото005.jpg
✅ CRC OK: P:\Photo\Из Сети\Цветная\Цветмет\Фото005.jpg (5c8806b3)
OK: P:\Photo\Из Сети\Цветная\Цветмет\Фото006.jpg
✅ CRC OK: P:\Photo\Из Сети\Цветная\Цветмет\Фото006.jpg (70d28197)
OK: P:\Photo\Из Сети\Цветная\Цветмет\Фото007.jpg
✅ CRC OK: P:\Photo\Из Сети\Цветная\Цветмет\Фото007.jpg (4b1d83ea)
OK: P:\Photo\Из Сети\Цветная\Цветмет\Фото008.jpg
✅ CRC OK: P:\Photo\Из Сети\Цветная\Цветмет\Фото008.jpg (e39ee87c)
OK: P:\Photo\Из Сети\Цветная\Цветмет\Фото009.jpg
✅ CRC OK: P:\Photo\Из Сети\Цветная\Цветмет\Фото009.jpg (8b292b3b)
OK: P:\Photo\Из Сети\Цветная\Цветмет\Фото010.jpg
✅ CRC OK: P:\Photo\Из Сети\Цветная\Цветмет\Фото010.jpg (f7172d97)
OK: P:\Photo\Из Сети\Цветная\Цветмет\Фото011.jpg
✅ CRC OK: P:\Photo\Из Сети\Цветная\Цветмет\Фото011.jpg (6ae1d9ca)
OK: P:\Photo\Из Сети\Цветная\Цветмет\Фото012.jpg
✅ CRC OK: P:\Photo\Из Сети\Цветная\Цветмет\Фото012.jpg (3a53796d)
OK: P:\Photo\Из Сети\Цветная\Цветмет\пляж
OK: P:\Photo\Из Сети\Цветная\Цветмет\пляж\Photo_0017.jpg
✅ CRC OK: P:\Photo\Из Сети\Цветная\Цветмет\пляж\Photo_0017.jpg (0cf2f563)
OK: P:\Photo\Из Сети\Цветная\Цветмет\пляж\Photo_0018.jpg
✅ CRC OK: P:\Photo\Из Сети\Цветная\Цветмет\пляж\Photo_0018.jpg (e94e1ca2)
OK: P:\Photo\Из Сети\Цветная\Цветмет\пляж\Photo_0019.jpg
✅ CRC OK: P:\Photo\Из Сети\Цветная\Цветмет\пляж\Photo_0019.jpg (d3d7ad54)
OK: P:\Photo\Из Сети\Цветная\Цветмет\пляж\Photo_0020.jpg
✅ CRC OK: P:\Photo\Из Сети\Цветная\Цветмет\пляж\Photo_0020.jpg (59b94eec)
OK: P:\Photo\Из Сети\Цветная\Цветмет\пляж\Photo_0021.jpg
✅ CRC OK: P:\Photo\Из Сети\Цветная\Цветмет\пляж\Photo_0021.jpg (7df6534d)
OK: P:\Photo\Из Сети\Цветная\Цветмет\пляж\Photo_0022.jpg
✅ CRC OK: P:\Photo\Из Сети\Цветная\Цветмет\пляж\Photo_0022.jpg (abd2531b)
OK: P:\Photo\Из Сети\Цветная\Цветмет\пляж\Photo_0023.jpg
✅ CRC OK: P:\Photo\Из Сети\Цветная\Цветмет\пляж\Photo_0023.jpg (9e9284d6)
OK: P:\Photo\Из Сети\Цветная\Цветмет\пляж\Photo_0024.jpg
✅ CRC OK: P:\Photo\Из Сети\Цветная\Цветмет\пляж\Photo_0024.jpg (16c54724)
OK: P:\Photo\Из Сети\Цветная\Цветмет\пляж\Photo_0025.jpg
✅ CRC OK: P:\Photo\Из Сети\Цветная\Цветмет\пляж\Photo_0025.jpg (9604aefb)
OK: P:\Photo\Из Сети\Цветная\Цветмет\пляж\Photo_0026.jpg
✅ CRC OK: P:\Photo\Из Сети\Цветная\Цветмет\пляж\Photo_0026.jpg (ef900ad3)
OK: P:\Photo\Из Сети\Цветная\Цветмет\пляж\Photo_0027.jpg
✅ CRC OK: P:\Photo\Из Сети\Цветная\Цветмет\пляж\Photo_0027.jpg (12bd7017)
OK: P:\Photo\Из Сети\Яночка Корниловская
OK: P:\Photo\Из Сети\Яночка Корниловская\1.jpg
✅ CRC OK: P:\Photo\Из Сети\Яночка Корниловская\1.jpg (e8fd606a)
OK: P:\Photo\Из Сети\Яночка Корниловская\1JKAy9ZyoVE.jpg
✅ CRC OK: P:\Photo\Из Сети\Яночка Корниловская\1JKAy9ZyoVE.jpg (3a8220c7)
OK: P:\Photo\Из Сети\Яночка Корниловская\2.jpg
✅ CRC OK: P:\Photo\Из Сети\Яночка Корниловская\2.jpg (02364025)
OK: P:\Photo\Из Сети\Яночка Корниловская\2YqsugcULkU.jpg
✅ CRC OK: P:\Photo\Из Сети\Яночка Корниловская\2YqsugcULkU.jpg (9f85ab6a)
OK: P:\Photo\Из Сети\Яночка Корниловская\3.jpg
✅ CRC OK: P:\Photo\Из Сети\Яночка Корниловская\3.jpg (76ea8ae0)
OK: P:\Photo\Из Сети\Яночка Корниловская\36UfwtSyYaQ.jpg
✅ CRC OK: P:\Photo\Из Сети\Яночка Корниловская\36UfwtSyYaQ.jpg (808fe3ab)
OK: P:\Photo\Из Сети\Яночка Корниловская\3GfLIV9n4F8.jpg
✅ CRC OK: P:\Photo\Из Сети\Яночка Корниловская\3GfLIV9n4F8.jpg (6281421d)
OK: P:\Photo\Из Сети\Яночка Корниловская\46DO7OP0CjA.jpg
✅ CRC OK: P:\Photo\Из Сети\Яночка Корниловская\46DO7OP0CjA.jpg (65d5ab76)
OK: P:\Photo\Из Сети\Яночка Корниловская\4H3KKQABLvo.jpg
✅ CRC OK: P:\Photo\Из Сети\Яночка Корниловская\4H3KKQABLvo.jpg (217709f7)
OK: P:\Photo\Из Сети\Яночка Корниловская\4kf8fK2s6iA.jpg
✅ CRC OK: P:\Photo\Из Сети\Яночка Корниловская\4kf8fK2s6iA.jpg (78222c64)
OK: P:\Photo\Из Сети\Яночка Корниловская\5y2m_xPNxNg.jpg
✅ CRC OK: P:\Photo\Из Сети\Яночка Корниловская\5y2m_xPNxNg.jpg (450db3b8)
OK: P:\Photo\Из Сети\Яночка Корниловская\63hpCXiN5_c.jpg
✅ CRC OK: P:\Photo\Из Сети\Яночка Корниловская\63hpCXiN5_c.jpg (b96cdb80)
OK: P:\Photo\Из Сети\Яночка Корниловская\759BArRAUyc.jpg
✅ CRC OK: P:\Photo\Из Сети\Яночка Корниловская\759BArRAUyc.jpg (c27ada37)
OK: P:\Photo\Из Сети\Яночка Корниловская\9AkTl6mlsHY.jpg
✅ CRC OK: P:\Photo\Из Сети\Яночка Корниловская\9AkTl6mlsHY.jpg (7c836934)
OK: P:\Photo\Из Сети\Яночка Корниловская\Ai
OK: P:\Photo\Из Сети\Яночка Корниловская\Ai\949b2642-cfe9-4034-a917-5a65a59ac4bb_21135868.png
✅ CRC OK: P:\Photo\Из Сети\Яночка Корниловская\Ai\949b2642-cfe9-4034-a917-5a65a59ac4bb_21135868.png (7d343fea)
OK: P:\Photo\Из Сети\Яночка Корниловская\Ai\AIз имени.jpg
✅ CRC OK: P:\Photo\Из Сети\Яночка Корниловская\Ai\AIз имени.jpg (21adbb3f)
OK: P:\Photo\Из Сети\Яночка Корниловская\Ai\AIы.jpg
✅ CRC OK: P:\Photo\Из Сети\Яночка Корниловская\Ai\AIы.jpg (6e5fad88)
OK: P:\Photo\Из Сети\Яночка Корниловская\Ai\unnamed.png
✅ CRC OK: P:\Photo\Из Сети\Яночка Корниловская\Ai\unnamed.png (217cd390)
OK: P:\Photo\Из Сети\Яночка Корниловская\B9h_hx1nF4I.jpg
✅ CRC OK: P:\Photo\Из Сети\Яночка Корниловская\B9h_hx1nF4I.jpg (8b5598ae)
OK: P:\Photo\Из Сети\Яночка Корниловская\D1LvqZDVeJA.jpg
✅ CRC OK: P:\Photo\Из Сети\Яночка Корниловская\D1LvqZDVeJA.jpg (f7a5bd99)
OK: P:\Photo\Из Сети\Яночка Корниловская\DQHsDMyOEo4.jpg
✅ CRC OK: P:\Photo\Из Сети\Яночка Корниловская\DQHsDMyOEo4.jpg (b7a10c01)
OK: P:\Photo\Из Сети\Яночка Корниловская\DtzHmXNnrGY.jpg
✅ CRC OK: P:\Photo\Из Сети\Яночка Корниловская\DtzHmXNnrGY.jpg (47233ed7)
OK: P:\Photo\Из Сети\Яночка Корниловская\FHG6lKSl-08.jpg
✅ CRC OK: P:\Photo\Из Сети\Яночка Корниловская\FHG6lKSl-08.jpg (38323d4e)
OK: P:\Photo\Из Сети\Яночка Корниловская\G0N7313yMAs.jpg
✅ CRC OK: P:\Photo\Из Сети\Яночка Корниловская\G0N7313yMAs.jpg (9f5824d8)
OK: P:\Photo\Из Сети\Яночка Корниловская\G5IZJv0PUf4.jpg
✅ CRC OK: P:\Photo\Из Сети\Яночка Корниловская\G5IZJv0PUf4.jpg (656298cf)
OK: P:\Photo\Из Сети\Яночка Корниловская\GDhFF941JEw.jpg
✅ CRC OK: P:\Photo\Из Сети\Яночка Корниловская\GDhFF941JEw.jpg (09c46874)
OK: P:\Photo\Из Сети\Яночка Корниловская\GW_6qpVJQP0.jpg
✅ CRC OK: P:\Photo\Из Сети\Яночка Корниловская\GW_6qpVJQP0.jpg (6c9ff5be)
OK: P:\Photo\Из Сети\Яночка Корниловская\Hmp7aE0I3q0.jpg
✅ CRC OK: P:\Photo\Из Сети\Яночка Корниловская\Hmp7aE0I3q0.jpg (ca2371b2)
OK: P:\Photo\Из Сети\Яночка Корниловская\IBIWsws1zTM.jpg
✅ CRC OK: P:\Photo\Из Сети\Яночка Корниловская\IBIWsws1zTM.jpg (5182d7fc)
OK: P:\Photo\Из Сети\Яночка Корниловская\Ia9CWKk_3IU.jpg
✅ CRC OK: P:\Photo\Из Сети\Яночка Корниловская\Ia9CWKk_3IU.jpg (e8f1b108)
OK: P:\Photo\Из Сети\Яночка Корниловская\KVWupY5cuRQ.jpg
✅ CRC OK: P:\Photo\Из Сети\Яночка Корниловская\KVWupY5cuRQ.jpg (a145e6c1)
OK: P:\Photo\Из Сети\Яночка Корниловская\KpNNkBQAsNo.jpg
✅ CRC OK: P:\Photo\Из Сети\Яночка Корниловская\KpNNkBQAsNo.jpg (6af63c80)
OK: P:\Photo\Из Сети\Яночка Корниловская\Ktika7lrBa4.jpg
✅ CRC OK: P:\Photo\Из Сети\Яночка Корниловская\Ktika7lrBa4.jpg (17ead957)
OK: P:\Photo\Из Сети\Яночка Корниловская\L3G_-Llah5o.jpg
✅ CRC OK: P:\Photo\Из Сети\Яночка Корниловская\L3G_-Llah5o.jpg (0e246a60)
OK: P:\Photo\Из Сети\Яночка Корниловская\LHAnoAZf9z4.jpg
✅ CRC OK: P:\Photo\Из Сети\Яночка Корниловская\LHAnoAZf9z4.jpg (c7467280)
OK: P:\Photo\Из Сети\Яночка Корниловская\QZlesunH100.jpg
✅ CRC OK: P:\Photo\Из Сети\Яночка Корниловская\QZlesunH100.jpg (ef901b02)
OK: P:\Photo\Из Сети\Яночка Корниловская\R7jcgyhXAJE.jpg
✅ CRC OK: P:\Photo\Из Сети\Яночка Корниловская\R7jcgyhXAJE.jpg (c223c981)
OK: P:\Photo\Из Сети\Яночка Корниловская\RrQz8ez4zA0.jpg
✅ CRC OK: P:\Photo\Из Сети\Яночка Корниловская\RrQz8ez4zA0.jpg (81909287)
OK: P:\Photo\Из Сети\Яночка Корниловская\TD04UfYMxkg.jpg
✅ CRC OK: P:\Photo\Из Сети\Яночка Корниловская\TD04UfYMxkg.jpg (1fb3f6fd)
OK: P:\Photo\Из Сети\Яночка Корниловская\TqupJiFRgLY.jpg
✅ CRC OK: P:\Photo\Из Сети\Яночка Корниловская\TqupJiFRgLY.jpg (cde29b26)
OK: P:\Photo\Из Сети\Яночка Корниловская\Uo9oNE2tbIU.jpg
✅ CRC OK: P:\Photo\Из Сети\Яночка Корниловская\Uo9oNE2tbIU.jpg (3949891e)
OK: P:\Photo\Из Сети\Яночка Корниловская\UsbiaG3QyLc.jpg
✅ CRC OK: P:\Photo\Из Сети\Яночка Корниловская\UsbiaG3QyLc.jpg (cf68cca9)
OK: P:\Photo\Из Сети\Яночка Корниловская\WBpI4c4zMj0.jpg
✅ CRC OK: P:\Photo\Из Сети\Яночка Корниловская\WBpI4c4zMj0.jpg (99c25fe4)
OK: P:\Photo\Из Сети\Яночка Корниловская\WO-RF7qD1AM.jpg
✅ CRC OK: P:\Photo\Из Сети\Яночка Корниловская\WO-RF7qD1AM.jpg (910f8542)
OK: P:\Photo\Из Сети\Яночка Корниловская\WQZOROLD_eI.jpg
✅ CRC OK: P:\Photo\Из Сети\Яночка Корниловская\WQZOROLD_eI.jpg (939121ab)
OK: P:\Photo\Из Сети\Яночка Корниловская\Wiaascxnv3k.jpg
✅ CRC OK: P:\Photo\Из Сети\Яночка Корниловская\Wiaascxnv3k.jpg (fd259b6e)
OK: P:\Photo\Из Сети\Яночка Корниловская\XmB4eO39b7w.jpg
✅ CRC OK: P:\Photo\Из Сети\Яночка Корниловская\XmB4eO39b7w.jpg (c4d0d75c)
OK: P:\Photo\Из Сети\Яночка Корниловская\Xwlu6YGrFms.jpg
✅ CRC OK: P:\Photo\Из Сети\Яночка Корниловская\Xwlu6YGrFms.jpg (5983560b)
OK: P:\Photo\Из Сети\Яночка Корниловская\YfsUY-06pZ4.jpg
✅ CRC OK: P:\Photo\Из Сети\Яночка Корниловская\YfsUY-06pZ4.jpg (e2bd64a6)
OK: P:\Photo\Из Сети\Яночка Корниловская\_wqQDbAcH4U.jpg
✅ CRC OK: P:\Photo\Из Сети\Яночка Корниловская\_wqQDbAcH4U.jpg (40bdf970)
OK: P:\Photo\Из Сети\Яночка Корниловская\aOW2TJPB9eg.jpg
✅ CRC OK: P:\Photo\Из Сети\Яночка Корниловская\aOW2TJPB9eg.jpg (78222c64)
OK: P:\Photo\Из Сети\Яночка Корниловская\cfiLfR351jA.jpg
✅ CRC OK: P:\Photo\Из Сети\Яночка Корниловская\cfiLfR351jA.jpg (d91c2040)
OK: P:\Photo\Из Сети\Яночка Корниловская\dfo166SRLLg.jpg
✅ CRC OK: P:\Photo\Из Сети\Яночка Корниловская\dfo166SRLLg.jpg (556f9a4b)
OK: P:\Photo\Из Сети\Яночка Корниловская\dinK4V0Wufo.jpg
✅ CRC OK: P:\Photo\Из Сети\Яночка Корниловская\dinK4V0Wufo.jpg (9b63467f)
OK: P:\Photo\Из Сети\Яночка Корниловская\e6mpqCnU6ug.jpg
✅ CRC OK: P:\Photo\Из Сети\Яночка Корниловская\e6mpqCnU6ug.jpg (cf74a66e)
OK: P:\Photo\Из Сети\Яночка Корниловская\eG_27SeKfGU.jpg
✅ CRC OK: P:\Photo\Из Сети\Яночка Корниловская\eG_27SeKfGU.jpg (c70d2878)
OK: P:\Photo\Из Сети\Яночка Корниловская\fFEZ8_r3o2E.jpg
✅ CRC OK: P:\Photo\Из Сети\Яночка Корниловская\fFEZ8_r3o2E.jpg (ec560278)
OK: P:\Photo\Из Сети\Яночка Корниловская\ge219T0OQWg.jpg
✅ CRC OK: P:\Photo\Из Сети\Яночка Корниловская\ge219T0OQWg.jpg (c0d0904d)
OK: P:\Photo\Из Сети\Яночка Корниловская\ggfsQf7B8JY.jpg
✅ CRC OK: P:\Photo\Из Сети\Яночка Корниловская\ggfsQf7B8JY.jpg (c53a555c)
OK: P:\Photo\Из Сети\Яночка Корниловская\hG9Kx8zfeK8.jpg
✅ CRC OK: P:\Photo\Из Сети\Яночка Корниловская\hG9Kx8zfeK8.jpg (4a54d558)
OK: P:\Photo\Из Сети\Яночка Корниловская\iAz-94YFsiA.jpg
✅ CRC OK: P:\Photo\Из Сети\Яночка Корниловская\iAz-94YFsiA.jpg (b36dc59c)
OK: P:\Photo\Из Сети\Яночка Корниловская\iqBSTiaCbZI.jpg
✅ CRC OK: P:\Photo\Из Сети\Яночка Корниловская\iqBSTiaCbZI.jpg (ea21a2ba)
OK: P:\Photo\Из Сети\Яночка Корниловская\jIbutuspcVA.jpg
✅ CRC OK: P:\Photo\Из Сети\Яночка Корниловская\jIbutuspcVA.jpg (0919db79)
OK: P:\Photo\Из Сети\Яночка Корниловская\jOR2oTinf1A.jpg
✅ CRC OK: P:\Photo\Из Сети\Яночка Корниловская\jOR2oTinf1A.jpg (b49242a7)
OK: P:\Photo\Из Сети\Яночка Корниловская\kYFt5zYTjPI.jpg
✅ CRC OK: P:\Photo\Из Сети\Яночка Корниловская\kYFt5zYTjPI.jpg (e0b9039c)
OK: P:\Photo\Из Сети\Яночка Корниловская\lgVxdqELsIE.jpg
✅ CRC OK: P:\Photo\Из Сети\Яночка Корниловская\lgVxdqELsIE.jpg (eb7a51f2)
OK: P:\Photo\Из Сети\Яночка Корниловская\mGnzsM6cqJc.jpg
✅ CRC OK: P:\Photo\Из Сети\Яночка Корниловская\mGnzsM6cqJc.jpg (73f13c47)
OK: P:\Photo\Из Сети\Яночка Корниловская\mJ3fzswvjEE.jpg
✅ CRC OK: P:\Photo\Из Сети\Яночка Корниловская\mJ3fzswvjEE.jpg (509b933b)
OK: P:\Photo\Из Сети\Яночка Корниловская\mihfDtrYtXs.jpg
✅ CRC OK: P:\Photo\Из Сети\Яночка Корниловская\mihfDtrYtXs.jpg (71683722)
OK: P:\Photo\Из Сети\Яночка Корниловская\naP5jbGSNRM.jpg
✅ CRC OK: P:\Photo\Из Сети\Яночка Корниловская\naP5jbGSNRM.jpg (2c6b275b)
OK: P:\Photo\Из Сети\Яночка Корниловская\ox853ku37iI.jpg
✅ CRC OK: P:\Photo\Из Сети\Яночка Корниловская\ox853ku37iI.jpg (c25a9def)
OK: P:\Photo\Из Сети\Яночка Корниловская\qk7BZdRW-Fw.jpg
✅ CRC OK: P:\Photo\Из Сети\Яночка Корниловская\qk7BZdRW-Fw.jpg (ad2f3077)
OK: P:\Photo\Из Сети\Яночка Корниловская\rZ1Oj_HVucw.jpg
✅ CRC OK: P:\Photo\Из Сети\Яночка Корниловская\rZ1Oj_HVucw.jpg (5a62c676)
OK: P:\Photo\Из Сети\Яночка Корниловская\sXzB2-H0Mrg.jpg
✅ CRC OK: P:\Photo\Из Сети\Яночка Корниловская\sXzB2-H0Mrg.jpg (7eac3472)
OK: P:\Photo\Из Сети\Яночка Корниловская\t9WNAzYlSo4.jpg
✅ CRC OK: P:\Photo\Из Сети\Яночка Корниловская\t9WNAzYlSo4.jpg (8d7d5c94)
OK: P:\Photo\Из Сети\Яночка Корниловская\u9qP-c6Bgts.jpg
✅ CRC OK: P:\Photo\Из Сети\Яночка Корниловская\u9qP-c6Bgts.jpg (4d1a4550)
OK: P:\Photo\Из Сети\Яночка Корниловская\vbqSYOPVlik.jpg
✅ CRC OK: P:\Photo\Из Сети\Яночка Корниловская\vbqSYOPVlik.jpg (e350461b)
OK: P:\Photo\Из Сети\Яночка Корниловская\wO5yXXhGRz4.jpg
✅ CRC OK: P:\Photo\Из Сети\Яночка Корниловская\wO5yXXhGRz4.jpg (d7a7d237)
OK: P:\Photo\Из Сети\Яночка Корниловская\w_63005b6f.jpg
✅ CRC OK: P:\Photo\Из Сети\Яночка Корниловская\w_63005b6f.jpg (cce8ea47)
OK: P:\Photo\Из Сети\Яночка Корниловская\w_c685a6ae.jpg
✅ CRC OK: P:\Photo\Из Сети\Яночка Корниловская\w_c685a6ae.jpg (547a1935)
OK: P:\Photo\Из Сети\Яночка Корниловская\wp-KMRfk97c.jpg
✅ CRC OK: P:\Photo\Из Сети\Яночка Корниловская\wp-KMRfk97c.jpg (9fe86fb7)
OK: P:\Photo\Из Сети\Яночка Корниловская\xM8j8ZXL170.jpg
✅ CRC OK: P:\Photo\Из Сети\Яночка Корниловская\xM8j8ZXL170.jpg (7902076e)
OK: P:\Photo\Из Сети\Яночка Корниловская\xdKWO-LY2j8.jpg
✅ CRC OK: P:\Photo\Из Сети\Яночка Корниловская\xdKWO-LY2j8.jpg (0c357949)
OK: P:\Photo\Из Сети\Яночка Корниловская\xo6QtK2W1EY.jpg
✅ CRC OK: P:\Photo\Из Сети\Яночка Корниловская\xo6QtK2W1EY.jpg (87f7c49b)
OK: P:\Photo\Из Сети\Яночка Корниловская\yBfg1zIzkLw.jpg
✅ CRC OK: P:\Photo\Из Сети\Яночка Корниловская\yBfg1zIzkLw.jpg (d35bb7eb)
OK: P:\Photo\Из Сети\Яночка Корниловская\y_bdff949b.jpg
✅ CRC OK: P:\Photo\Из Сети\Яночка Корниловская\y_bdff949b.jpg (9f35b5c8)
OK: P:\Photo\Из Сети\Яночка Корниловская\yana_kornilovskaya-20250821_130942-985779691.jpg
✅ CRC OK: P:\Photo\Из Сети\Яночка Корниловская\yana_kornilovskaya-20250821_130942-985779691.jpg (dec63d40)
OK: P:\Photo\Из Сети\Яночка Корниловская\yana_kornilovskaya_104410480_148809786727541_7925727848574331933_n.jpg
✅ CRC OK: P:\Photo\Из Сети\Яночка Корниловская\yana_kornilovskaya_104410480_148809786727541_7925727848574331933_n.jpg (010e6c25)
OK: P:\Photo\Из Сети\Яночка Корниловская\yana_kornilovskaya_105565209_293542161828785_4731949217330045939_n.jpg
✅ CRC OK: P:\Photo\Из Сети\Яночка Корниловская\yana_kornilovskaya_105565209_293542161828785_4731949217330045939_n.jpg (1704da71)
OK: P:\Photo\Из Сети\Яночка Корниловская\yana_kornilovskaya_106563346_207285897192688_8249438074117224460_n.jpg
✅ CRC OK: P:\Photo\Из Сети\Яночка Корниловская\yana_kornilovskaya_106563346_207285897192688_8249438074117224460_n.jpg (e16e6f56)
OK: P:\Photo\Из Сети\Яночка Корниловская\yana_kornilovskaya_10661230_381596915325718_2138434032_n.jpg
✅ CRC OK: P:\Photo\Из Сети\Яночка Корниловская\yana_kornilovskaya_10661230_381596915325718_2138434032_n.jpg (e81159d0)
OK: P:\Photo\Из Сети\Яночка Корниловская\yana_kornilovskaya_10665468_324844067698066_305602188_n.jpg
✅ CRC OK: P:\Photo\Из Сети\Яночка Корниловская\yana_kornilovskaya_10665468_324844067698066_305602188_n.jpg (c09b12cd)
OK: P:\Photo\Из Сети\Яночка Корниловская\yana_kornilovskaya_10852899_864197160292268_1972332998_n.jpg
✅ CRC OK: P:\Photo\Из Сети\Яночка Корниловская\yana_kornilovskaya_10852899_864197160292268_1972332998_n.jpg (8b458cf0)
OK: P:\Photo\Из Сети\Яночка Корниловская\yana_kornilovskaya_10932601_1567160433549959_869473682_n.jpg
✅ CRC OK: P:\Photo\Из Сети\Яночка Корниловская\yana_kornilovskaya_10932601_1567160433549959_869473682_n.jpg (76cac0b9)
OK: P:\Photo\Из Сети\Яночка Корниловская\yana_kornilovskaya_109468986_160924232268165_5821405808889200325_n.jpg
✅ CRC OK: P:\Photo\Из Сети\Яночка Корниловская\yana_kornilovskaya_109468986_160924232268165_5821405808889200325_n.jpg (dc8b5ec7)
OK: P:\Photo\Из Сети\Яночка Корниловская\yana_kornilovskaya_11142173_446029582231202_884869746_n.jpg
✅ CRC OK: P:\Photo\Из Сети\Яночка Корниловская\yana_kornilovskaya_11142173_446029582231202_884869746_n.jpg (4b675080)
OK: P:\Photo\Из Сети\Яночка Корниловская\yana_kornilovskaya_11176104_1642317989357061_1488583600_n.jpg
✅ CRC OK: P:\Photo\Из Сети\Яночка Корниловская\yana_kornilovskaya_11176104_1642317989357061_1488583600_n.jpg (827cd7b0)
OK: P:\Photo\Из Сети\Яночка Корниловская\yana_kornilovskaya_11334582_1636929293208264_606303605_n.jpg
✅ CRC OK: P:\Photo\Из Сети\Яночка Корниловская\yana_kornilovskaya_11334582_1636929293208264_606303605_n.jpg (a25f76ce)
OK: P:\Photo\Из Сети\Яночка Корниловская\yana_kornilovskaya_11350668_758186594298486_1333828571_n.jpg
✅ CRC OK: P:\Photo\Из Сети\Яночка Корниловская\yana_kornilovskaya_11350668_758186594298486_1333828571_n.jpg (1164942e)
OK: P:\Photo\Из Сети\Яночка Корниловская\yana_kornilovskaya_11821279_776019609193114_1439385603_n.jpg
✅ CRC OK: P:\Photo\Из Сети\Яночка Корниловская\yana_kornilovskaya_11821279_776019609193114_1439385603_n.jpg (c791fe81)
OK: P:\Photo\Из Сети\Яночка Корниловская\yana_kornilovskaya_11849246_1644584729113214_1952598235_n.jpg
✅ CRC OK: P:\Photo\Из Сети\Яночка Корниловская\yana_kornilovskaya_11849246_1644584729113214_1952598235_n.jpg (c2f3e0e6)
OK: P:\Photo\Из Сети\Яночка Корниловская\yana_kornilovskaya_11849856_1480523375573843_1929745059_n.jpg
✅ CRC OK: P:\Photo\Из Сети\Яночка Корниловская\yana_kornilovskaya_11849856_1480523375573843_1929745059_n.jpg (50a30093)
OK: P:\Photo\Из Сети\Яночка Корниловская\yana_kornilovskaya_118695802_329421625137514_2700479872638766566_n.jpg
✅ CRC OK: P:\Photo\Из Сети\Яночка Корниловская\yana_kornilovskaya_118695802_329421625137514_2700479872638766566_n.jpg (f2590c4a)
OK: P:\Photo\Из Сети\Яночка Корниловская\yana_kornilovskaya_11881809_505794372921906_2015082539_n.jpg
✅ CRC OK: P:\Photo\Из Сети\Яночка Корниловская\yana_kornilovskaya_11881809_505794372921906_2015082539_n.jpg (29414095)
OK: P:\Photo\Из Сети\Яночка Корниловская\yana_kornilovskaya_11899633_1616985228588909_863767393_n.jpg
✅ CRC OK: P:\Photo\Из Сети\Яночка Корниловская\yana_kornilovskaya_11899633_1616985228588909_863767393_n.jpg (d8a0c6e2)
OK: P:\Photo\Из Сети\Яночка Корниловская\yana_kornilovskaya_11931084_812082592222557_1354780155_n.jpg
✅ CRC OK: P:\Photo\Из Сети\Яночка Корниловская\yana_kornilovskaya_11931084_812082592222557_1354780155_n.jpg (374a01cb)
OK: P:\Photo\Из Сети\Яночка Корниловская\yana_kornilovskaya_12107650_1647778772169644_841792973_n.jpg
✅ CRC OK: P:\Photo\Из Сети\Яночка Корниловская\yana_kornilovskaya_12107650_1647778772169644_841792973_n.jpg (45721a24)
OK: P:\Photo\Из Сети\Яночка Корниловская\yana_kornilovskaya_12142073_542932072530518_938135321_n.jpg
✅ CRC OK: P:\Photo\Из Сети\Яночка Корниловская\yana_kornilovskaya_12142073_542932072530518_938135321_n.jpg (edd12bbd)
OK: P:\Photo\Из Сети\Яночка Корниловская\yana_kornilovskaya_12277492_1709995549236394_2008848470_n.jpg
✅ CRC OK: P:\Photo\Из Сети\Яночка Корниловская\yana_kornilovskaya_12277492_1709995549236394_2008848470_n.jpg (d82b341a)
OK: P:\Photo\Из Сети\Яночка Корниловская\yana_kornilovskaya_12407481_1509574019346259_676807422_n.jpg
✅ CRC OK: P:\Photo\Из Сети\Яночка Корниловская\yana_kornilovskaya_12407481_1509574019346259_676807422_n.jpg (35f0272b)
OK: P:\Photo\Из Сети\Яночка Корниловская\yana_kornilovskaya_12501889_605026529652458_933232592_n.jpg
✅ CRC OK: P:\Photo\Из Сети\Яночка Корниловская\yana_kornilovskaya_12501889_605026529652458_933232592_n.jpg (300461e6)
OK: P:\Photo\Из Сети\Яночка Корниловская\yana_kornilovskaya_12545359_548844411957803_629978564_n.jpg
✅ CRC OK: P:\Photo\Из Сети\Яночка Корниловская\yana_kornilovskaya_12545359_548844411957803_629978564_n.jpg (ddca948e)
OK: P:\Photo\Из Сети\Яночка Корниловская\yana_kornilovskaya_12552278_489727807855274_342457624_n.jpg
✅ CRC OK: P:\Photo\Из Сети\Яночка Корниловская\yana_kornilovskaya_12552278_489727807855274_342457624_n.jpg (6c9e23af)
OK: P:\Photo\Из Сети\Яночка Корниловская\yana_kornilovskaya_12555982_1733157003570304_2076618564_n.jpg
✅ CRC OK: P:\Photo\Из Сети\Яночка Корниловская\yana_kornilovskaya_12555982_1733157003570304_2076618564_n.jpg (f04e3d5d)
OK: P:\Photo\Из Сети\Яночка Корниловская\yana_kornilovskaya_12677681_559635044196403_1378518814_n.jpg
✅ CRC OK: P:\Photo\Из Сети\Яночка Корниловская\yana_kornilovskaya_12677681_559635044196403_1378518814_n.jpg (687a4e22)
OK: P:\Photo\Из Сети\Яночка Корниловская\yana_kornilovskaya_12716468_1171760252854287_1976782389_n.jpg
✅ CRC OK: P:\Photo\Из Сети\Яночка Корниловская\yana_kornilovskaya_12716468_1171760252854287_1976782389_n.jpg (4586d816)
OK: P:\Photo\Из Сети\Яночка Корниловская\yana_kornilovskaya_12797852_608586279297317_961645730_n.jpg
✅ CRC OK: P:\Photo\Из Сети\Яночка Корниловская\yana_kornilovskaya_12797852_608586279297317_961645730_n.jpg (40c95e12)
OK: P:\Photo\Из Сети\Яночка Корниловская\yana_kornilovskaya_12797900_464943820367588_459665626_n.jpg
✅ CRC OK: P:\Photo\Из Сети\Яночка Корниловская\yana_kornilovskaya_12797900_464943820367588_459665626_n.jpg (a2eb5f97)
OK: P:\Photo\Из Сети\Яночка Корниловская\yana_kornilovskaya_12976181_1719509741652784_1752647272_n.jpg
✅ CRC OK: P:\Photo\Из Сети\Яночка Корниловская\yana_kornilovskaya_12976181_1719509741652784_1752647272_n.jpg (98e63f43)
OK: P:\Photo\Из Сети\Яночка Корниловская\yana_kornilovskaya_13126631_1552503815050835_1302130406_n.jpg
✅ CRC OK: P:\Photo\Из Сети\Яночка Корниловская\yana_kornilovskaya_13126631_1552503815050835_1302130406_n.jpg (145892fb)
OK: P:\Photo\Из Сети\Яночка Корниловская\yana_kornilovskaya_13129502_871056986374157_2084022640_n.jpg
✅ CRC OK: P:\Photo\Из Сети\Яночка Корниловская\yana_kornilovskaya_13129502_871056986374157_2084022640_n.jpg (157e68be)
OK: P:\Photo\Из Сети\Яночка Корниловская\yana_kornilovskaya_13183424_1710903289192079_1022101676_n.jpg
✅ CRC OK: P:\Photo\Из Сети\Яночка Корниловская\yana_kornilovskaya_13183424_1710903289192079_1022101676_n.jpg (f4dd6fc5)
OK: P:\Photo\Из Сети\Яночка Корниловская\yana_kornilovskaya_13531845_1729551393951996_546382057_n.jpg
✅ CRC OK: P:\Photo\Из Сети\Яночка Корниловская\yana_kornilovskaya_13531845_1729551393951996_546382057_n.jpg (ede52431)
OK: P:\Photo\Из Сети\Яночка Корниловская\yana_kornilovskaya_13534242_1623310654648677_363328525_n.jpg
✅ CRC OK: P:\Photo\Из Сети\Яночка Корниловская\yana_kornilovskaya_13534242_1623310654648677_363328525_n.jpg (c819b342)
OK: P:\Photo\Из Сети\Яночка Корниловская\yana_kornilovskaya_13551533_301929903479233_290495709_n.jpg
✅ CRC OK: P:\Photo\Из Сети\Яночка Корниловская\yana_kornilovskaya_13551533_301929903479233_290495709_n.jpg (c47a0db2)
OK: P:\Photo\Из Сети\Яночка Корниловская\yana_kornilovskaya_13551623_1360354020682611_1839481218_n.jpg
✅ CRC OK: P:\Photo\Из Сети\Яночка Корниловская\yana_kornilovskaya_13551623_1360354020682611_1839481218_n.jpg (eb30304e)
OK: P:\Photo\Из Сети\Яночка Корниловская\yana_kornilovskaya_13557170_1725663214388582_1714112522_n.jpg
✅ CRC OK: P:\Photo\Из Сети\Яночка Корниловская\yana_kornilovskaya_13557170_1725663214388582_1714112522_n.jpg (0c5468bb)
OK: P:\Photo\Из Сети\Яночка Корниловская\yana_kornilovskaya_13584052_1170766032955268_111706654_n.jpg
✅ CRC OK: P:\Photo\Из Сети\Яночка Корниловская\yana_kornilovskaya_13584052_1170766032955268_111706654_n.jpg (9056505d)
OK: P:\Photo\Из Сети\Яночка Корниловская\yana_kornilovskaya_13658692_1759119517668578_1706384750_n.jpg
✅ CRC OK: P:\Photo\Из Сети\Яночка Корниловская\yana_kornilovskaya_13658692_1759119517668578_1706384750_n.jpg (485e192a)
OK: P:\Photo\Из Сети\Яночка Корниловская\yana_kornilovskaya_13671904_1732509467004207_979363578_n.jpg
✅ CRC OK: P:\Photo\Из Сети\Яночка Корниловская\yana_kornilovskaya_13671904_1732509467004207_979363578_n.jpg (ba8ae01d)
OK: P:\Photo\Из Сети\Яночка Корниловская\yana_kornilovskaya_13694424_264163293955063_599704292_n.jpg
✅ CRC OK: P:\Photo\Из Сети\Яночка Корниловская\yana_kornilovskaya_13694424_264163293955063_599704292_n.jpg (52afeb10)
OK: P:\Photo\Из Сети\Яночка Корниловская\yana_kornilovskaya_13712384_277574005950974_2048516958_n.jpg
✅ CRC OK: P:\Photo\Из Сети\Яночка Корниловская\yana_kornilovskaya_13712384_277574005950974_2048516958_n.jpg (0454d101)
OK: P:\Photo\Из Сети\Яночка Корниловская\yana_kornilovskaya_13721263_312457605761212_846404026_n.jpg
✅ CRC OK: P:\Photo\Из Сети\Яночка Корниловская\yana_kornilovskaya_13721263_312457605761212_846404026_n.jpg (7f269051)
OK: P:\Photo\Из Сети\Яночка Корниловская\yana_kornilovskaya_13734340_1059778124102668_1023139068_n.jpg
✅ CRC OK: P:\Photo\Из Сети\Яночка Корниловская\yana_kornilovskaya_13734340_1059778124102668_1023139068_n.jpg (89e0a644)
OK: P:\Photo\Из Сети\Яночка Корниловская\yana_kornilovskaya_13744169_229595777434189_2107292708_n.jpg
✅ CRC OK: P:\Photo\Из Сети\Яночка Корниловская\yana_kornilovskaya_13744169_229595777434189_2107292708_n.jpg (0e8c93d2)
OK: P:\Photo\Из Сети\Яночка Корниловская\yana_kornilovskaya_14052316_1347142595315090_2017150943_n.jpg
✅ CRC OK: P:\Photo\Из Сети\Яночка Корниловская\yana_kornilovskaya_14052316_1347142595315090_2017150943_n.jpg (c1296c78)
OK: P:\Photo\Из Сети\Яночка Корниловская\yana_kornilovskaya_14072826_1733290716922381_620091842_n (1).jpg
✅ CRC OK: P:\Photo\Из Сети\Яночка Корниловская\yana_kornilovskaya_14072826_1733290716922381_620091842_n (1).jpg (8634697b)
OK: P:\Photo\Из Сети\Яночка Корниловская\yana_kornilovskaya_14072826_1733290716922381_620091842_n.jpg
✅ CRC OK: P:\Photo\Из Сети\Яночка Корниловская\yana_kornilovskaya_14072826_1733290716922381_620091842_n.jpg (8634697b)
OK: P:\Photo\Из Сети\Яночка Корниловская\yana_kornilovskaya_14073262_503293019868702_1977868616_n.jpg
✅ CRC OK: P:\Photo\Из Сети\Яночка Корниловская\yana_kornilovskaya_14073262_503293019868702_1977868616_n.jpg (e595668f)
OK: P:\Photo\Из Сети\Яночка Корниловская\yana_kornilovskaya_14278943_1789141568035214_1298244673_n.jpg
✅ CRC OK: P:\Photo\Из Сети\Яночка Корниловская\yana_kornilovskaya_14278943_1789141568035214_1298244673_n.jpg (88c6e7d2)
OK: P:\Photo\Из Сети\Яночка Корниловская\yana_kornilovskaya_16110677_1307036762692681_3443102159661432832_n.jpg
✅ CRC OK: P:\Photo\Из Сети\Яночка Корниловская\yana_kornilovskaya_16110677_1307036762692681_3443102159661432832_n.jpg (b9d4b225)
OK: P:\Photo\Из Сети\Яночка Корниловская\yana_kornilovskaya_16229290_1324404514249388_3386681635310141440_n.jpg
✅ CRC OK: P:\Photo\Из Сети\Яночка Корниловская\yana_kornilovskaya_16229290_1324404514249388_3386681635310141440_n.jpg (f0014a6d)
OK: P:\Photo\Из Сети\Яночка Корниловская\yana_kornilovskaya_16583259_1400686130003098_1137693178367836160_n.jpg
✅ CRC OK: P:\Photo\Из Сети\Яночка Корниловская\yana_kornilovskaya_16583259_1400686130003098_1137693178367836160_n.jpg (13f51627)
OK: P:\Photo\Из Сети\Яночка Корниловская\yana_kornilovskaya_16789105_1871702049712924_8594564613989728256_n.jpg
✅ CRC OK: P:\Photo\Из Сети\Яночка Корниловская\yana_kornilovskaya_16789105_1871702049712924_8594564613989728256_n.jpg (b2ec5c20)
OK: P:\Photo\Из Сети\Яночка Корниловская\yana_kornilovskaya_1719901449054.jpeg
✅ CRC OK: P:\Photo\Из Сети\Яночка Корниловская\yana_kornilovskaya_1719901449054.jpeg (3f436a3a)
OK: P:\Photo\Из Сети\Яночка Корниловская\yana_kornilovskaya_1941210_120927134916262_1371566237_n.jpg
✅ CRC OK: P:\Photo\Из Сети\Яночка Корниловская\yana_kornilovskaya_1941210_120927134916262_1371566237_n.jpg (e593deff)
OK: P:\Photo\Из Сети\Яночка Корниловская\yana_kornilovskaya_19436510_264005494077050_1533907209958719488_n.jpg
✅ CRC OK: P:\Photo\Из Сети\Яночка Корниловская\yana_kornilovskaya_19436510_264005494077050_1533907209958719488_n.jpg (782eb5cf)
OK: P:\Photo\Из Сети\Яночка Корниловская\yana_kornilovskaya_19623604_146587285907201_7844867614227562496_n.jpg
✅ CRC OK: P:\Photo\Из Сети\Яночка Корниловская\yana_kornilovskaya_19623604_146587285907201_7844867614227562496_n.jpg (c989305e)
OK: P:\Photo\Из Сети\Яночка Корниловская\yana_kornilovskaya_20184452_101622390493889_7541321066870734848_n.jpg
✅ CRC OK: P:\Photo\Из Сети\Яночка Корниловская\yana_kornilovskaya_20184452_101622390493889_7541321066870734848_n.jpg (47bc9a32)
OK: P:\Photo\Из Сети\Яночка Корниловская\yana_kornilovskaya_202577420_202103988472961_8012319202815152195_n.jpg
✅ CRC OK: P:\Photo\Из Сети\Яночка Корниловская\yana_kornilovskaya_202577420_202103988472961_8012319202815152195_n.jpg (2595fe14)
OK: P:\Photo\Из Сети\Яночка Корниловская\yana_kornilovskaya_240456203_205355904818617_3111176876657306666_n.jpg
✅ CRC OK: P:\Photo\Из Сети\Яночка Корниловская\yana_kornilovskaya_240456203_205355904818617_3111176876657306666_n.jpg (5e6abb98)
OK: P:\Photo\Из Сети\Яночка Корниловская\yana_kornilovskaya_25012799_1921701231481152_325509128912896000_n.jpg
✅ CRC OK: P:\Photo\Из Сети\Яночка Корниловская\yana_kornilovskaya_25012799_1921701231481152_325509128912896000_n.jpg (25ad1546)
OK: P:\Photo\Из Сети\Яночка Корниловская\yana_kornilovskaya_26071366_1981772395370061_9183072139673075712_n.jpg
✅ CRC OK: P:\Photo\Из Сети\Яночка Корниловская\yana_kornilovskaya_26071366_1981772395370061_9183072139673075712_n.jpg (53910205)
OK: P:\Photo\Из Сети\Яночка Корниловская\yana_kornilovskaya_26872626_1599916376732470_3458901123845324800_n.jpg
✅ CRC OK: P:\Photo\Из Сети\Яночка Корниловская\yana_kornilovskaya_26872626_1599916376732470_3458901123845324800_n.jpg (d789ac0e)
OK: P:\Photo\Из Сети\Яночка Корниловская\yana_kornilovskaya_30078313_180943315887665_8919322273949679616_n.jpg
✅ CRC OK: P:\Photo\Из Сети\Яночка Корниловская\yana_kornilovskaya_30078313_180943315887665_8919322273949679616_n.jpg (9d2abb94)
OK: P:\Photo\Из Сети\Яночка Корниловская\yana_kornilovskaya_30829690_324587841402861_5918265497081610240_n.jpg
✅ CRC OK: P:\Photo\Из Сети\Яночка Корниловская\yana_kornilovskaya_30829690_324587841402861_5918265497081610240_n.jpg (d46eb1d4)
OK: P:\Photo\Из Сети\Яночка Корниловская\yana_kornilovskaya_33021140_2141135319452725_2160313801939877888_n.jpg
✅ CRC OK: P:\Photo\Из Сети\Яночка Корниловская\yana_kornilovskaya_33021140_2141135319452725_2160313801939877888_n.jpg (105b519a)
OK: P:\Photo\Из Сети\Яночка Корниловская\yana_kornilovskaya_33545901_181193425930769_6065236932898586624_n.jpg
✅ CRC OK: P:\Photo\Из Сети\Яночка Корниловская\yana_kornilovskaya_33545901_181193425930769_6065236932898586624_n.jpg (d4a466e7)
OK: P:\Photo\Из Сети\Яночка Корниловская\yana_kornilovskaya_33559752_1823579337946596_1556053289697542144_n.jpg
✅ CRC OK: P:\Photo\Из Сети\Яночка Корниловская\yana_kornilovskaya_33559752_1823579337946596_1556053289697542144_n.jpg (595d89d9)
OK: P:\Photo\Из Сети\Яночка Корниловская\yana_kornilovskaya_35618042_413725992458052_2160754302375690240_n.jpg
✅ CRC OK: P:\Photo\Из Сети\Яночка Корниловская\yana_kornilovskaya_35618042_413725992458052_2160754302375690240_n.jpg (17a3eb0e)
OK: P:\Photo\Из Сети\Яночка Корниловская\yana_kornilovskaya_358172760_1007611570672082_7551625926124999289_n.jpg
✅ CRC OK: P:\Photo\Из Сети\Яночка Корниловская\yana_kornilovskaya_358172760_1007611570672082_7551625926124999289_n.jpg (8eb8f04d)
OK: P:\Photo\Из Сети\Яночка Корниловская\yana_kornilovskaya_35934345_1838831373079340_3099407937353809920_n.jpg
✅ CRC OK: P:\Photo\Из Сети\Яночка Корниловская\yana_kornilovskaya_35934345_1838831373079340_3099407937353809920_n.jpg (35eb7d35)
OK: P:\Photo\Из Сети\Яночка Корниловская\yana_kornilovskaya_36149532_259722141247600_4173408180946075648_n.jpg
✅ CRC OK: P:\Photo\Из Сети\Яночка Корниловская\yana_kornilovskaya_36149532_259722141247600_4173408180946075648_n.jpg (a2c6683f)
OK: P:\Photo\Из Сети\Яночка Корниловская\yana_kornilovskaya_36849037_508303786279200_8032151531480416256_n.jpg
✅ CRC OK: P:\Photo\Из Сети\Яночка Корниловская\yana_kornilovskaya_36849037_508303786279200_8032151531480416256_n.jpg (28e70501)
OK: P:\Photo\Из Сети\Яночка Корниловская\yana_kornilovskaya_368687683_679738464009906_6365609444319036215_n.jpg
✅ CRC OK: P:\Photo\Из Сети\Яночка Корниловская\yana_kornilovskaya_368687683_679738464009906_6365609444319036215_n.jpg (059cf56a)
OK: P:\Photo\Из Сети\Яночка Корниловская\yana_kornilovskaya_37906935_214213922597730_437693180763176960_n.jpg
✅ CRC OK: P:\Photo\Из Сети\Яночка Корниловская\yana_kornilovskaya_37906935_214213922597730_437693180763176960_n.jpg (19562461)
OK: P:\Photo\Из Сети\Яночка Корниловская\yana_kornilovskaya_40032575_245646592820790_1008497837645094677_n.jpg
✅ CRC OK: P:\Photo\Из Сети\Яночка Корниловская\yana_kornilovskaya_40032575_245646592820790_1008497837645094677_n.jpg (687486f7)
OK: P:\Photo\Из Сети\Яночка Корниловская\yana_kornilovskaya_47582439_232496197651103_524353252834810749_n.jpg
✅ CRC OK: P:\Photo\Из Сети\Яночка Корниловская\yana_kornilovskaya_47582439_232496197651103_524353252834810749_n.jpg (f8663d7b)
OK: P:\Photo\Из Сети\Яночка Корниловская\yana_kornilovskaya_50079446_1313021342182089_3039302636486109175_n.jpg
✅ CRC OK: P:\Photo\Из Сети\Яночка Корниловская\yana_kornilovskaya_50079446_1313021342182089_3039302636486109175_n.jpg (a8dc1b72)
OK: P:\Photo\Из Сети\Яночка Корниловская\yana_kornilovskaya_52494646_394151991318031_811922731543200860_n.jpg
✅ CRC OK: P:\Photo\Из Сети\Яночка Корниловская\yana_kornilovskaya_52494646_394151991318031_811922731543200860_n.jpg (a46db569)
OK: P:\Photo\Из Сети\Яночка Корниловская\yana_kornilovskaya_54463840_125803595207795_2584911440516217954_n.jpg
✅ CRC OK: P:\Photo\Из Сети\Яночка Корниловская\yana_kornilovskaya_54463840_125803595207795_2584911440516217954_n.jpg (166a3867)
OK: P:\Photo\Из Сети\Яночка Корниловская\yana_kornilovskaya_60052367_1187773834727267_7953797690126007991_n.jpg
✅ CRC OK: P:\Photo\Из Сети\Яночка Корниловская\yana_kornilovskaya_60052367_1187773834727267_7953797690126007991_n.jpg (24c72eca)
OK: P:\Photo\Из Сети\Яночка Корниловская\yana_kornilovskaya_62495663_394578968069605_837649056949355646_n.jpg
✅ CRC OK: P:\Photo\Из Сети\Яночка Корниловская\yana_kornilovskaya_62495663_394578968069605_837649056949355646_n.jpg (24dbeb25)
OK: P:\Photo\Из Сети\Яночка Корниловская\yana_kornilovskaya_64571086_648488872286361_5363678168993615597_n.jpg
✅ CRC OK: P:\Photo\Из Сети\Яночка Корниловская\yana_kornilovskaya_64571086_648488872286361_5363678168993615597_n.jpg (8bc3758d)
OK: P:\Photo\Из Сети\Яночка Корниловская\yana_kornilovskaya_66363505_319726535406965_8757543436827333573_n.jpg
✅ CRC OK: P:\Photo\Из Сети\Яночка Корниловская\yana_kornilovskaya_66363505_319726535406965_8757543436827333573_n.jpg (8736792f)
OK: P:\Photo\Из Сети\Яночка Корниловская\yana_kornilovskaya_67464849_2375661469368459_406316585692013209_n.jpg
✅ CRC OK: P:\Photo\Из Сети\Яночка Корниловская\yana_kornilovskaya_67464849_2375661469368459_406316585692013209_n.jpg (f839941c)
OK: P:\Photo\Из Сети\Яночка Корниловская\yana_kornilovskaya_69602852_170893497412080_3890445834657187812_n.jpg
✅ CRC OK: P:\Photo\Из Сети\Яночка Корниловская\yana_kornilovskaya_69602852_170893497412080_3890445834657187812_n.jpg (362e8df0)
OK: P:\Photo\Из Сети\Яночка Корниловская\yana_kornilovskaya_69780428_906184516423054_5136046584187445143_n.jpg
✅ CRC OK: P:\Photo\Из Сети\Яночка Корниловская\yana_kornilovskaya_69780428_906184516423054_5136046584187445143_n.jpg (a34914b2)
OK: P:\Photo\Из Сети\Яночка Корниловская\yana_kornilovskaya_70601505_2583489145048296_7622708320447195010_n.jpg
✅ CRC OK: P:\Photo\Из Сети\Яночка Корниловская\yana_kornilovskaya_70601505_2583489145048296_7622708320447195010_n.jpg (5dc59b7c)
OK: P:\Photo\Из Сети\Яночка Корниловская\yana_kornilovskaya_71578938_1766790920120390_8530458503395422868_n.jpg
✅ CRC OK: P:\Photo\Из Сети\Яночка Корниловская\yana_kornilovskaya_71578938_1766790920120390_8530458503395422868_n.jpg (f3741e7b)
OK: P:\Photo\Из Сети\Яночка Корниловская\yana_kornilovskaya_71969846_2870420409638738_8917461256362758526_n.jpg
✅ CRC OK: P:\Photo\Из Сети\Яночка Корниловская\yana_kornilovskaya_71969846_2870420409638738_8917461256362758526_n.jpg (0c088549)
OK: P:\Photo\Из Сети\Яночка Корниловская\yana_kornilovskaya_74914920_2604795552936743_1132646287191941143_n.jpg
✅ CRC OK: P:\Photo\Из Сети\Яночка Корниловская\yana_kornilovskaya_74914920_2604795552936743_1132646287191941143_n.jpg (89238413)
OK: P:\Photo\Из Сети\Яночка Корниловская\yana_kornilovskaya_75196198_128163158182636_2824845647089925888_n.jpg
✅ CRC OK: P:\Photo\Из Сети\Яночка Корниловская\yana_kornilovskaya_75196198_128163158182636_2824845647089925888_n.jpg (e37b5cdf)
OK: P:\Photo\Из Сети\Яночка Корниловская\yana_kornilovskaya_75448897_740808163070252_2732963767113285276_n.jpg
✅ CRC OK: P:\Photo\Из Сети\Яночка Корниловская\yana_kornilovskaya_75448897_740808163070252_2732963767113285276_n.jpg (913735c5)
OK: P:\Photo\Из Сети\Яночка Корниловская\yana_kornilovskaya_75586250_449525275952097_745376995978792415_n.jpg
✅ CRC OK: P:\Photo\Из Сети\Яночка Корниловская\yana_kornilovskaya_75586250_449525275952097_745376995978792415_n.jpg (e4000b2e)
OK: P:\Photo\Из Сети\Яночка Корниловская\yana_kornilovskaya_84833026_1354511771423552_1039106163488729652_n (1).jpg
✅ CRC OK: P:\Photo\Из Сети\Яночка Корниловская\yana_kornilovskaya_84833026_1354511771423552_1039106163488729652_n (1).jpg (153a4d7b)
OK: P:\Photo\Из Сети\Яночка Корниловская\yana_kornilovskaya_84833026_1354511771423552_1039106163488729652_n.jpg
✅ CRC OK: P:\Photo\Из Сети\Яночка Корниловская\yana_kornilovskaya_84833026_1354511771423552_1039106163488729652_n.jpg (153a4d7b)
OK: P:\Photo\Из Сети\Яночка Корниловская\yana_kornilovskaya_85109922_201855560870077_5270479761925013393_n.jpg
✅ CRC OK: P:\Photo\Из Сети\Яночка Корниловская\yana_kornilovskaya_85109922_201855560870077_5270479761925013393_n.jpg (254d68c1)
OK: P:\Photo\Из Сети\Яночка Корниловская\yana_kornilovskaya_87418462_127540692116916_3257270588784737386_n.jpg
✅ CRC OK: P:\Photo\Из Сети\Яночка Корниловская\yana_kornilovskaya_87418462_127540692116916_3257270588784737386_n.jpg (fb023879)
OK: P:\Photo\Из Сети\Яночка Корниловская\yana_kornilovskaya_94744319_228066105095508_8505634383372995874_n.jpg
✅ CRC OK: P:\Photo\Из Сети\Яночка Корниловская\yana_kornilovskaya_94744319_228066105095508_8505634383372995874_n.jpg (5dc2a9c4)
OK: P:\Photo\Из Сети\Яночка Корниловская\yana_kornilovskaya_97144994_1488614491321597_8167305684296906502_n.jpg
✅ CRC OK: P:\Photo\Из Сети\Яночка Корниловская\yana_kornilovskaya_97144994_1488614491321597_8167305684296906502_n.jpg (fac6624c)
OK: P:\Photo\Из Сети\Яночка Корниловская\z2SgXuzHrfw.jpg
✅ CRC OK: P:\Photo\Из Сети\Яночка Корниловская\z2SgXuzHrfw.jpg (60a2a39d)
OK: P:\Photo\Из Сети\Яночка Корниловская\z_64258aaa.jpg
✅ CRC OK: P:\Photo\Из Сети\Яночка Корниловская\z_64258aaa.jpg (942d9cdc)
OK: P:\Photo\Из Сети\Яночка Корниловская\zd3v2pQBp4Y.jpg
✅ CRC OK: P:\Photo\Из Сети\Яночка Корниловская\zd3v2pQBp4Y.jpg (335d5d21)
OK: P:\Photo\Из Сети\Яночка Корниловская\zkhMBMsO8aM.jpg
✅ CRC OK: P:\Photo\Из Сети\Яночка Корниловская\zkhMBMsO8aM.jpg (c809a7a2)
OK: P:\Photo\Из Сети\Яночка Корниловская\ёё.jpg
✅ CRC OK: P:\Photo\Из Сети\Яночка Корниловская\ёё.jpg (4c0b64e6)
OK: P:\Photo\Из Сети\Яночка Корниловская\ёёё.jpg
✅ CRC OK: P:\Photo\Из Сети\Яночка Корниловская\ёёё.jpg (b6a7ce28)

=== Integrity Check Summary ===
Files Checked: 6918
Missing Files: 0
CRC Mismatches: 1
Renamed Files: 0
Completed: 2025-11-23T09:30:59.132Z
================================